batter,player_name,game_date,PA,Pitches_seen,EV,Max_EV,LA,Barrel,Hard_Hit,Sweet_Spot,Total_BIP,xBA,xSLG,xwOBA,Whiff,Swing,Bat_Speed,Swing_Length,Attack_Angle,Barrel_pct,Hard_Hit_pct,Sweet_Spot_pct,Whiff_pct
456781,Donovan Solano,2025-09-27,3,9,97.2,97.2,18.0,0,1,1,1,0.403,0.613,0.142,3,4,66.48,6.74,4.33,0.0,100.0,100.0,75.0
543309,Kyle Higashioka,2025-03-27,4,14,98.15,109.3,27.667,1,3,2,6,0.212,0.778,0.402,3,9,72.0,7.42,16.84,16.7,50.0,33.3,33.3
543309,Kyle Higashioka,2025-03-30,3,8,95.4,106.5,-2.667,0,2,1,3,0.427,0.529,0.422,0,3,73.9,7.0,4.31,0.0,66.7,33.3,0.0
543309,Kyle Higashioka,2025-04-01,4,25,86.48,95.6,32.0,0,1,1,5,0.008,0.009,0.35,1,7,71.29,7.14,10.48,0.0,20.0,20.0,14.3
543309,Kyle Higashioka,2025-04-04,3,6,91.9,96.8,29.0,0,1,1,2,0.477,0.589,0.311,1,4,60.48,6.72,12.65,0.0,50.0,50.0,25.0
543309,Kyle Higashioka,2025-04-05,4,15,86.26,99.4,31.6,0,1,0,5,0.163,0.2,0.111,0,5,73.94,7.36,20.87,0.0,20.0,0.0,0.0
543309,Kyle Higashioka,2025-04-07,3,9,100.933,103.1,13.333,0,3,3,3,0.689,0.882,0.677,0,3,70.6,6.6,10.92,0.0,100.0,100.0,0.0
543309,Kyle Higashioka,2025-04-09,4,17,82.925,97.5,5.75,0,1,0,4,0.244,0.267,0.227,2,6,69.05,7.58,16.83,0.0,25.0,0.0,33.3
543309,Kyle Higashioka,2025-04-13,3,12,71.32,94.6,-0.4,0,0,2,5,0.126,0.126,0.077,1,6,64.52,6.45,3.72,0.0,0.0,40.0,16.7
543309,Kyle Higashioka,2025-04-15,3,11,98.133,106.7,26.0,2,2,2,3,0.614,1.952,0.7,2,6,66.2,6.85,5.98,66.7,66.7,66.7,33.3
543309,Kyle Higashioka,2025-04-17,4,10,75.14,86.3,39.8,0,0,3,5,0.334,0.379,0.312,0,5,67.28,6.78,11.56,0.0,0.0,60.0,0.0
543309,Kyle Higashioka,2025-04-19,3,9,93.7,100.7,32.667,1,2,1,3,0.56,1.23,0.497,1,4,71.28,7.2,13.97,33.3,66.7,33.3,25.0
543309,Kyle Higashioka,2025-04-22,4,10,80.4,87.5,14.667,0,0,0,3,0.034,0.034,0.025,1,4,65.62,6.8,10.68,0.0,0.0,0.0,25.0
543309,Kyle Higashioka,2025-04-23,3,10,89.0,99.7,1.25,0,2,1,4,0.49,0.582,0.314,2,7,67.63,6.96,16.47,0.0,50.0,25.0,28.6
543309,Kyle Higashioka,2025-04-25,3,18,86.4,104.3,19.0,0,2,1,7,0.047,0.102,0.043,0,9,66.56,7.49,15.27,0.0,28.6,14.3,0.0
543309,Kyle Higashioka,2025-04-26,4,16,75.26,100.7,8.2,0,1,1,5,0.296,0.327,0.278,0,5,58.6,6.0,0.17,0.0,20.0,20.0,0.0
543309,Kyle Higashioka,2025-04-28,3,13,85.175,101.8,40.5,1,2,2,4,0.387,1.247,0.439,0,5,72.46,7.28,14.92,25.0,50.0,50.0,0.0
543309,Kyle Higashioka,2025-04-29,6,27,82.173,106.9,27.273,0,2,4,11,0.132,0.264,0.14,1,13,70.06,7.2,14.67,0.0,18.2,36.4,7.7
543309,Kyle Higashioka,2025-05-13,2,5,92.2,98.9,44.5,0,1,0,2,0.058,0.206,0.107,0,2,72.1,7.25,16.13,0.0,50.0,0.0,0.0
543309,Kyle Higashioka,2025-05-14,4,15,78.3,100.7,2.375,0,2,2,8,0.411,0.461,0.287,2,10,69.9,7.48,15.2,0.0,25.0,25.0,20.0
543309,Kyle Higashioka,2025-05-17,4,20,78.275,98.1,15.5,0,1,0,4,0.094,0.113,0.217,4,9,69.23,7.79,20.61,0.0,25.0,0.0,44.4
543309,Kyle Higashioka,2025-05-21,3,11,96.725,103.2,6.0,0,2,1,4,0.234,0.325,0.234,0,4,69.95,6.4,-2.94,0.0,50.0,25.0,0.0
543309,Kyle Higashioka,2025-05-22,2,7,,,,0,0,0,0,,,0.0,3,3,66.33,8.7,30.68,0.0,0.0,0.0,100.0
543309,Kyle Higashioka,2025-05-23,1,3,85.1,85.1,33.0,0,0,0,1,0.015,0.031,0.016,0,1,65.8,8.0,15.23,0.0,0.0,0.0,0.0
543309,Kyle Higashioka,2025-05-24,2,5,81.4,81.4,6.0,0,0,0,1,0.313,0.369,0.284,0,2,70.8,6.7,1.98,0.0,0.0,0.0,0.0
543309,Kyle Higashioka,2025-05-25,4,17,86.35,98.8,21.5,1,1,1,4,0.324,0.854,0.41,2,6,62.78,7.08,12.28,25.0,25.0,25.0,33.3
543309,Kyle Higashioka,2025-05-27,3,9,68.3,77.1,9.333,0,0,1,3,0.353,0.39,0.326,1,4,66.4,7.08,12.73,0.0,0.0,33.3,25.0
543309,Kyle Higashioka,2025-05-28,2,6,87.05,88.5,52.0,0,0,0,2,0.013,0.02,0.007,0,2,69.55,7.6,11.29,0.0,0.0,0.0,0.0
543309,Kyle Higashioka,2025-05-30,4,24,82.075,100.5,37.125,0,2,1,8,0.398,0.434,0.354,4,12,71.7,7.51,12.76,0.0,25.0,12.5,33.3
543309,Kyle Higashioka,2025-05-31,3,15,81.175,95.5,34.25,0,1,0,4,0.074,0.129,0.055,2,6,67.23,7.4,12.1,0.0,25.0,0.0,33.3
543309,Kyle Higashioka,2025-06-03,3,10,85.3,94.8,22.6,0,0,1,5,0.205,0.208,0.186,1,6,71.52,6.38,4.01,0.0,0.0,20.0,16.7
543309,Kyle Higashioka,2025-06-06,3,8,89.767,100.1,41.333,0,1,0,3,0.145,0.175,0.328,0,3,74.37,7.23,13.54,0.0,33.3,0.0,0.0
543309,Kyle Higashioka,2025-06-07,4,18,79.843,103.4,19.0,0,1,3,7,0.212,0.445,0.375,1,8,70.11,7.05,10.11,0.0,14.3,42.9,12.5
543309,Kyle Higashioka,2025-06-10,5,13,96.425,103.6,3.5,0,2,2,4,0.379,0.503,0.304,0,4,69.58,7.1,10.22,0.0,50.0,50.0,0.0
543309,Kyle Higashioka,2025-06-12,5,21,88.967,102.2,26.833,0,2,1,6,0.208,0.303,0.175,1,7,72.47,7.46,17.93,0.0,33.3,16.7,14.3
543309,Kyle Higashioka,2025-06-15,4,10,89.45,101.0,34.5,0,1,2,4,0.13,0.229,0.149,1,5,64.7,7.22,14.9,0.0,25.0,50.0,20.0
543309,Kyle Higashioka,2025-06-18,4,20,83.589,104.5,8.889,0,2,4,9,0.454,0.5,0.565,1,10,68.44,6.84,11.23,0.0,22.2,44.4,10.0
543309,Kyle Higashioka,2025-06-21,3,14,86.125,100.2,17.0,0,1,2,4,0.429,0.604,0.287,0,5,59.06,6.76,11.01,0.0,25.0,50.0,0.0
543309,Kyle Higashioka,2025-06-23,3,11,75.88,81.8,22.0,0,0,2,5,0.339,0.384,0.213,2,7,71.37,7.76,17.79,0.0,0.0,40.0,28.6
543309,Kyle Higashioka,2025-06-24,5,28,83.125,103.2,15.25,0,2,3,8,0.348,0.785,0.422,1,9,66.66,6.96,9.7,0.0,25.0,37.5,11.1
543309,Kyle Higashioka,2025-06-27,1,4,85.0,85.0,52.0,0,0,0,1,0.013,0.016,0.011,0,1,73.3,7.4,13.98,0.0,0.0,0.0,0.0
543309,Kyle Higashioka,2025-06-28,3,13,97.6,99.7,-7.5,0,2,1,2,0.247,0.896,0.385,1,6,73.28,7.4,14.58,0.0,100.0,50.0,16.7
543309,Kyle Higashioka,2025-06-29,5,26,84.37,105.7,49.0,0,2,1,10,0.08,0.293,0.089,4,14,68.56,7.01,12.63,0.0,20.0,10.0,28.6
543309,Kyle Higashioka,2025-06-30,4,17,94.125,106.5,12.75,0,3,2,4,0.681,0.88,0.511,1,5,66.78,7.34,9.81,0.0,75.0,50.0,20.0
543309,Kyle Higashioka,2025-07-04,4,16,83.58,98.3,29.0,0,1,3,5,0.124,0.245,0.117,0,5,70.84,7.14,9.88,0.0,20.0,60.0,0.0
543309,Kyle Higashioka,2025-07-05,4,16,89.0,103.2,13.857,0,2,2,7,0.212,0.467,0.213,1,8,67.97,7.25,12.81,0.0,28.6,28.6,12.5
543309,Kyle Higashioka,2025-07-06,3,10,76.475,97.7,4.75,0,1,1,4,0.144,0.323,0.186,0,5,66.74,7.18,10.81,0.0,25.0,25.0,0.0
543309,Kyle Higashioka,2025-07-08,5,16,92.16,103.4,11.0,1,2,2,5,0.292,0.555,0.285,2,7,64.81,7.13,10.34,20.0,40.0,40.0,28.6
543309,Kyle Higashioka,2025-07-09,4,11,89.175,98.1,43.5,1,1,2,4,0.274,0.554,0.351,0,4,74.13,7.2,12.43,25.0,25.0,50.0,0.0
543309,Kyle Higashioka,2025-07-11,4,21,86.311,100.5,4.333,0,3,2,9,0.48,0.562,0.402,1,10,69.27,7.02,10.25,0.0,33.3,22.2,10.0
543309,Kyle Higashioka,2025-07-12,5,23,80.833,98.2,-4.167,0,1,1,6,0.121,0.191,0.08,3,10,66.52,7.33,16.37,0.0,16.7,16.7,30.0
543309,Kyle Higashioka,2025-07-13,4,11,86.8,99.3,3.0,0,2,3,4,0.633,0.753,0.457,1,5,70.16,7.34,12.84,0.0,50.0,75.0,20.0
543309,Kyle Higashioka,2025-07-18,3,6,93.867,100.7,16.667,0,1,3,3,0.623,0.8,0.616,0,3,71.67,7.03,6.51,0.0,33.3,100.0,0.0
543309,Kyle Higashioka,2025-07-19,3,12,89.1,103.8,23.0,0,3,2,6,0.39,0.477,0.25,0,6,72.3,7.25,15.11,0.0,50.0,33.3,0.0
543309,Kyle Higashioka,2025-07-20,3,13,85.067,104.4,13.333,0,1,3,3,0.426,0.656,0.312,3,6,71.17,7.22,10.02,0.0,33.3,100.0,50.0
543309,Kyle Higashioka,2025-07-21,5,20,85.783,106.4,55.833,1,1,2,6,0.284,1.102,0.422,4,10,72.06,7.67,17.15,16.7,16.7,33.3,40.0
543309,Kyle Higashioka,2025-07-22,3,7,99.5,108.8,12.333,0,2,2,3,0.496,0.623,0.479,0,3,70.37,6.77,8.72,0.0,66.7,66.7,0.0
543309,Kyle Higashioka,2025-07-29,4,23,79.464,107.3,28.182,1,3,4,11,0.536,1.445,0.611,1,12,71.37,7.08,8.13,9.1,27.3,36.4,8.3
543309,Kyle Higashioka,2025-07-30,4,10,80.7,98.5,0.5,1,2,2,4,0.448,0.831,0.407,0,5,66.02,6.84,3.38,25.0,50.0,50.0,0.0
543309,Kyle Higashioka,2025-07-31,3,10,63.45,67.6,49.5,0,0,0,4,0.237,0.237,0.142,2,6,67.23,6.73,9.04,0.0,0.0,0.0,33.3
543309,Kyle Higashioka,2025-08-02,5,22,78.122,99.5,32.889,0,2,1,9,0.44,0.846,0.468,2,11,70.1,6.94,7.11,0.0,22.2,11.1,18.2
543309,Kyle Higashioka,2025-08-03,3,8,90.633,104.8,5.333,0,2,0,3,0.184,0.186,0.111,1,4,69.8,6.95,5.55,0.0,66.7,0.0,25.0
543309,Kyle Higashioka,2025-08-04,1,4,71.767,81.3,-25.667,0,0,0,3,0.035,0.035,0.036,0,3,68.47,7.93,17.22,0.0,0.0,0.0,0.0
543309,Kyle Higashioka,2025-08-06,4,13,79.32,95.5,23.0,0,1,1,5,0.363,0.376,0.246,0,5,69.88,6.72,7.65,0.0,20.0,20.0,0.0
543309,Kyle Higashioka,2025-08-08,4,14,91.375,106.3,36.0,2,2,2,4,0.46,1.498,0.396,1,7,63.39,6.96,9.7,50.0,50.0,50.0,14.3
543309,Kyle Higashioka,2025-08-10,4,12,76.3,92.2,2.0,0,0,2,3,0.692,0.776,0.322,3,6,68.98,7.63,15.7,0.0,0.0,66.7,50.0
543309,Kyle Higashioka,2025-08-12,4,22,90.671,105.0,23.714,1,4,4,7,0.378,0.831,0.551,1,8,69.06,6.91,7.32,14.3,57.1,57.1,12.5
543309,Kyle Higashioka,2025-08-15,4,16,96.5,102.4,24.5,1,1,2,2,0.34,1.108,0.292,4,6,60.67,7.43,18.08,50.0,50.0,100.0,66.7
543309,Kyle Higashioka,2025-08-16,3,15,72.925,86.6,34.875,0,0,1,8,0.357,0.38,0.215,0,9,66.7,7.17,11.71,0.0,0.0,12.5,0.0
543309,Kyle Higashioka,2025-08-20,5,21,94.633,101.3,8.333,0,4,1,6,0.338,0.456,0.344,2,9,69.91,7.24,15.22,0.0,66.7,16.7,22.2
543309,Kyle Higashioka,2025-08-21,2,8,66.7,66.7,5.0,0,0,0,1,,,0.0,1,4,55.75,7.68,14.57,0.0,0.0,0.0,25.0
543309,Kyle Higashioka,2025-08-22,3,16,72.067,75.8,7.333,0,0,0,6,0.046,0.046,0.029,3,9,69.97,6.71,10.99,0.0,0.0,0.0,33.3
543309,Kyle Higashioka,2025-08-23,4,15,83.1,97.1,24.857,0,2,3,7,0.199,0.393,0.19,0,7,70.09,7.37,10.59,0.0,28.6,42.9,0.0
543309,Kyle Higashioka,2025-08-24,4,22,80.88,103.4,40.4,0,1,1,5,0.212,0.25,0.277,2,8,66.61,7.0,9.63,0.0,20.0,20.0,25.0
543309,Kyle Higashioka,2025-08-26,4,17,83.4,105.2,16.667,1,1,2,6,0.265,1.002,0.384,1,8,62.54,7.01,11.85,16.7,16.7,33.3,12.5
543309,Kyle Higashioka,2025-08-27,6,21,75.19,102.6,18.6,1,3,4,10,0.348,0.66,0.351,1,11,70.43,7.3,12.39,10.0,30.0,40.0,9.1
543309,Kyle Higashioka,2025-08-29,4,10,84.85,89.9,11.0,0,0,2,4,0.442,0.53,0.417,0,4,72.57,6.67,6.29,0.0,0.0,50.0,0.0
543309,Kyle Higashioka,2025-08-30,5,16,86.417,105.6,13.833,1,3,3,6,0.444,0.672,0.484,0,7,67.79,7.47,12.93,16.7,50.0,50.0,0.0
543309,Kyle Higashioka,2025-09-01,4,21,86.25,95.4,27.5,0,1,2,4,0.252,0.352,0.303,3,7,63.57,7.2,10.13,0.0,25.0,50.0,42.9
543309,Kyle Higashioka,2025-09-03,4,14,80.933,104.4,12.833,0,3,3,6,0.05,0.052,0.024,0,7,71.27,7.47,14.29,0.0,50.0,50.0,0.0
543309,Kyle Higashioka,2025-09-05,5,15,68.583,97.5,10.833,0,1,1,6,0.206,0.229,0.288,0,6,71.35,7.52,17.84,0.0,16.7,16.7,0.0
543309,Kyle Higashioka,2025-09-07,3,7,82.2,88.9,9.2,0,0,0,5,0.054,0.061,0.053,0,5,72.24,7.24,14.02,0.0,0.0,0.0,0.0
543309,Kyle Higashioka,2025-09-08,3,14,73.7,106.2,5.25,1,1,1,4,0.314,0.897,0.502,0,5,67.68,7.34,13.71,25.0,25.0,25.0,0.0
543309,Kyle Higashioka,2025-09-09,2,9,80.733,99.2,37.667,0,1,1,3,0.785,0.88,0.708,1,4,64.92,6.98,4.91,0.0,33.3,33.3,25.0
543309,Kyle Higashioka,2025-09-10,4,12,80.233,94.7,23.333,0,0,0,3,0.028,0.041,0.016,3,7,72.3,7.56,15.33,0.0,0.0,0.0,42.9
543309,Kyle Higashioka,2025-09-14,4,17,86.375,107.5,14.0,0,1,3,4,0.346,0.473,0.26,4,11,66.23,6.55,4.38,0.0,25.0,75.0,36.4
543309,Kyle Higashioka,2025-09-15,1,1,93.1,93.1,1.0,0,0,0,1,0.392,0.411,0.353,0,1,75.5,7.1,9.43,0.0,0.0,0.0,0.0
543309,Kyle Higashioka,2025-09-16,5,18,80.443,107.1,54.0,0,1,2,7,0.404,0.504,0.312,3,10,70.95,7.14,12.07,0.0,14.3,28.6,30.0
543309,Kyle Higashioka,2025-09-17,1,4,,,,0,0,0,0,,,0.691,0,0,,,,0.0,0.0,0.0,0.0
543309,Kyle Higashioka,2025-09-20,4,16,83.2,106.3,46.0,1,1,1,2,0.396,1.48,0.553,1,3,61.03,6.9,4.68,50.0,50.0,50.0,33.3
543309,Kyle Higashioka,2025-09-21,1,5,82.4,82.4,65.0,0,0,0,1,,,0.0,1,2,62.53,6.1,2.8,0.0,0.0,0.0,50.0
543309,Kyle Higashioka,2025-09-23,3,11,87.35,102.0,30.5,0,1,0,2,0.524,0.599,0.163,1,4,59.18,6.92,4.95,0.0,50.0,0.0,25.0
543309,Kyle Higashioka,2025-09-25,3,24,87.825,104.0,52.75,0,1,0,4,0.023,0.023,0.007,3,11,71.65,7.53,17.35,0.0,25.0,0.0,27.3
543309,Kyle Higashioka,2025-09-27,4,14,73.7,85.1,35.333,0,0,2,3,0.546,0.604,0.253,4,7,66.01,7.41,17.2,0.0,0.0,66.7,57.1
543760,Marcus Semien,2025-03-27,4,20,77.25,106.4,13.0,0,1,1,4,0.597,0.661,0.182,3,9,60.56,7.42,11.47,0.0,25.0,25.0,33.3
543760,Marcus Semien,2025-03-28,4,14,91.36,105.0,-7.6,1,3,1,5,0.271,0.54,0.338,1,6,72.7,7.6,11.6,20.0,60.0,20.0,16.7
543760,Marcus Semien,2025-03-29,4,26,73.208,91.4,26.417,0,0,2,12,0.217,0.249,0.154,2,14,64.36,7.92,20.21,0.0,0.0,16.7,14.3
543760,Marcus Semien,2025-03-30,4,14,80.033,97.6,6.833,0,1,1,6,0.096,0.104,0.091,1,7,55.63,7.37,19.22,0.0,16.7,16.7,14.3
543760,Marcus Semien,2025-03-31,4,21,78.767,84.1,15.667,0,0,0,3,0.005,0.005,0.174,5,8,64.69,7.73,16.19,0.0,0.0,0.0,62.5
543760,Marcus Semien,2025-04-01,4,18,85.44,101.1,4.2,0,1,2,5,0.333,0.378,0.23,1,6,67.5,7.92,20.54,0.0,20.0,40.0,16.7
543760,Marcus Semien,2025-04-02,4,14,81.52,92.1,7.0,0,0,3,5,0.322,0.39,0.405,2,8,69.25,7.59,13.85,0.0,0.0,60.0,25.0
543760,Marcus Semien,2025-04-04,4,18,75.06,103.6,10.9,0,1,2,10,0.458,0.724,0.376,1,11,64.78,7.67,17.86,0.0,10.0,20.0,9.1
543760,Marcus Semien,2025-04-05,4,18,97.175,101.8,-3.0,1,2,2,4,0.615,2.361,0.474,4,8,66.75,7.76,20.96,25.0,50.0,50.0,50.0
543760,Marcus Semien,2025-04-06,4,22,70.1,86.3,2.375,0,0,0,8,0.084,0.091,0.04,4,13,60.73,7.19,11.49,0.0,0.0,0.0,30.8
543760,Marcus Semien,2025-04-07,3,9,85.983,96.6,52.667,0,1,0,6,0.012,0.014,0.007,1,7,68.41,7.47,18.09,0.0,16.7,0.0,14.3
543760,Marcus Semien,2025-04-08,5,17,84.543,98.8,16.714,0,1,0,7,0.112,0.123,0.104,3,11,64.35,7.53,14.95,0.0,14.3,0.0,27.3
543760,Marcus Semien,2025-04-09,5,11,93.15,102.4,19.0,0,2,2,4,0.358,0.542,0.447,1,6,69.28,7.83,21.12,0.0,50.0,50.0,16.7
543760,Marcus Semien,2025-04-11,5,23,80.092,98.3,10.583,0,1,0,12,0.201,0.214,0.185,1,13,67.77,7.69,18.65,0.0,8.3,0.0,7.7
543760,Marcus Semien,2025-04-12,4,12,81.35,91.6,-10.0,0,0,0,4,0.225,0.235,0.328,1,5,63.92,7.46,11.35,0.0,0.0,0.0,20.0
543760,Marcus Semien,2025-04-15,4,15,90.02,99.9,16.8,0,3,1,5,0.316,0.439,0.399,0,5,69.22,7.9,17.13,0.0,60.0,20.0,0.0
543760,Marcus Semien,2025-04-16,4,13,86.36,110.0,7.2,1,2,1,5,0.468,1.042,0.647,0,5,68.55,7.52,16.89,20.0,40.0,20.0,0.0
543760,Marcus Semien,2025-04-17,4,16,78.789,101.9,26.444,0,2,0,9,0.073,0.106,0.078,1,10,70.36,7.75,15.05,0.0,22.2,0.0,10.0
543760,Marcus Semien,2025-04-18,4,14,80.05,87.2,43.0,0,0,1,4,0.507,0.586,0.242,3,7,68.3,7.83,12.36,0.0,0.0,25.0,42.9
543760,Marcus Semien,2025-04-19,4,12,84.917,95.4,33.333,0,1,2,6,0.274,0.353,0.273,0,6,66.62,7.44,19.27,0.0,16.7,33.3,0.0
543760,Marcus Semien,2025-04-20,4,11,86.575,102.6,33.25,2,2,3,4,0.475,1.596,0.595,0,4,70.57,7.2,8.45,50.0,50.0,75.0,0.0
543760,Marcus Semien,2025-04-22,5,21,81.95,103.1,26.625,1,1,3,8,0.267,0.904,0.499,1,9,69.57,7.5,11.56,12.5,12.5,37.5,11.1
543760,Marcus Semien,2025-04-23,4,18,79.74,93.1,45.0,0,0,1,5,0.079,0.171,0.052,2,7,67.06,7.47,4.2,0.0,0.0,20.0,28.6
543760,Marcus Semien,2025-04-24,4,20,75.583,93.7,-18.5,0,0,0,6,0.156,0.206,0.25,1,7,69.46,8.1,22.2,0.0,0.0,0.0,14.3
543760,Marcus Semien,2025-04-25,4,14,80.133,100.2,-3.667,1,2,1,6,0.339,0.833,0.369,2,9,66.8,7.99,21.28,16.7,33.3,16.7,22.2
543760,Marcus Semien,2025-04-26,4,19,86.375,100.5,3.25,0,2,3,4,0.494,0.906,0.291,5,9,69.63,8.12,18.22,0.0,50.0,75.0,55.6
543760,Marcus Semien,2025-04-27,4,14,80.525,100.7,23.75,0,1,0,4,0.312,0.372,0.225,1,7,63.63,7.74,16.11,0.0,25.0,0.0,14.3
543760,Marcus Semien,2025-04-28,4,14,76.62,88.1,19.8,0,0,3,5,0.664,0.726,0.482,1,6,68.63,7.73,14.07,0.0,0.0,60.0,16.7
543760,Marcus Semien,2025-04-29,5,15,93.25,101.1,15.25,1,2,3,4,0.68,0.974,0.709,0,4,69.12,7.77,12.48,25.0,50.0,75.0,0.0
543760,Marcus Semien,2025-04-30,4,17,76.829,104.3,3.429,0,1,4,7,0.466,0.615,0.407,2,9,66.1,7.89,15.15,0.0,14.3,57.1,22.2
543760,Marcus Semien,2025-05-01,4,20,68.28,94.4,13.8,0,0,2,5,0.461,0.525,0.452,1,6,61.82,7.1,5.92,0.0,0.0,40.0,16.7
543760,Marcus Semien,2025-05-02,2,12,87.4,108.6,59.25,0,1,1,4,0.005,0.007,0.002,2,7,68.49,8.03,21.31,0.0,25.0,25.0,28.6
543760,Marcus Semien,2025-05-03,4,12,90.8,97.2,5.5,0,1,1,4,0.099,0.169,0.255,1,5,61.12,7.92,17.01,0.0,25.0,25.0,20.0
543760,Marcus Semien,2025-05-04,4,14,80.325,96.4,36.25,0,1,3,4,0.584,0.781,0.295,3,8,68.89,8.19,25.31,0.0,25.0,75.0,37.5
543760,Marcus Semien,2025-05-06,6,23,83.967,100.2,7.0,0,1,2,6,0.309,0.376,0.238,4,11,67.03,7.93,18.59,0.0,16.7,33.3,36.4
543760,Marcus Semien,2025-05-07,4,12,85.167,104.4,28.667,0,3,1,6,0.359,0.462,0.356,1,7,68.56,7.37,10.98,0.0,50.0,16.7,14.3
543760,Marcus Semien,2025-05-08,4,13,81.733,94.2,26.0,0,0,1,6,0.128,0.224,0.108,2,8,67.04,7.96,19.08,0.0,0.0,16.7,25.0
543760,Marcus Semien,2025-05-09,3,20,67.162,87.0,19.625,0,0,2,8,0.308,0.369,0.093,5,13,68.26,7.8,12.62,0.0,0.0,25.0,38.5
543760,Marcus Semien,2025-05-10,5,23,79.471,108.6,13.857,0,2,3,7,0.317,0.71,0.447,2,10,66.8,8.13,17.97,0.0,28.6,42.9,20.0
543760,Marcus Semien,2025-05-11,5,20,85.567,103.5,40.333,1,3,3,9,0.334,0.88,0.397,2,11,66.71,7.59,13.61,11.1,33.3,33.3,18.2
543760,Marcus Semien,2025-05-12,3,12,76.12,98.5,28.0,0,1,1,5,0.032,0.033,0.02,0,5,65.98,7.95,14.02,0.0,20.0,20.0,0.0
543760,Marcus Semien,2025-05-13,4,18,77.957,96.8,8.714,0,1,1,7,0.516,0.623,0.422,3,11,63.22,7.96,20.2,0.0,14.3,14.3,27.3
543760,Marcus Semien,2025-05-14,5,25,75.071,102.1,23.429,1,2,6,14,0.558,1.418,0.49,4,19,67.71,7.64,16.87,7.1,14.3,42.9,21.1
543760,Marcus Semien,2025-05-15,3,10,82.8,90.1,64.0,0,0,1,4,0.005,0.005,0.002,1,6,72.12,7.38,10.79,0.0,0.0,25.0,16.7
543760,Marcus Semien,2025-05-16,4,17,80.7,95.0,44.8,0,1,0,5,0.017,0.025,0.19,4,9,61.96,7.97,16.87,0.0,20.0,0.0,44.4
543760,Marcus Semien,2025-05-17,4,11,90.2,105.6,-10.5,0,1,1,2,0.424,0.508,0.376,2,5,66.28,8.36,23.59,0.0,50.0,50.0,40.0
543760,Marcus Semien,2025-05-18,4,21,87.64,96.8,24.2,0,1,0,5,0.038,0.131,0.363,2,7,66.74,7.47,11.04,0.0,20.0,0.0,28.6
543760,Marcus Semien,2025-05-20,4,18,77.3,101.8,14.714,0,2,1,7,0.302,0.303,0.136,1,8,65.28,7.52,12.88,0.0,28.6,14.3,12.5
543760,Marcus Semien,2025-05-21,4,15,76.2,79.8,23.333,0,0,2,3,0.332,0.416,0.342,2,6,62.0,7.03,6.5,0.0,0.0,66.7,33.3
543760,Marcus Semien,2025-05-22,4,13,90.96,98.0,14.4,0,2,3,5,0.235,0.36,0.255,1,7,67.27,7.46,12.54,0.0,40.0,60.0,14.3
543760,Marcus Semien,2025-05-23,3,10,81.04,102.5,41.4,1,1,2,5,0.24,0.873,0.453,0,5,64.8,7.74,9.59,20.0,20.0,40.0,0.0
543760,Marcus Semien,2025-05-24,4,15,81.417,101.3,36.333,1,1,2,6,0.049,0.147,0.426,0,6,67.98,7.57,14.63,16.7,16.7,33.3,0.0
543760,Marcus Semien,2025-05-25,4,13,86.533,104.3,25.0,0,2,1,6,0.453,0.538,0.322,1,7,67.64,7.67,12.52,0.0,33.3,16.7,14.3
543760,Marcus Semien,2025-05-26,3,15,78.414,101.8,3.571,0,1,2,7,0.139,0.25,0.157,1,9,65.66,7.89,19.05,0.0,14.3,28.6,11.1
543760,Marcus Semien,2025-05-27,3,6,81.1,89.1,10.0,0,0,2,3,0.272,0.363,0.272,1,5,64.16,8.1,17.03,0.0,0.0,66.7,20.0
543760,Marcus Semien,2025-05-28,3,10,79.125,90.3,55.25,0,0,0,4,0.019,0.044,0.018,0,5,70.3,7.28,13.47,0.0,0.0,0.0,0.0
543760,Marcus Semien,2025-05-30,4,16,100.275,108.7,15.5,1,3,2,4,0.714,1.225,0.827,1,6,72.32,7.58,14.2,25.0,75.0,50.0,16.7
543760,Marcus Semien,2025-05-31,3,12,77.967,87.1,5.667,0,0,2,3,0.815,0.957,0.49,5,8,64.05,7.84,21.33,0.0,0.0,66.7,62.5
543760,Marcus Semien,2025-06-01,4,23,81.971,100.3,37.571,0,1,3,7,0.502,0.97,0.655,1,9,67.16,7.84,13.85,0.0,14.3,42.9,11.1
543760,Marcus Semien,2025-06-03,3,11,101.4,101.4,0.0,0,1,0,1,0.443,0.489,0.367,1,2,52.4,6.85,-1.38,0.0,100.0,0.0,50.0
543760,Marcus Semien,2025-06-04,4,14,89.267,92.8,20.0,0,0,2,3,0.732,0.815,0.338,3,6,64.43,7.36,12.08,0.0,0.0,66.7,50.0
543760,Marcus Semien,2025-06-05,4,17,93.025,103.5,30.0,0,3,2,4,0.367,0.792,0.364,2,6,69.63,7.65,20.62,0.0,75.0,50.0,33.3
543760,Marcus Semien,2025-06-06,4,15,87.725,97.9,14.75,0,2,0,4,0.158,0.169,0.108,0,5,61.42,7.36,14.89,0.0,50.0,0.0,0.0
543760,Marcus Semien,2025-06-07,4,13,93.75,104.6,21.5,0,3,3,4,0.569,0.784,0.605,0,4,69.2,7.38,10.37,0.0,75.0,75.0,0.0
543760,Marcus Semien,2025-06-08,4,17,70.057,94.2,9.714,0,0,3,7,0.314,0.329,0.286,0,7,65.27,7.44,11.98,0.0,0.0,42.9,0.0
543760,Marcus Semien,2025-06-10,5,19,84.688,103.8,15.125,0,3,1,8,0.403,0.497,0.449,0,8,69.94,7.6,11.33,0.0,37.5,12.5,0.0
543760,Marcus Semien,2025-06-11,4,10,88.12,104.5,41.6,1,2,3,5,0.394,0.959,0.566,1,6,68.6,7.54,16.22,20.0,40.0,60.0,16.7
543760,Marcus Semien,2025-06-12,5,20,80.9,101.9,28.25,1,1,2,8,0.317,0.698,0.429,0,10,70.53,7.78,16.15,12.5,12.5,25.0,0.0
543760,Marcus Semien,2025-06-13,4,20,77.989,100.0,30.0,0,2,1,9,0.223,0.244,0.209,0,9,68.51,7.59,11.32,0.0,22.2,11.1,0.0
543760,Marcus Semien,2025-06-14,6,15,82.883,103.1,0.5,0,2,3,6,0.337,0.415,0.325,1,7,68.0,7.87,17.72,0.0,33.3,50.0,14.3
543760,Marcus Semien,2025-06-15,4,18,82.725,95.6,42.25,0,2,1,4,0.414,0.512,0.414,2,7,67.84,8.12,19.44,0.0,50.0,25.0,28.6
543760,Marcus Semien,2025-06-17,4,15,79.675,87.3,35.25,0,0,1,4,0.425,0.485,0.474,1,5,66.74,7.8,17.4,0.0,0.0,25.0,20.0
543760,Marcus Semien,2025-06-18,4,15,87.84,95.9,10.8,0,1,2,5,0.259,0.318,0.121,3,8,70.18,8.01,21.65,0.0,20.0,40.0,37.5
543760,Marcus Semien,2025-06-19,4,21,84.28,97.8,13.1,0,1,0,10,0.275,0.306,0.188,1,12,68.18,7.88,17.19,0.0,10.0,0.0,8.3
543760,Marcus Semien,2025-06-20,5,21,87.588,103.6,29.5,1,2,5,8,0.312,0.568,0.373,1,10,68.76,7.75,14.36,12.5,25.0,62.5,10.0
543760,Marcus Semien,2025-06-21,4,16,76.862,88.5,-5.875,0,0,1,8,0.21,0.256,0.279,0,8,64.91,7.48,12.35,0.0,0.0,12.5,0.0
543760,Marcus Semien,2025-06-22,4,13,87.35,104.7,46.5,0,1,0,4,0.22,0.26,0.333,0,4,69.03,7.5,9.64,0.0,25.0,0.0,0.0
543760,Marcus Semien,2025-06-23,4,23,77.444,89.6,-2.444,0,0,2,9,0.117,0.118,0.08,2,12,68.2,7.86,20.43,0.0,0.0,22.2,16.7
543760,Marcus Semien,2025-06-24,5,19,74.017,95.9,8.167,0,1,0,6,0.18,0.182,0.132,2,9,63.76,7.86,18.99,0.0,16.7,0.0,22.2
543760,Marcus Semien,2025-06-25,4,8,95.78,103.3,22.0,0,4,4,5,0.456,0.701,0.493,0,5,68.5,7.65,17.54,0.0,80.0,80.0,0.0
543760,Marcus Semien,2025-06-27,6,20,83.882,102.1,28.545,2,2,4,11,0.27,0.902,0.316,3,14,65.76,7.31,9.84,18.2,18.2,36.4,21.4
543760,Marcus Semien,2025-06-28,5,24,74.117,101.8,21.667,0,1,3,6,0.406,0.502,0.239,6,12,66.14,7.47,11.8,0.0,16.7,50.0,50.0
543760,Marcus Semien,2025-06-29,6,20,85.945,106.1,25.545,0,2,3,11,0.197,0.254,0.161,1,13,69.67,7.68,18.81,0.0,18.2,27.3,7.7
543760,Marcus Semien,2025-06-30,5,18,85.433,108.4,6.167,1,2,2,6,0.623,1.587,0.829,0,6,69.1,8.18,17.43,16.7,33.3,33.3,0.0
543760,Marcus Semien,2025-07-01,5,21,91.78,101.8,32.6,0,3,2,5,0.525,0.767,0.608,0,5,68.5,7.4,16.95,0.0,60.0,40.0,0.0
543760,Marcus Semien,2025-07-02,4,8,94.033,104.0,32.667,1,1,2,3,0.267,0.924,0.362,1,4,70.27,7.83,19.79,33.3,33.3,66.7,25.0
543760,Marcus Semien,2025-07-04,5,14,84.92,98.0,14.2,0,1,2,5,0.227,0.393,0.295,2,7,68.63,7.79,15.09,0.0,20.0,40.0,28.6
543760,Marcus Semien,2025-07-05,5,16,81.82,95.9,21.0,0,1,2,5,0.128,0.177,0.134,2,7,68.03,7.67,15.92,0.0,20.0,40.0,28.6
543760,Marcus Semien,2025-07-06,4,12,86.54,106.7,20.0,0,2,1,5,0.46,0.547,0.332,3,8,64.27,7.53,13.41,0.0,40.0,20.0,37.5
543760,Marcus Semien,2025-07-07,5,19,80.88,88.0,-17.2,0,0,0,5,0.124,0.146,0.185,4,9,68.35,7.74,19.36,0.0,0.0,0.0,44.4
543760,Marcus Semien,2025-07-08,4,16,82.82,96.8,15.8,0,1,3,5,0.14,0.162,0.236,2,7,58.89,7.46,10.46,0.0,20.0,60.0,28.6
543760,Marcus Semien,2025-07-09,5,29,87.027,104.8,19.545,1,2,3,11,0.333,1.11,0.567,2,13,67.92,7.71,15.81,9.1,18.2,27.3,15.4
543760,Marcus Semien,2025-07-10,5,16,81.517,102.4,-2.167,0,2,1,6,0.472,0.55,0.358,2,9,61.15,7.03,7.31,0.0,33.3,16.7,22.2
543760,Marcus Semien,2025-07-11,5,23,75.05,96.1,50.5,0,1,0,6,0.013,0.028,0.151,4,11,67.71,7.7,16.12,0.0,16.7,0.0,36.4
543760,Marcus Semien,2025-07-12,5,13,88.4,105.1,5.0,1,1,1,5,0.529,1.044,0.535,1,7,70.7,7.69,18.02,20.0,20.0,20.0,14.3
543760,Marcus Semien,2025-07-13,4,18,94.867,108.0,38.0,0,1,2,3,0.078,0.174,0.054,4,8,60.85,7.57,14.34,0.0,33.3,66.7,50.0
543760,Marcus Semien,2025-07-18,4,14,88.45,103.2,28.167,0,2,2,6,0.164,0.48,0.264,1,7,69.97,7.84,13.54,0.0,33.3,33.3,14.3
543760,Marcus Semien,2025-07-19,4,18,82.875,88.6,24.25,0,0,0,4,0.006,0.008,0.176,3,7,60.29,7.31,11.92,0.0,0.0,0.0,42.9
543760,Marcus Semien,2025-07-20,4,13,75.0,90.5,18.5,0,0,1,4,0.038,0.041,0.019,1,6,69.42,8.1,19.93,0.0,0.0,25.0,16.7
543760,Marcus Semien,2025-07-21,4,16,81.5,90.7,41.75,0,0,1,4,0.017,0.032,0.184,3,7,66.45,7.4,10.87,0.0,0.0,25.0,42.9
543760,Marcus Semien,2025-07-22,4,16,87.15,100.9,27.333,0,1,2,6,0.225,0.671,0.37,1,7,67.74,7.47,9.3,0.0,16.7,33.3,14.3
543760,Marcus Semien,2025-07-23,3,16,86.325,95.5,52.25,0,1,0,4,0.062,0.118,0.077,2,6,67.2,7.67,17.02,0.0,25.0,0.0,33.3
543760,Marcus Semien,2025-07-25,5,22,79.762,100.5,20.5,0,1,3,8,0.344,0.461,0.373,0,11,67.38,7.52,11.46,0.0,12.5,37.5,0.0
543760,Marcus Semien,2025-07-26,5,22,74.167,102.7,9.111,0,1,0,9,0.284,0.316,0.355,2,12,69.15,7.84,13.66,0.0,11.1,0.0,16.7
543760,Marcus Semien,2025-07-27,5,26,72.911,101.2,28.556,0,1,2,9,0.121,0.165,0.071,3,13,65.15,7.54,14.77,0.0,11.1,22.2,23.1
543760,Marcus Semien,2025-07-28,5,20,78.78,95.0,30.8,0,1,2,5,0.4,0.524,0.519,0,5,66.62,7.55,15.96,0.0,20.0,40.0,0.0
543760,Marcus Semien,2025-07-29,5,15,88.075,92.7,2.25,0,0,1,4,0.188,0.24,0.143,3,7,66.9,7.8,18.89,0.0,0.0,25.0,42.9
543760,Marcus Semien,2025-07-30,5,26,85.4,100.3,5.8,0,1,4,10,0.457,0.588,0.46,0,11,62.4,7.36,14.34,0.0,10.0,40.0,0.0
543760,Marcus Semien,2025-07-31,4,13,78.7,103.7,19.0,0,1,2,7,0.183,0.368,0.231,0,7,64.18,7.47,8.7,0.0,14.3,28.6,0.0
543760,Marcus Semien,2025-08-01,4,11,87.2,101.9,6.0,0,1,1,4,0.33,0.426,0.242,1,5,63.08,7.55,11.31,0.0,25.0,25.0,20.0
543760,Marcus Semien,2025-08-02,5,9,84.12,102.7,7.8,0,2,1,5,0.27,0.351,0.265,0,6,64.72,7.48,11.55,0.0,40.0,20.0,0.0
543760,Marcus Semien,2025-08-03,4,17,75.612,88.7,35.875,0,0,1,8,0.012,0.022,0.011,1,9,66.53,7.54,10.27,0.0,0.0,12.5,11.1
543760,Marcus Semien,2025-08-04,5,22,90.2,105.4,22.714,0,2,2,7,0.328,0.442,0.264,3,11,62.89,7.51,14.61,0.0,28.6,28.6,27.3
543760,Marcus Semien,2025-08-05,4,16,80.05,101.9,21.667,0,2,3,6,0.36,0.551,0.294,2,8,67.62,7.5,14.11,0.0,33.3,50.0,25.0
543760,Marcus Semien,2025-08-06,5,18,90.12,103.8,28.8,0,2,1,5,0.338,0.379,0.367,2,7,64.23,7.53,6.29,0.0,40.0,20.0,28.6
543760,Marcus Semien,2025-08-08,4,13,91.875,105.2,6.75,0,2,1,4,0.491,0.689,0.556,0,4,65.57,7.67,20.76,0.0,50.0,25.0,0.0
543760,Marcus Semien,2025-08-09,4,11,91.66,100.4,11.6,0,2,2,5,0.205,0.288,0.215,1,6,66.02,7.5,12.24,0.0,40.0,40.0,16.7
543760,Marcus Semien,2025-08-10,4,16,72.575,92.7,30.75,0,0,1,4,0.099,0.101,0.068,4,8,57.61,7.66,11.8,0.0,0.0,25.0,50.0
543760,Marcus Semien,2025-08-11,5,17,80.62,101.2,9.7,1,1,4,10,0.323,0.702,0.34,1,11,64.65,7.68,12.72,10.0,10.0,40.0,9.1
543760,Marcus Semien,2025-08-12,4,14,79.525,99.0,27.75,0,1,1,4,0.238,0.25,0.296,1,6,69.02,7.92,20.93,0.0,25.0,25.0,16.7
543760,Marcus Semien,2025-08-13,5,21,70.814,102.1,-4.143,0,2,3,7,0.6,0.702,0.603,0,7,72.7,8.0,12.25,0.0,28.6,42.9,0.0
543760,Marcus Semien,2025-08-15,4,8,96.467,102.0,24.333,1,1,1,3,0.356,0.942,0.58,1,4,68.77,7.6,19.79,33.3,33.3,33.3,25.0
543760,Marcus Semien,2025-08-17,5,19,83.233,101.1,2.333,1,2,2,6,0.382,0.752,0.521,1,9,65.13,7.63,9.94,16.7,33.3,33.3,11.1
543760,Marcus Semien,2025-08-18,4,20,83.644,102.0,28.889,0,2,2,9,0.305,0.361,0.215,3,14,66.56,7.64,13.96,0.0,22.2,22.2,21.4
543760,Marcus Semien,2025-08-19,4,23,75.01,100.4,30.4,1,2,4,10,0.235,0.887,0.4,1,11,64.3,7.88,14.54,10.0,20.0,40.0,9.1
543760,Marcus Semien,2025-08-20,5,12,76.617,102.1,-4.0,0,1,2,6,0.45,0.512,0.424,1,7,61.68,7.84,16.4,0.0,16.7,33.3,14.3
543760,Marcus Semien,2025-08-21,1,5,,,,0,0,0,0,,,0.0,1,2,69.4,7.55,24.11,0.0,0.0,0.0,50.0
571466,Tucker Barnhart,2025-05-01,3,11,72.88,88.6,27.6,0,0,2,5,0.046,0.073,0.029,0,5,64.96,6.94,5.91,0.0,0.0,40.0,0.0
571466,Tucker Barnhart,2025-05-02,1,5,90.6,99.9,40.5,0,1,0,2,,,0.0,0,2,71.2,8.3,14.91,0.0,50.0,0.0,0.0
571466,Tucker Barnhart,2025-05-08,4,14,84.175,100.2,48.375,0,1,2,8,0.524,0.669,0.561,0,8,66.46,7.04,8.94,0.0,12.5,25.0,0.0
571466,Tucker Barnhart,2025-05-12,3,10,88.533,94.9,-1.0,0,0,0,3,0.031,0.048,0.254,0,3,63.85,7.25,10.63,0.0,0.0,0.0,0.0
571466,Tucker Barnhart,2025-05-21,3,15,69.48,90.5,-14.2,0,0,1,5,0.177,0.177,0.055,1,6,64.37,6.7,3.61,0.0,0.0,20.0,16.7
571466,Tucker Barnhart,2025-05-30,1,3,73.4,73.4,-35.0,0,0,0,1,0.047,0.047,0.045,0,1,66.0,7.3,8.9,0.0,0.0,0.0,0.0
592626,Joc Pederson,2025-03-27,1,4,88.0,88.0,24.0,0,0,1,1,0.137,0.215,0.138,1,2,76.5,8.05,13.41,0.0,0.0,100.0,50.0
592626,Joc Pederson,2025-03-28,3,9,99.225,109.5,-2.0,0,3,0,4,0.192,0.207,0.176,0,4,73.58,7.2,6.77,0.0,75.0,0.0,0.0
592626,Joc Pederson,2025-03-29,4,22,78.45,107.6,6.0,0,1,1,6,0.032,0.032,0.241,2,9,71.04,7.76,10.02,0.0,16.7,16.7,22.2
592626,Joc Pederson,2025-03-30,4,11,88.62,95.7,8.6,0,1,1,5,0.226,0.257,0.212,0,5,72.92,7.48,7.72,0.0,20.0,20.0,0.0
592626,Joc Pederson,2025-03-31,3,12,87.84,109.3,39.8,0,1,2,5,0.3,0.332,0.184,0,5,76.16,7.88,10.14,0.0,20.0,40.0,0.0
592626,Joc Pederson,2025-04-01,4,11,98.05,107.5,2.5,1,1,1,2,0.361,1.01,0.634,1,3,77.45,7.15,0.43,50.0,50.0,50.0,33.3
592626,Joc Pederson,2025-04-02,4,22,81.512,103.6,19.625,0,2,2,8,0.242,0.254,0.166,3,12,73.13,7.56,7.81,0.0,25.0,25.0,25.0
592626,Joc Pederson,2025-04-04,4,13,84.45,96.1,-0.75,0,1,0,4,0.144,0.169,0.273,1,5,71.02,7.38,9.12,0.0,25.0,0.0,20.0
592626,Joc Pederson,2025-04-05,3,9,89.15,89.9,43.0,0,0,1,2,0.048,0.098,0.041,2,4,69.23,7.97,15.35,0.0,0.0,50.0,50.0
592626,Joc Pederson,2025-04-06,4,16,81.4,81.4,9.0,0,0,1,1,,,0.23,1,4,71.9,7.28,7.79,0.0,0.0,100.0,25.0
592626,Joc Pederson,2025-04-08,4,16,82.62,103.5,15.0,0,1,0,5,0.256,0.271,0.117,4,9,70.0,7.68,9.62,0.0,20.0,0.0,44.4
592626,Joc Pederson,2025-04-11,4,13,84.04,93.0,30.8,0,0,0,5,0.232,0.26,0.28,1,6,69.37,7.75,10.56,0.0,0.0,0.0,16.7
592626,Joc Pederson,2025-04-12,4,17,92.45,109.1,10.833,0,2,1,6,0.036,0.043,0.026,2,8,70.33,7.06,3.15,0.0,33.3,16.7,25.0
592626,Joc Pederson,2025-04-13,4,23,89.562,110.3,27.5,0,3,2,8,0.161,0.404,0.119,2,10,75.44,7.27,5.01,0.0,37.5,25.0,20.0
592626,Joc Pederson,2025-04-16,3,11,94.32,105.7,21.0,1,3,1,5,0.206,0.562,0.21,0,5,75.02,7.72,14.74,20.0,60.0,20.0,0.0
592626,Joc Pederson,2025-04-17,4,15,81.289,108.3,4.6,0,3,1,9,0.194,0.207,0.133,2,12,71.08,7.65,9.83,0.0,33.3,11.1,16.7
592626,Joc Pederson,2025-04-18,3,14,85.24,96.7,16.2,0,1,1,5,0.074,0.082,0.069,2,9,73.68,7.36,7.84,0.0,20.0,20.0,22.2
592626,Joc Pederson,2025-04-19,2,7,88.0,88.0,-10.0,0,0,0,1,0.108,0.127,0.05,0,2,70.9,8.0,11.19,0.0,0.0,0.0,0.0
592626,Joc Pederson,2025-04-22,3,11,84.85,97.4,39.75,0,1,1,4,0.264,0.266,0.159,1,5,72.62,7.62,13.7,0.0,25.0,25.0,20.0
592626,Joc Pederson,2025-04-23,1,1,107.0,107.0,18.0,1,1,1,1,0.443,1.248,0.685,0,1,73.2,7.1,4.28,100.0,100.0,100.0,0.0
592626,Joc Pederson,2025-04-24,4,16,81.575,99.4,-3.5,0,1,1,4,0.184,0.656,0.524,1,5,70.28,7.38,9.15,0.0,25.0,25.0,20.0
592626,Joc Pederson,2025-04-25,4,19,79.44,87.5,28.4,0,0,0,5,0.084,0.098,0.213,1,7,70.5,7.7,14.75,0.0,0.0,0.0,14.3
592626,Joc Pederson,2025-04-26,1,5,102.1,102.1,40.0,0,1,0,1,,,0.0,2,3,68.2,7.9,18.28,0.0,100.0,0.0,66.7
592626,Joc Pederson,2025-04-27,4,23,78.544,99.1,16.222,0,2,3,9,0.186,0.493,0.138,2,11,72.61,7.59,12.08,0.0,22.2,33.3,18.2
592626,Joc Pederson,2025-04-28,1,4,76.0,76.0,8.0,0,0,1,1,0.25,0.25,0.229,2,3,71.05,8.4,21.12,0.0,0.0,100.0,66.7
592626,Joc Pederson,2025-04-30,4,13,97.18,103.0,16.2,0,4,2,5,0.586,0.712,0.572,1,6,75.75,7.3,7.12,0.0,80.0,40.0,16.7
592626,Joc Pederson,2025-05-02,3,7,87.175,107.5,31.0,1,2,2,4,0.507,1.271,0.733,0,4,70.75,6.9,-0.89,25.0,50.0,50.0,0.0
592626,Joc Pederson,2025-05-03,4,16,84.875,97.8,-8.375,0,1,0,8,0.115,0.13,0.107,0,8,74.61,7.72,9.02,0.0,12.5,0.0,0.0
592626,Joc Pederson,2025-05-04,4,15,92.9,113.5,22.75,0,1,4,4,0.408,0.51,0.303,1,6,67.37,7.08,11.48,0.0,25.0,100.0,16.7
592626,Joc Pederson,2025-05-06,3,9,108.3,109.8,11.0,1,2,1,2,0.7,1.831,0.696,1,3,43.8,4.54,-24.18,50.0,100.0,50.0,33.3
592626,Joc Pederson,2025-05-07,3,21,88.05,111.7,-10.5,1,3,3,8,0.736,1.374,0.825,1,9,73.89,7.26,9.26,12.5,37.5,37.5,11.1
592626,Joc Pederson,2025-05-08,4,19,103.1,103.1,52.0,0,1,0,1,0.02,0.048,0.526,2,3,70.5,8.0,20.24,0.0,100.0,0.0,66.7
592626,Joc Pederson,2025-05-09,1,2,86.9,86.9,48.0,0,0,0,1,0.01,0.019,0.013,0,1,76.2,7.4,5.13,0.0,0.0,0.0,0.0
592626,Joc Pederson,2025-05-10,5,23,89.0,106.6,2.75,1,2,1,4,0.316,1.201,0.507,2,6,73.78,8.02,16.52,25.0,50.0,25.0,33.3
592626,Joc Pederson,2025-05-11,4,9,79.84,88.8,35.6,0,0,0,5,0.077,0.092,0.072,0,5,74.5,7.7,11.92,0.0,0.0,0.0,0.0
592626,Joc Pederson,2025-05-12,3,11,95.675,100.1,46.0,0,2,1,4,0.272,0.896,0.546,0,4,72.35,6.78,1.94,0.0,50.0,25.0,0.0
592626,Joc Pederson,2025-05-13,2,7,93.2,93.2,52.0,0,0,0,1,0.01,0.018,0.352,0,1,72.3,7.6,11.11,0.0,0.0,0.0,0.0
592626,Joc Pederson,2025-05-14,5,19,87.3,106.2,20.0,0,2,1,4,0.462,0.52,0.397,2,6,71.33,7.29,4.63,0.0,50.0,25.0,33.3
592626,Joc Pederson,2025-05-15,3,11,77.075,108.5,-17.5,0,1,1,4,0.378,0.418,0.351,0,4,74.18,7.52,8.99,0.0,25.0,25.0,0.0
592626,Joc Pederson,2025-05-16,4,22,69.557,104.5,12.714,0,2,1,7,0.028,0.043,0.181,3,11,67.97,7.71,12.52,0.0,28.6,14.3,27.3
592626,Joc Pederson,2025-05-17,4,19,97.15,106.3,24.5,1,2,1,4,0.554,1.369,0.747,0,4,74.54,7.88,14.99,25.0,50.0,25.0,0.0
592626,Joc Pederson,2025-05-20,4,19,67.933,89.5,23.833,0,0,1,6,0.153,0.153,0.207,1,8,69.4,7.81,11.18,0.0,0.0,16.7,12.5
592626,Joc Pederson,2025-05-21,1,5,,,,0,0,0,0,,,0.691,1,1,73.3,8.6,21.88,0.0,0.0,0.0,100.0
592626,Joc Pederson,2025-05-22,1,6,97.1,97.1,-11.0,0,1,0,1,0.207,0.207,0.187,0,1,,,,0.0,100.0,0.0,0.0
592626,Joc Pederson,2025-05-23,2,6,75.3,84.6,7.5,0,0,0,2,0.12,0.122,0.112,0,2,72.75,7.75,14.52,0.0,0.0,0.0,0.0
592626,Joc Pederson,2025-05-24,2,8,87.667,98.1,11.333,0,2,1,3,0.253,0.884,0.593,1,4,71.95,7.18,3.55,0.0,66.7,33.3,25.0
592626,Joc Pederson,2025-07-27,4,11,93.025,104.2,3.0,0,2,0,4,0.194,0.225,0.142,2,6,65.16,7.78,14.71,0.0,50.0,0.0,33.3
592626,Joc Pederson,2025-07-28,4,15,87.375,106.9,11.6,0,1,0,4,0.595,0.667,0.185,1,6,72.79,7.31,6.36,0.0,25.0,0.0,16.7
592626,Joc Pederson,2025-07-29,1,4,71.45,71.8,-0.5,0,0,1,2,0.033,0.033,0.034,0,2,64.45,6.95,-3.17,0.0,0.0,50.0,0.0
592626,Joc Pederson,2025-07-31,3,13,83.467,88.6,33.333,0,0,2,3,0.562,0.708,0.415,1,4,71.98,7.04,2.29,0.0,0.0,66.7,25.0
592626,Joc Pederson,2025-08-01,2,11,77.9,85.3,24.0,0,0,2,3,0.808,0.951,0.747,1,5,68.72,7.16,5.63,0.0,0.0,66.7,20.0
592626,Joc Pederson,2025-08-02,5,23,83.712,105.3,36.875,0,2,3,8,0.317,0.344,0.23,3,11,68.0,6.96,3.25,0.0,25.0,37.5,27.3
592626,Joc Pederson,2025-08-03,4,17,87.6,102.1,37.6,0,2,0,5,0.097,0.113,0.067,1,6,70.9,7.31,5.44,0.0,40.0,0.0,16.7
592626,Joc Pederson,2025-08-04,1,4,91.45,101.6,45.5,1,1,1,2,0.585,2.182,1.122,0,2,75.85,7.35,5.22,50.0,50.0,50.0,0.0
592626,Joc Pederson,2025-08-05,4,16,89.15,101.8,24.75,1,2,3,4,0.741,1.558,0.824,1,5,73.36,7.42,5.0,25.0,50.0,75.0,20.0
592626,Joc Pederson,2025-08-06,1,6,,,,0,0,0,0,,,0.691,0,0,,,,0.0,0.0,0.0,0.0
592626,Joc Pederson,2025-08-08,1,4,,,,0,0,0,0,,,0.0,2,2,71.15,6.8,7.51,0.0,0.0,0.0,100.0
592626,Joc Pederson,2025-08-09,1,5,76.1,76.1,48.0,0,0,0,1,,,0.0,1,3,72.33,7.83,13.51,0.0,0.0,0.0,33.3
592626,Joc Pederson,2025-08-10,2,9,95.1,95.1,39.0,0,1,0,1,0.051,0.168,0.391,1,2,64.35,8.0,28.02,0.0,100.0,0.0,50.0
592626,Joc Pederson,2025-08-11,4,13,84.88,93.6,51.2,0,0,0,5,0.012,0.027,0.012,1,6,70.6,7.1,7.17,0.0,0.0,0.0,16.7
592626,Joc Pederson,2025-08-12,3,15,92.233,106.0,20.0,0,1,2,3,0.82,1.081,0.272,3,7,71.87,7.86,14.8,0.0,33.3,66.7,42.9
592626,Joc Pederson,2025-08-13,4,16,82.933,107.4,41.778,0,1,2,9,0.101,0.135,0.102,0,9,70.37,6.95,7.33,0.0,11.1,22.2,0.0
592626,Joc Pederson,2025-08-15,3,18,81.95,92.0,57.5,0,0,1,2,0.089,0.256,0.279,2,4,59.78,7.68,10.75,0.0,0.0,50.0,50.0
592626,Joc Pederson,2025-08-16,2,6,53.2,53.2,-62.0,0,0,0,1,0.189,0.189,0.088,2,3,72.6,7.83,16.13,0.0,0.0,0.0,66.7
592626,Joc Pederson,2025-08-17,1,1,93.3,93.3,-17.0,0,0,0,1,0.135,0.135,0.126,0,1,69.3,6.5,-0.42,0.0,0.0,0.0,0.0
592626,Joc Pederson,2025-08-18,4,12,90.243,105.4,33.857,0,3,3,7,0.482,0.64,0.486,2,9,67.15,7.09,-3.54,0.0,42.9,42.9,22.2
592626,Joc Pederson,2025-08-19,4,16,100.357,109.3,20.286,2,5,3,7,0.502,1.4,0.781,1,8,76.5,7.59,10.25,28.6,71.4,42.9,12.5
592626,Joc Pederson,2025-08-21,3,11,97.5,106.2,17.5,0,2,2,4,0.838,1.045,0.267,3,8,73.81,7.99,17.2,0.0,50.0,50.0,37.5
592626,Joc Pederson,2025-08-22,4,14,94.683,107.0,28.5,0,4,4,6,0.354,0.68,0.425,0,6,75.93,7.55,8.39,0.0,66.7,66.7,0.0
592626,Joc Pederson,2025-08-24,5,25,92.288,109.9,43.625,2,3,2,8,0.532,1.916,0.597,2,10,73.26,7.54,8.62,25.0,37.5,25.0,20.0
592626,Joc Pederson,2025-08-25,2,11,98.25,106.8,44.0,0,1,0,2,0.595,0.664,0.278,1,4,72.05,7.62,12.35,0.0,50.0,0.0,25.0
592626,Joc Pederson,2025-08-27,6,17,85.671,111.7,6.143,1,3,1,7,0.375,0.688,0.37,1,9,76.41,7.92,14.79,14.3,42.9,14.3,11.1
592626,Joc Pederson,2025-08-30,5,20,83.6,94.7,32.857,0,0,3,7,0.235,0.323,0.235,0,7,70.13,7.17,2.74,0.0,0.0,42.9,0.0
592626,Joc Pederson,2025-08-31,5,19,84.125,113.7,22.25,1,1,1,4,0.33,1.084,0.465,4,9,75.23,7.67,11.74,25.0,25.0,25.0,44.4
592626,Joc Pederson,2025-09-01,3,18,79.743,89.8,38.429,0,0,4,7,0.046,0.097,0.018,4,11,68.42,6.54,-3.04,0.0,0.0,57.1,36.4
592626,Joc Pederson,2025-09-02,4,14,82.3,107.0,26.714,0,2,1,7,0.401,0.45,0.375,0,7,70.46,7.46,9.36,0.0,28.6,14.3,0.0
592626,Joc Pederson,2025-09-03,3,15,82.22,93.1,24.0,0,0,2,5,0.304,0.324,0.183,0,5,73.8,7.34,6.43,0.0,0.0,40.0,0.0
592626,Joc Pederson,2025-09-05,1,6,74.5,74.5,50.0,0,0,0,1,,,0.691,0,1,75.7,7.0,-5.11,0.0,0.0,0.0,0.0
592626,Joc Pederson,2025-09-06,4,16,74.9,97.2,15.5,0,1,0,6,0.092,0.093,0.065,3,9,72.54,7.56,7.26,0.0,16.7,0.0,33.3
592626,Joc Pederson,2025-09-08,1,5,80.7,80.7,11.0,0,0,1,1,,,0.0,1,2,74.43,7.47,9.63,0.0,0.0,100.0,50.0
592626,Joc Pederson,2025-09-09,2,10,84.933,99.9,-28.667,0,1,0,3,0.241,0.241,0.11,1,4,76.84,7.72,11.71,0.0,33.3,0.0,25.0
592626,Joc Pederson,2025-09-10,3,15,86.233,102.9,37.333,0,2,1,6,0.214,0.216,0.129,1,8,73.19,7.36,7.94,0.0,33.3,16.7,12.5
592626,Joc Pederson,2025-09-12,3,14,74.95,77.6,48.5,0,0,0,2,0.051,0.062,0.476,0,2,70.85,8.2,12.13,0.0,0.0,0.0,0.0
592626,Joc Pederson,2025-09-13,5,12,89.84,106.0,41.6,0,2,1,5,0.322,0.528,0.232,0,5,73.45,7.52,6.21,0.0,40.0,20.0,0.0
592626,Joc Pederson,2025-09-14,5,21,91.15,107.1,32.75,0,2,2,4,0.624,0.802,0.649,2,7,74.48,7.35,5.1,0.0,50.0,50.0,28.6
592626,Joc Pederson,2025-09-15,3,10,78.167,105.9,-10.333,1,1,1,3,0.259,0.714,0.266,1,4,70.45,7.8,11.77,33.3,33.3,33.3,25.0
592626,Joc Pederson,2025-09-16,2,9,75.45,104.9,-18.5,0,1,1,2,0.179,0.179,0.082,2,4,72.2,8.23,15.89,0.0,50.0,50.0,50.0
592626,Joc Pederson,2025-09-17,3,15,87.3,103.2,14.4,0,2,1,5,0.316,0.36,0.291,1,7,71.74,8.0,14.7,0.0,40.0,20.0,14.3
592626,Joc Pederson,2025-09-19,5,22,85.867,104.6,-8.0,1,3,1,6,0.203,0.469,0.451,2,10,68.71,8.02,17.26,16.7,50.0,16.7,20.0
592626,Joc Pederson,2025-09-20,5,22,87.729,103.9,29.857,0,2,1,7,0.233,0.412,0.357,2,9,71.96,7.71,13.55,0.0,28.6,14.3,22.2
592626,Joc Pederson,2025-09-21,4,13,85.25,88.8,-9.0,0,0,1,2,0.288,0.308,0.131,5,8,69.45,7.7,12.5,0.0,0.0,50.0,62.5
592626,Joc Pederson,2025-09-23,3,10,87.26,109.7,27.4,1,2,1,5,0.488,1.943,0.656,2,8,72.49,7.81,13.41,20.0,40.0,20.0,25.0
592626,Joc Pederson,2025-09-24,3,9,80.333,86.2,44.0,0,0,1,3,0.015,0.034,0.007,1,4,67.88,7.72,9.18,0.0,0.0,33.3,25.0
592626,Joc Pederson,2025-09-25,4,10,61.4,80.5,14.0,0,0,0,3,0.132,0.138,0.09,5,8,73.75,7.82,15.42,0.0,0.0,0.0,62.5
592626,Joc Pederson,2025-09-26,5,26,84.8,102.8,17.667,0,1,2,6,0.448,0.541,0.394,0,6,72.42,7.33,5.79,0.0,16.7,33.3,0.0
592626,Joc Pederson,2025-09-28,1,2,102.2,102.2,4.0,0,1,0,1,0.554,0.618,0.505,0,1,73.2,7.3,9.54,0.0,100.0,0.0,0.0
605113,Nick Ahmed,2025-04-23,2,8,81.75,85.1,23.0,0,0,0,2,0.403,0.455,0.192,2,4,67.38,7.45,14.65,0.0,0.0,0.0,50.0
605113,Nick Ahmed,2025-04-26,3,8,88.733,97.6,35.333,0,1,0,3,0.224,0.258,0.139,5,8,67.81,7.06,12.82,0.0,33.3,0.0,62.5
605113,Nick Ahmed,2025-04-27,2,4,84.3,91.3,61.0,0,0,0,2,0.003,0.003,0.001,1,3,67.03,7.07,11.14,0.0,0.0,0.0,33.3
605113,Nick Ahmed,2025-04-29,1,5,,,,0,0,0,0,,,0.691,0,0,,,,0.0,0.0,0.0,0.0
605113,Nick Ahmed,2025-05-01,2,6,67.45,74.3,-23.0,0,0,1,2,0.282,0.312,0.258,1,3,69.9,7.93,24.64,0.0,0.0,50.0,33.3
607680,Kevin Pillar,2025-03-27,3,14,86.425,98.6,16.25,0,1,3,4,0.585,0.652,0.545,3,7,71.57,7.8,11.56,0.0,25.0,75.0,42.9
607680,Kevin Pillar,2025-03-28,1,4,71.4,71.4,-5.0,0,0,0,1,0.054,0.076,0.054,0,2,71.0,7.75,8.01,0.0,0.0,0.0,0.0
607680,Kevin Pillar,2025-03-31,2,8,79.4,91.8,44.333,0,0,1,3,0.108,0.196,0.132,1,4,70.42,7.48,4.79,0.0,0.0,33.3,25.0
607680,Kevin Pillar,2025-04-05,1,3,65.75,67.8,23.5,0,0,2,2,0.846,0.897,0.772,0,2,72.8,7.4,-7.55,0.0,0.0,100.0,0.0
607680,Kevin Pillar,2025-04-07,3,8,92.567,94.5,5.333,0,0,1,3,0.143,0.161,0.091,0,4,56.9,7.12,12.65,0.0,0.0,33.3,0.0
607680,Kevin Pillar,2025-04-08,1,3,89.65,102.9,32.0,0,1,0,2,0.388,0.478,0.354,1,3,66.87,7.43,8.35,0.0,50.0,0.0,33.3
607680,Kevin Pillar,2025-04-09,4,18,77.811,101.0,17.778,0,1,3,9,0.181,0.306,0.155,0,10,62.82,6.76,-1.97,0.0,11.1,33.3,0.0
607680,Kevin Pillar,2025-04-11,1,3,,,,0,0,0,0,,,0.0,1,1,67.3,7.2,7.83,0.0,0.0,0.0,100.0
607680,Kevin Pillar,2025-04-15,4,17,80.1,104.7,28.167,0,1,1,6,0.432,0.527,0.312,1,8,69.13,7.31,9.97,0.0,16.7,16.7,12.5
607680,Kevin Pillar,2025-04-16,1,3,84.7,84.7,66.0,0,0,0,1,,,0.0,2,3,69.47,7.37,6.76,0.0,0.0,0.0,66.7
607680,Kevin Pillar,2025-04-18,1,1,91.5,91.5,-3.0,0,0,0,1,0.276,0.298,0.248,0,1,66.0,7.2,19.67,0.0,0.0,0.0,0.0
607680,Kevin Pillar,2025-04-20,1,4,72.45,78.5,56.0,0,0,0,2,0.003,0.003,0.002,0,2,64.55,6.9,13.09,0.0,0.0,0.0,0.0
607680,Kevin Pillar,2025-04-23,3,10,85.72,99.1,27.2,0,1,2,5,0.177,0.264,0.178,0,5,69.76,7.28,5.89,0.0,20.0,40.0,0.0
607680,Kevin Pillar,2025-04-26,4,11,81.34,96.8,-7.8,0,1,2,5,0.392,0.677,0.456,1,6,64.32,7.23,6.6,0.0,20.0,40.0,16.7
607680,Kevin Pillar,2025-04-28,4,21,85.589,103.5,13.444,0,2,2,9,0.034,0.038,0.024,3,13,64.75,7.79,13.41,0.0,22.2,22.2,23.1
607680,Kevin Pillar,2025-05-01,3,9,74.74,94.2,49.0,0,0,0,5,0.058,0.07,0.055,0,5,61.44,6.96,10.3,0.0,0.0,0.0,0.0
607680,Kevin Pillar,2025-05-03,1,1,99.4,99.4,25.0,1,1,1,1,0.369,1.221,0.643,0,1,68.2,7.6,19.25,100.0,100.0,100.0,0.0
607680,Kevin Pillar,2025-05-18,4,12,82.02,92.1,21.0,0,0,1,5,0.198,0.244,0.142,0,6,66.89,7.16,9.9,0.0,0.0,20.0,0.0
607680,Kevin Pillar,2025-05-23,1,4,76.8,79.3,64.5,0,0,0,2,,,0.0,1,3,63.53,7.27,9.19,0.0,0.0,0.0,33.3
608369,Corey Seager,2025-03-27,4,18,76.55,83.4,34.5,0,0,2,8,0.06,0.07,0.028,3,11,72.75,6.41,12.67,0.0,0.0,25.0,27.3
608369,Corey Seager,2025-03-28,4,12,87.58,102.3,12.4,1,2,2,5,0.209,0.652,0.267,0,6,71.38,6.68,10.55,20.0,40.0,40.0,0.0
608369,Corey Seager,2025-03-29,4,13,90.383,106.2,4.0,0,3,0,6,0.251,0.282,0.234,0,6,73.63,6.7,15.77,0.0,50.0,0.0,0.0
608369,Corey Seager,2025-03-31,3,14,73.275,76.9,28.75,0,0,0,4,0.033,0.033,0.242,1,6,67.25,6.6,8.82,0.0,0.0,0.0,16.7
608369,Corey Seager,2025-04-01,4,14,63.14,87.2,26.0,0,0,0,5,0.057,0.066,0.213,1,6,71.58,7.03,19.11,0.0,0.0,0.0,16.7
608369,Corey Seager,2025-04-04,4,13,78.875,105.3,-17.0,0,1,1,4,0.265,0.284,0.294,3,7,70.89,7.39,19.58,0.0,25.0,25.0,42.9
608369,Corey Seager,2025-04-05,4,16,78.8,94.3,-2.333,0,0,2,3,0.178,0.329,0.109,3,6,64.08,6.23,8.35,0.0,0.0,66.7,50.0
608369,Corey Seager,2025-04-06,4,22,83.8,110.0,31.0,1,1,4,6,0.342,1.249,0.483,3,11,73.81,6.83,14.7,16.7,16.7,66.7,27.3
608369,Corey Seager,2025-04-07,3,12,71.9,76.9,41.5,0,0,1,2,,,0.0,4,6,68.18,6.65,14.59,0.0,0.0,50.0,66.7
608369,Corey Seager,2025-04-08,5,21,89.66,105.4,27.3,1,3,2,10,0.5,0.966,0.621,2,12,70.62,6.43,7.81,10.0,30.0,20.0,16.7
608369,Corey Seager,2025-04-09,5,20,89.517,105.7,40.833,1,2,2,6,0.378,1.355,0.422,3,10,68.14,6.45,11.24,16.7,33.3,33.3,30.0
608369,Corey Seager,2025-04-11,4,20,87.457,100.6,40.0,1,2,1,7,0.209,0.747,0.463,2,9,71.77,6.5,9.34,14.3,28.6,14.3,22.2
608369,Corey Seager,2025-04-12,4,15,92.58,100.0,30.0,0,1,3,5,0.481,0.57,0.458,3,8,73.51,6.11,2.95,0.0,20.0,60.0,37.5
608369,Corey Seager,2025-04-13,4,15,82.717,103.3,-20.5,0,2,0,6,0.252,0.282,0.233,4,10,70.25,6.75,14.46,0.0,33.3,0.0,40.0
608369,Corey Seager,2025-04-15,4,15,95.233,112.2,30.667,1,4,1,6,0.479,0.852,0.597,0,6,73.47,6.45,9.42,16.7,66.7,16.7,0.0
608369,Corey Seager,2025-04-16,4,7,91.66,108.9,23.8,1,2,3,5,0.813,1.524,0.997,1,6,72.73,6.67,12.44,20.0,40.0,60.0,16.7
608369,Corey Seager,2025-04-17,4,8,91.925,108.8,22.25,1,2,2,4,0.685,1.759,1.02,1,5,67.16,6.58,6.11,25.0,50.0,50.0,20.0
608369,Corey Seager,2025-04-18,4,18,89.55,110.5,9.0,0,1,1,4,0.544,0.638,0.387,3,8,74.5,6.82,14.59,0.0,25.0,25.0,37.5
608369,Corey Seager,2025-04-19,4,17,82.429,103.7,11.571,1,2,1,7,0.37,1.468,0.545,1,8,70.52,6.76,13.35,14.3,28.6,14.3,12.5
608369,Corey Seager,2025-04-20,4,7,99.55,111.9,14.25,1,2,1,4,0.324,0.591,0.388,0,4,74.25,6.43,16.72,25.0,50.0,25.0,0.0
608369,Corey Seager,2025-04-22,4,8,97.475,109.5,8.0,0,2,1,4,0.36,0.426,0.347,0,4,73.12,6.55,12.74,0.0,50.0,25.0,0.0
608369,Corey Seager,2025-05-03,4,18,85.756,112.4,26.556,1,2,3,9,0.5,0.68,0.375,0,9,73.75,6.5,7.34,11.1,22.2,33.3,0.0
608369,Corey Seager,2025-05-04,5,12,88.571,108.8,3.571,0,2,2,7,0.446,0.554,0.437,1,10,73.61,6.79,12.96,0.0,28.6,28.6,10.0
608369,Corey Seager,2025-05-06,5,30,76.55,94.4,18.333,0,0,2,12,0.223,0.278,0.127,5,18,72.01,7.1,18.36,0.0,0.0,16.7,27.8
608369,Corey Seager,2025-05-07,5,12,98.84,112.2,16.8,0,4,1,5,0.403,0.551,0.409,4,9,69.12,7.19,18.86,0.0,80.0,20.0,44.4
608369,Corey Seager,2025-05-10,4,21,93.15,105.9,18.667,2,3,3,6,0.457,1.608,0.839,2,9,73.84,6.73,11.43,33.3,50.0,50.0,22.2
608369,Corey Seager,2025-05-28,4,14,89.067,104.7,6.333,0,1,0,3,0.201,0.22,0.092,2,5,74.14,6.62,5.89,0.0,33.3,0.0,40.0
608369,Corey Seager,2025-05-30,4,16,89.5,102.0,28.667,0,1,0,3,0.185,0.198,0.084,3,8,72.24,7.44,20.57,0.0,33.3,0.0,37.5
608369,Corey Seager,2025-05-31,4,17,88.65,107.5,14.5,1,3,1,8,0.351,0.764,0.348,5,13,70.39,6.42,8.62,12.5,37.5,12.5,38.5
608369,Corey Seager,2025-06-01,4,10,81.56,106.5,-3.0,0,2,0,5,0.312,0.337,0.213,1,6,72.3,6.28,10.83,0.0,40.0,0.0,16.7
608369,Corey Seager,2025-06-03,4,14,80.18,99.2,19.2,0,1,2,5,0.223,0.223,0.051,3,8,69.64,6.35,8.51,0.0,20.0,40.0,37.5
608369,Corey Seager,2025-06-04,5,22,84.033,102.1,20.833,0,2,1,6,0.234,0.288,0.228,4,11,72.05,6.71,12.87,0.0,33.3,16.7,36.4
608369,Corey Seager,2025-06-05,4,14,83.2,106.3,7.667,1,1,2,3,0.585,1.811,0.325,5,8,70.96,6.08,5.82,33.3,33.3,66.7,62.5
608369,Corey Seager,2025-06-06,4,16,83.314,107.3,13.857,0,3,2,7,0.207,0.239,0.32,1,8,71.79,6.61,10.78,0.0,42.9,28.6,12.5
608369,Corey Seager,2025-06-08,5,21,80.286,96.9,10.0,0,1,3,7,0.192,0.206,0.281,3,10,72.49,7.08,13.57,0.0,14.3,42.9,30.0
608369,Corey Seager,2025-06-10,5,16,94.075,111.1,21.75,1,2,2,4,0.624,0.898,0.672,0,4,72.15,6.42,8.44,25.0,50.0,50.0,0.0
608369,Corey Seager,2025-06-11,4,20,80.5,94.3,-5.25,0,0,0,4,0.226,0.248,0.329,3,7,71.26,6.85,10.59,0.0,0.0,0.0,42.9
608369,Corey Seager,2025-06-12,5,17,81.725,87.6,2.5,0,0,0,4,0.173,0.211,0.34,0,5,73.38,7.22,15.11,0.0,0.0,0.0,0.0
608369,Corey Seager,2025-06-13,4,19,88.833,99.2,21.333,0,2,0,3,,,0.385,3,6,73.45,7.13,19.26,0.0,66.7,0.0,50.0
608369,Corey Seager,2025-06-14,6,32,80.733,107.9,25.444,1,1,2,9,0.474,1.015,0.543,3,13,67.79,6.53,11.06,11.1,11.1,22.2,23.1
608369,Corey Seager,2025-06-15,4,19,82.24,95.7,25.4,0,1,1,5,0.464,0.558,0.397,2,8,70.72,6.45,14.2,0.0,20.0,20.0,25.0
608369,Corey Seager,2025-06-17,4,11,79.86,103.9,-7.0,0,2,2,5,0.346,0.499,0.452,0,6,72.92,6.68,15.46,0.0,40.0,40.0,0.0
608369,Corey Seager,2025-06-18,5,22,77.1,98.7,36.167,0,1,1,6,0.006,0.01,0.003,2,10,72.16,6.54,12.26,0.0,16.7,16.7,20.0
608369,Corey Seager,2025-06-19,4,14,85.317,108.9,35.667,0,2,0,6,0.327,0.594,0.385,3,9,66.2,6.51,6.77,0.0,33.3,0.0,33.3
608369,Corey Seager,2025-06-20,5,17,85.55,105.7,13.833,2,2,3,6,0.41,1.184,0.523,3,9,71.03,6.75,11.23,33.3,33.3,50.0,33.3
608369,Corey Seager,2025-06-21,4,10,95.325,110.2,-10.75,0,3,0,4,0.374,0.42,0.435,0,4,75.82,6.82,11.0,0.0,75.0,0.0,0.0
608369,Corey Seager,2025-06-22,4,13,78.625,84.0,38.75,0,0,0,4,0.024,0.025,0.012,5,9,68.19,6.57,9.59,0.0,0.0,0.0,55.6
608369,Corey Seager,2025-06-24,5,21,87.371,110.7,17.571,0,3,3,7,0.589,0.755,0.485,3,12,72.74,6.75,10.47,0.0,42.9,42.9,25.0
608369,Corey Seager,2025-06-25,4,16,84.35,90.1,6.25,0,0,0,4,0.198,0.228,0.14,3,7,73.49,6.59,9.6,0.0,0.0,0.0,42.9
608369,Corey Seager,2025-06-27,6,17,85.18,108.6,41.4,1,2,1,5,0.544,1.79,0.665,3,8,73.75,7.04,17.17,20.0,40.0,20.0,37.5
608369,Corey Seager,2025-06-28,5,22,73.74,111.9,-2.4,1,2,2,5,0.368,1.359,0.7,1,6,72.22,6.57,11.21,20.0,40.0,40.0,16.7
608369,Corey Seager,2025-06-29,6,24,87.186,106.2,14.857,1,3,2,7,0.316,0.899,0.543,2,10,71.91,6.37,10.17,14.3,42.9,28.6,20.0
608369,Corey Seager,2025-06-30,5,18,89.125,101.5,6.75,1,2,3,4,0.564,1.017,0.541,4,9,67.21,6.63,14.55,25.0,50.0,75.0,44.4
608369,Corey Seager,2025-07-01,5,23,77.571,110.2,-6.286,1,2,4,7,0.798,2.269,0.644,0,8,71.95,6.91,19.73,14.3,28.6,57.1,0.0
608369,Corey Seager,2025-07-02,4,9,89.925,108.0,11.75,2,2,3,4,0.543,2.055,0.79,1,6,69.63,6.57,12.08,50.0,50.0,75.0,16.7
608369,Corey Seager,2025-07-04,5,15,87.08,112.0,21.6,1,1,3,5,0.919,1.981,0.783,1,6,71.02,6.42,10.73,20.0,20.0,60.0,16.7
608369,Corey Seager,2025-07-05,5,18,80.25,98.4,-6.167,0,1,1,6,0.294,0.381,0.312,4,11,65.19,6.31,10.38,0.0,16.7,16.7,36.4
608369,Corey Seager,2025-07-06,4,15,90.775,101.2,16.0,0,2,2,4,0.167,0.347,0.106,5,10,67.53,6.73,15.51,0.0,50.0,50.0,50.0
608369,Corey Seager,2025-07-07,5,21,96.286,110.1,31.857,1,4,2,7,0.656,1.616,0.892,3,10,72.84,6.28,5.45,14.3,57.1,28.6,30.0
608369,Corey Seager,2025-07-08,4,15,87.4,107.2,10.667,1,3,4,6,0.518,1.311,0.743,1,7,69.92,6.37,5.25,16.7,50.0,66.7,14.3
608369,Corey Seager,2025-07-09,5,12,96.5,106.7,22.4,1,4,1,5,0.522,1.192,0.716,1,7,75.01,6.54,11.42,20.0,80.0,20.0,14.3
608369,Corey Seager,2025-07-10,4,17,102.2,105.5,6.5,0,2,1,2,0.708,0.818,0.505,3,5,68.24,6.66,12.02,0.0,100.0,50.0,60.0
608369,Corey Seager,2025-07-11,5,19,81.667,104.0,27.0,0,1,1,6,0.398,0.612,0.445,0,6,70.67,6.85,20.11,0.0,16.7,16.7,0.0
608369,Corey Seager,2025-07-12,5,25,79.6,103.8,-16.222,0,2,1,9,0.244,0.275,0.132,2,13,71.03,6.88,17.42,0.0,22.2,11.1,15.4
608369,Corey Seager,2025-07-13,4,20,80.386,85.4,32.0,0,0,2,7,0.042,0.063,0.194,2,9,65.74,6.08,6.06,0.0,0.0,28.6,22.2
608369,Corey Seager,2025-07-18,4,14,86.433,107.4,10.0,0,1,1,3,0.35,0.544,0.192,3,6,64.03,6.33,8.57,0.0,33.3,33.3,50.0
608369,Corey Seager,2025-07-19,4,10,92.467,106.3,26.333,0,2,1,3,0.4,0.673,0.342,0,3,72.45,6.6,12.03,0.0,66.7,33.3,0.0
608369,Corey Seager,2025-07-20,4,10,79.833,105.1,17.833,0,3,4,6,0.78,0.944,0.75,1,7,70.43,6.61,10.16,0.0,50.0,66.7,14.3
608369,Corey Seager,2025-07-21,4,15,84.867,103.1,26.333,0,2,2,6,0.152,0.161,0.07,1,9,72.39,6.89,16.21,0.0,33.3,33.3,11.1
608369,Corey Seager,2025-07-22,4,12,99.175,109.8,23.0,2,2,2,4,0.367,0.923,0.527,2,6,73.72,6.55,17.86,50.0,50.0,50.0,33.3
608369,Corey Seager,2025-07-23,4,20,87.22,108.0,15.0,1,2,2,5,0.484,1.695,0.656,4,9,70.01,6.59,14.29,20.0,40.0,40.0,44.4
608369,Corey Seager,2025-07-25,5,18,78.033,87.0,-7.0,0,0,0,3,0.041,0.048,0.301,2,5,71.32,6.88,13.04,0.0,0.0,0.0,40.0
608369,Corey Seager,2025-07-26,5,12,95.675,102.4,26.75,1,2,1,4,0.482,1.061,0.639,1,6,74.45,7.23,25.01,25.0,50.0,25.0,16.7
608369,Corey Seager,2025-07-27,5,26,74.725,87.4,18.5,0,0,2,8,0.564,0.65,0.349,3,11,71.07,6.62,15.94,0.0,0.0,25.0,27.3
608369,Corey Seager,2025-07-28,5,17,88.657,105.1,26.857,0,3,2,7,0.497,0.622,0.489,0,7,68.14,5.78,6.53,0.0,42.9,28.6,0.0
608369,Corey Seager,2025-07-30,5,16,91.04,109.3,11.4,1,1,2,5,0.712,1.188,0.324,3,8,73.31,6.69,11.59,20.0,20.0,40.0,37.5
608369,Corey Seager,2025-07-31,4,14,82.18,99.4,6.4,0,1,2,5,0.223,0.223,0.224,4,9,69.64,6.27,6.15,0.0,20.0,40.0,44.4
608369,Corey Seager,2025-08-01,4,11,85.88,96.5,5.2,0,1,0,5,0.094,0.123,0.065,1,7,69.03,6.23,6.26,0.0,20.0,0.0,14.3
608369,Corey Seager,2025-08-02,5,24,83.523,106.2,38.462,0,1,1,13,0.329,0.36,0.304,0,15,72.15,6.49,8.27,0.0,7.7,7.7,0.0
608369,Corey Seager,2025-08-03,4,18,83.171,104.6,26.143,1,2,3,7,0.367,1.167,0.472,2,11,71.36,6.36,9.06,14.3,28.6,42.9,18.2
608369,Corey Seager,2025-08-04,5,26,77.82,94.8,-2.3,0,0,1,10,0.099,0.128,0.082,5,15,69.15,6.14,4.75,0.0,0.0,10.0,33.3
608369,Corey Seager,2025-08-05,4,18,88.76,98.0,50.2,0,2,0,5,0.006,0.011,0.004,2,8,65.36,6.32,9.49,0.0,40.0,0.0,25.0
608369,Corey Seager,2025-08-06,5,20,67.5,74.3,2.667,0,0,1,3,0.224,0.254,0.363,3,6,64.07,6.67,12.41,0.0,0.0,33.3,50.0
608369,Corey Seager,2025-08-08,5,20,90.562,107.5,7.125,0,3,4,8,0.152,0.229,0.161,1,11,71.21,6.28,10.51,0.0,37.5,50.0,9.1
608369,Corey Seager,2025-08-09,4,16,85.675,107.3,1.25,1,2,2,4,0.604,1.86,0.507,4,8,69.75,6.72,17.44,25.0,50.0,50.0,50.0
608369,Corey Seager,2025-08-10,4,20,89.738,109.7,18.75,1,3,3,8,0.373,1.449,0.714,2,10,74.51,6.75,17.93,12.5,37.5,37.5,20.0
608369,Corey Seager,2025-08-11,5,17,80.55,100.4,29.25,0,3,6,8,0.374,0.556,0.398,2,10,67.13,6.35,8.86,0.0,37.5,75.0,20.0
608369,Corey Seager,2025-08-12,4,9,87.6,106.9,12.0,0,1,0,4,0.202,0.228,0.184,0,4,73.4,6.68,15.55,0.0,25.0,0.0,0.0
608369,Corey Seager,2025-08-13,5,15,88.257,104.6,33.714,1,1,2,7,0.264,0.767,0.422,0,7,72.43,6.84,12.0,14.3,14.3,28.6,0.0
608369,Corey Seager,2025-08-15,4,15,84.2,90.3,21.5,0,0,0,4,0.033,0.079,0.184,3,7,69.51,6.54,14.3,0.0,0.0,0.0,42.9
608369,Corey Seager,2025-08-16,3,12,86.75,98.8,44.833,0,1,2,6,0.202,0.334,0.23,2,8,72.31,6.65,12.38,0.0,16.7,33.3,25.0
608369,Corey Seager,2025-08-17,5,23,79.2,105.0,20.333,2,2,2,9,0.329,1.028,0.444,2,12,71.58,6.42,9.08,22.2,22.2,22.2,16.7
608369,Corey Seager,2025-08-18,4,8,101.275,106.5,12.75,0,4,3,4,0.542,0.747,0.55,0,4,71.1,6.4,5.15,0.0,100.0,75.0,0.0
608369,Corey Seager,2025-08-19,4,16,91.76,104.6,14.8,1,2,2,5,0.338,1.097,0.619,0,6,71.2,6.26,8.45,20.0,40.0,40.0,0.0
608369,Corey Seager,2025-08-20,5,17,85.12,109.0,9.4,0,2,1,5,0.297,0.408,0.382,1,7,73.0,6.89,14.43,0.0,40.0,20.0,14.3
608369,Corey Seager,2025-08-21,5,20,85.0,109.6,23.6,1,2,3,5,0.486,1.187,0.557,2,8,73.03,6.4,8.86,20.0,40.0,60.0,25.0
608369,Corey Seager,2025-08-22,4,12,99.34,111.3,21.0,1,4,1,5,0.568,1.056,0.691,0,5,74.32,6.15,12.46,20.0,80.0,20.0,0.0
608369,Corey Seager,2025-08-23,3,10,74.667,88.5,38.0,0,0,1,3,0.015,0.023,0.236,2,5,70.14,6.48,11.9,0.0,0.0,33.3,40.0
608369,Corey Seager,2025-08-24,5,15,83.133,108.4,24.667,0,1,2,6,0.331,0.382,0.187,2,9,70.24,6.23,11.39,0.0,16.7,33.3,22.2
608369,Corey Seager,2025-08-25,4,14,87.9,107.1,32.8,0,2,1,5,0.195,0.266,0.096,2,8,72.06,6.62,10.8,0.0,40.0,20.0,25.0
608369,Corey Seager,2025-08-26,4,18,80.233,99.9,21.333,0,1,0,3,0.198,0.72,0.531,1,4,71.48,6.82,15.32,0.0,33.3,0.0,25.0
608369,Corey Seager,2025-08-27,3,11,108.0,112.1,18.0,1,2,2,2,0.963,2.541,1.198,0,3,73.35,6.62,10.58,50.0,100.0,100.0,0.0
641680,Jonah Heim,2025-03-28,3,7,93.175,107.4,30.5,2,2,3,4,0.442,1.721,0.874,2,6,69.47,7.33,6.02,50.0,50.0,75.0,33.3
641680,Jonah Heim,2025-03-29,3,10,92.5,109.6,29.25,1,1,2,4,0.189,0.524,0.29,1,5,72.38,6.98,9.33,25.0,25.0,50.0,20.0
641680,Jonah Heim,2025-03-31,4,12,89.3,105.5,17.5,0,2,3,6,0.384,0.485,0.372,1,7,71.33,7.44,10.13,0.0,33.3,50.0,14.3
641680,Jonah Heim,2025-04-02,3,12,89.229,104.2,31.429,0,3,2,7,0.271,0.652,0.381,3,10,63.06,7.12,15.15,0.0,42.9,28.6,30.0
641680,Jonah Heim,2025-04-05,1,4,,,,0,0,0,0,,,0.0,3,3,72.17,7.07,6.11,0.0,0.0,0.0,100.0
641680,Jonah Heim,2025-04-06,4,15,90.233,105.6,16.5,0,2,3,6,0.589,0.714,0.57,2,9,66.54,7.08,7.92,0.0,33.3,50.0,22.2
641680,Jonah Heim,2025-04-07,3,14,81.714,93.2,14.857,0,0,2,7,0.055,0.064,0.035,1,9,67.76,7.19,6.27,0.0,0.0,28.6,11.1
641680,Jonah Heim,2025-04-08,4,21,87.1,103.9,21.0,0,1,1,3,0.944,1.222,0.237,4,7,64.2,7.42,12.41,0.0,33.3,33.3,57.1
641680,Jonah Heim,2025-04-09,4,11,84.0,102.2,15.0,1,2,4,6,0.268,0.689,0.395,0,6,65.67,7.75,12.7,16.7,33.3,66.7,0.0
641680,Jonah Heim,2025-04-11,4,18,76.867,102.2,34.5,0,1,1,6,0.117,0.129,0.08,2,8,68.06,7.0,9.31,0.0,16.7,16.7,25.0
641680,Jonah Heim,2025-04-12,4,17,83.98,99.8,41.2,0,1,0,5,0.314,0.366,0.152,1,6,71.41,6.86,3.76,0.0,20.0,0.0,16.7
641680,Jonah Heim,2025-04-15,4,18,78.225,101.2,29.5,0,1,1,4,0.494,0.543,0.288,3,7,67.13,7.42,6.79,0.0,25.0,25.0,42.9
641680,Jonah Heim,2025-04-16,4,18,91.1,92.1,3.333,0,0,1,3,0.215,0.279,0.333,1,4,70.35,7.68,12.05,0.0,0.0,33.3,25.0
641680,Jonah Heim,2025-04-18,3,13,80.34,100.3,7.0,0,1,0,5,0.241,0.26,0.074,2,7,62.39,7.11,10.24,0.0,20.0,0.0,28.6
641680,Jonah Heim,2025-04-20,3,14,81.85,89.3,41.75,0,0,2,4,0.49,0.583,0.547,1,5,63.02,7.5,10.66,0.0,0.0,50.0,20.0
641680,Jonah Heim,2025-04-22,2,10,88.6,94.9,36.5,0,0,0,2,0.216,0.216,0.445,1,3,68.2,6.63,9.49,0.0,0.0,0.0,33.3
641680,Jonah Heim,2025-04-23,5,24,96.225,103.4,2.25,0,3,2,4,0.576,0.644,0.265,5,9,62.6,7.16,8.68,0.0,75.0,50.0,55.6
641680,Jonah Heim,2025-04-24,4,19,80.457,105.6,10.714,1,1,2,7,0.362,1.107,0.447,0,8,66.52,7.32,9.29,14.3,14.3,28.6,0.0
641680,Jonah Heim,2025-04-26,4,11,86.8,98.8,12.25,0,2,2,4,0.642,0.827,0.314,1,7,69.01,8.17,12.84,0.0,50.0,50.0,14.3
641680,Jonah Heim,2025-04-27,4,12,85.6,98.4,9.0,0,1,2,5,0.576,0.663,0.273,2,8,68.74,7.52,7.75,0.0,20.0,40.0,25.0
641680,Jonah Heim,2025-04-28,4,21,83.4,100.8,20.111,0,2,3,9,0.246,0.31,0.236,1,10,69.02,7.54,10.99,0.0,22.2,33.3,10.0
641680,Jonah Heim,2025-04-29,6,24,78.682,98.9,17.545,0,1,2,11,0.368,0.416,0.406,1,12,66.73,7.47,7.3,0.0,9.1,18.2,8.3
641680,Jonah Heim,2025-04-30,4,18,85.078,98.3,17.889,0,1,1,9,0.426,0.476,0.469,1,10,70.28,7.45,13.3,0.0,11.1,11.1,10.0
641680,Jonah Heim,2025-05-01,4,10,87.7,100.9,23.75,0,1,1,4,0.352,0.474,0.361,1,5,70.28,7.86,15.25,0.0,25.0,25.0,20.0
641680,Jonah Heim,2025-05-02,3,13,76.625,89.8,26.0,0,0,1,4,0.319,0.35,0.296,1,5,69.26,7.24,9.5,0.0,0.0,25.0,20.0
641680,Jonah Heim,2025-05-03,4,18,79.467,97.4,10.417,0,2,2,12,0.287,0.32,0.27,0,12,67.57,7.32,16.94,0.0,16.7,16.7,0.0
641680,Jonah Heim,2025-05-04,4,20,80.4,96.5,26.667,0,1,3,6,0.312,0.393,0.326,3,9,64.04,6.98,7.8,0.0,16.7,50.0,33.3
641680,Jonah Heim,2025-05-06,4,14,83.86,105.2,9.2,0,1,2,5,0.35,0.38,0.244,3,8,65.65,7.39,7.52,0.0,20.0,40.0,37.5
641680,Jonah Heim,2025-05-07,4,18,83.925,102.9,11.25,0,1,1,4,0.486,0.53,0.583,0,4,69.12,7.8,9.09,0.0,25.0,25.0,0.0
641680,Jonah Heim,2025-05-09,4,14,72.038,104.4,25.0,0,1,2,8,0.039,0.041,0.019,5,13,67.85,7.37,7.27,0.0,12.5,25.0,38.5
641680,Jonah Heim,2025-05-10,4,15,64.7,86.7,13.25,0,0,0,4,0.075,0.082,0.052,3,7,60.86,7.33,11.59,0.0,0.0,0.0,42.9
641680,Jonah Heim,2025-05-11,4,16,81.071,97.9,25.571,0,2,1,7,0.182,0.558,0.295,0,7,68.51,7.51,9.8,0.0,28.6,14.3,0.0
641680,Jonah Heim,2025-05-13,4,10,86.6,91.5,0.0,0,0,0,4,0.068,0.068,0.031,4,9,68.82,8.09,15.78,0.0,0.0,0.0,44.4
641680,Jonah Heim,2025-05-15,3,10,67.333,84.7,38.0,0,0,0,3,0.003,0.003,0.001,3,6,63.6,7.02,10.55,0.0,0.0,0.0,50.0
641680,Jonah Heim,2025-05-16,3,13,86.96,99.7,4.8,0,2,1,5,0.372,0.516,0.386,1,6,69.37,7.47,13.83,0.0,40.0,20.0,16.7
641680,Jonah Heim,2025-05-18,4,9,94.22,103.9,12.8,1,3,3,5,0.642,1.58,0.741,0,5,72.1,7.82,12.8,20.0,60.0,60.0,0.0
641680,Jonah Heim,2025-05-20,4,13,88.36,96.1,31.4,0,1,1,5,0.074,0.214,0.118,1,6,68.42,7.04,16.43,0.0,20.0,20.0,16.7
641680,Jonah Heim,2025-05-21,1,3,71.9,71.9,27.0,0,0,1,1,0.861,0.929,0.802,1,2,73.5,7.85,14.12,0.0,0.0,100.0,50.0
641680,Jonah Heim,2025-05-22,4,14,85.22,98.0,26.4,1,1,2,5,0.21,0.704,0.187,4,9,64.83,8.01,17.42,20.0,20.0,40.0,44.4
641680,Jonah Heim,2025-05-23,3,16,75.34,79.6,20.4,0,0,1,5,0.037,0.037,0.012,3,9,67.99,7.29,10.38,0.0,0.0,20.0,33.3
641680,Jonah Heim,2025-05-24,4,14,69.743,85.0,12.143,0,0,1,7,0.07,0.07,0.049,1,8,66.24,7.12,10.05,0.0,0.0,14.3,12.5
641680,Jonah Heim,2025-05-25,1,3,,,,0,0,0,0,,,0.0,2,2,69.55,7.4,11.84,0.0,0.0,0.0,100.0
641680,Jonah Heim,2025-05-26,3,5,83.2,94.0,45.667,0,0,1,3,0.297,0.345,0.29,0,3,69.1,8.43,19.03,0.0,0.0,33.3,0.0
641680,Jonah Heim,2025-05-27,3,15,76.82,105.7,50.4,0,1,1,5,0.108,0.108,0.033,3,8,66.54,6.83,6.41,0.0,20.0,20.0,37.5
641680,Jonah Heim,2025-05-28,1,4,,,,0,0,0,0,,,0.0,2,2,61.9,7.93,12.8,0.0,0.0,0.0,100.0
641680,Jonah Heim,2025-05-30,4,18,85.383,102.5,42.333,1,2,1,6,0.295,0.79,0.332,1,7,67.65,7.27,10.24,16.7,33.3,16.7,14.3
641680,Jonah Heim,2025-06-01,4,17,81.967,97.2,18.111,0,1,6,9,0.564,0.676,0.408,1,11,65.49,7.51,16.52,0.0,11.1,66.7,9.1
641680,Jonah Heim,2025-06-04,4,16,84.15,92.8,10.167,0,0,2,6,0.102,0.345,0.136,2,9,67.48,7.3,3.82,0.0,0.0,33.3,22.2
641680,Jonah Heim,2025-06-05,3,14,71.1,71.1,57.0,0,0,0,1,,,0.0,5,6,69.02,7.13,7.9,0.0,0.0,0.0,83.3
641680,Jonah Heim,2025-06-07,4,21,80.433,101.3,38.222,0,1,5,9,0.126,0.336,0.141,1,10,67.73,7.39,8.21,0.0,11.1,55.6,10.0
641680,Jonah Heim,2025-06-08,4,14,78.56,92.3,28.0,0,0,2,5,0.116,0.156,0.259,1,6,63.8,7.01,6.46,0.0,0.0,40.0,16.7
641680,Jonah Heim,2025-06-11,3,6,89.367,93.5,19.333,0,0,3,3,0.453,0.59,0.449,0,3,64.3,7.17,7.73,0.0,0.0,100.0,0.0
641680,Jonah Heim,2025-06-13,3,14,75.1,80.2,22.333,0,0,2,9,0.171,0.2,0.163,1,10,64.36,7.22,10.2,0.0,0.0,22.2,10.0
641680,Jonah Heim,2025-06-14,5,22,83.343,96.9,14.0,0,1,1,7,0.096,0.1,0.053,4,13,65.33,6.98,8.24,0.0,14.3,14.3,30.8
641680,Jonah Heim,2025-06-17,4,20,74.8,86.6,20.571,0,0,1,7,0.18,0.18,0.124,2,10,66.66,6.91,4.73,0.0,0.0,14.3,20.0
641680,Jonah Heim,2025-06-19,3,7,86.7,92.1,-7.25,0,0,1,4,0.091,0.109,0.088,0,4,68.92,7.52,12.98,0.0,0.0,25.0,0.0
641680,Jonah Heim,2025-06-20,5,17,91.325,103.2,30.5,1,2,3,4,0.76,1.29,0.662,1,5,69.02,7.74,18.56,25.0,50.0,75.0,20.0
641680,Jonah Heim,2025-06-22,4,19,89.511,106.7,26.0,0,4,6,9,0.556,0.683,0.536,0,10,70.67,7.74,12.51,0.0,44.4,66.7,0.0
641680,Jonah Heim,2025-06-23,3,7,80.025,96.8,15.75,0,1,1,4,0.219,0.307,0.225,0,4,73.92,7.8,9.28,0.0,25.0,25.0,0.0
641680,Jonah Heim,2025-06-24,1,3,87.7,87.7,34.0,0,0,0,1,,,0.009,0,1,72.1,8.1,7.05,0.0,0.0,0.0,0.0
641680,Jonah Heim,2025-06-25,4,12,84.56,101.8,13.4,1,1,0,5,0.156,0.502,0.271,0,5,71.12,7.88,14.27,20.0,20.0,0.0,0.0
641680,Jonah Heim,2025-06-27,4,16,86.788,101.5,15.75,0,2,2,8,0.467,0.567,0.45,0,8,68.14,7.49,12.26,0.0,25.0,25.0,0.0
641680,Jonah Heim,2025-06-28,4,16,84.425,98.2,25.25,0,1,2,4,0.119,0.371,0.052,6,11,67.57,7.36,11.55,0.0,25.0,50.0,54.5
641680,Jonah Heim,2025-06-29,5,13,74.683,105.8,7.667,0,1,1,6,0.232,0.357,0.252,1,9,69.51,7.49,11.36,0.0,16.7,16.7,11.1
641680,Jonah Heim,2025-06-30,5,23,85.829,99.9,37.0,0,1,2,7,0.185,0.352,0.089,6,13,68.02,7.42,10.55,0.0,14.3,28.6,46.2
641680,Jonah Heim,2025-07-01,5,16,95.833,101.2,-6.0,1,1,1,3,0.328,0.826,0.328,3,7,63.79,7.79,17.43,33.3,33.3,33.3,42.9
641680,Jonah Heim,2025-07-02,4,15,88.9,103.4,38.25,1,2,2,4,0.27,0.701,0.299,2,6,69.63,7.62,13.97,25.0,50.0,50.0,33.3
641680,Jonah Heim,2025-07-04,4,12,91.5,104.0,26.6,0,2,2,5,0.205,0.276,0.157,1,7,69.81,7.89,16.15,0.0,40.0,40.0,14.3
641680,Jonah Heim,2025-07-05,4,19,75.8,97.9,15.5,0,1,1,6,0.094,0.155,0.249,1,7,65.96,7.36,9.48,0.0,16.7,16.7,14.3
641680,Jonah Heim,2025-07-06,4,16,83.575,103.3,8.0,0,3,2,8,0.215,0.23,0.195,1,9,65.19,7.55,13.81,0.0,37.5,25.0,11.1
641680,Jonah Heim,2025-07-07,4,11,99.52,109.1,0.0,0,4,2,5,0.489,0.609,0.524,0,5,73.64,7.96,12.23,0.0,80.0,40.0,0.0
641680,Jonah Heim,2025-07-08,5,18,78.633,82.9,31.333,0,0,0,3,0.148,0.193,0.362,1,5,66.53,7.4,7.22,0.0,0.0,0.0,20.0
641680,Jonah Heim,2025-07-09,4,25,78.591,95.4,30.545,0,1,1,11,0.1,0.111,0.07,3,15,65.97,7.53,10.33,0.0,9.1,9.1,20.0
641680,Jonah Heim,2025-07-10,5,16,89.35,99.2,15.667,1,3,2,6,0.169,0.461,0.208,0,6,60.66,7.01,5.41,16.7,50.0,33.3,0.0
641680,Jonah Heim,2025-07-11,4,23,77.317,95.5,51.5,0,1,2,6,0.081,0.175,0.078,1,8,65.25,7.5,14.36,0.0,16.7,33.3,12.5
641680,Jonah Heim,2025-07-12,5,24,82.638,105.9,14.375,0,2,2,8,0.316,0.342,0.116,1,11,68.25,7.88,10.68,0.0,25.0,25.0,9.1
641680,Jonah Heim,2025-07-18,3,9,76.3,106.0,-12.6,0,1,2,5,0.359,0.46,0.36,0,5,65.6,7.62,10.73,0.0,20.0,40.0,0.0
641680,Jonah Heim,2025-07-19,1,5,,,,0,0,0,0,,,0.0,1,1,72.7,7.4,8.06,0.0,0.0,0.0,100.0
641680,Jonah Heim,2025-07-20,3,19,75.962,86.6,54.625,0,0,0,8,0.006,0.006,0.003,3,14,63.68,7.16,6.28,0.0,0.0,0.0,21.4
641680,Jonah Heim,2025-07-23,3,8,82.55,101.7,49.5,1,1,1,4,0.192,0.687,0.357,0,4,71.9,7.65,12.15,25.0,25.0,25.0,0.0
641680,Jonah Heim,2025-07-25,4,18,76.171,99.3,15.714,1,1,3,7,0.297,0.694,0.479,0,8,67.39,7.53,9.91,14.3,14.3,42.9,0.0
641680,Jonah Heim,2025-07-26,4,15,80.3,101.1,-4.0,0,2,1,6,0.21,0.315,0.169,2,8,69.83,8.03,17.63,0.0,33.3,16.7,25.0
641680,Jonah Heim,2025-07-27,4,8,92.375,99.3,3.0,0,2,3,4,0.744,0.827,0.514,0,5,62.26,7.86,13.79,0.0,50.0,75.0,0.0
641680,Jonah Heim,2025-07-28,4,15,72.9,86.9,17.25,0,0,1,4,0.454,0.514,0.392,2,8,67.58,7.19,10.12,0.0,0.0,25.0,25.0
641680,Jonah Heim,2025-07-29,4,17,85.325,104.9,35.625,0,2,2,8,0.322,0.502,0.35,1,9,68.41,7.47,6.69,0.0,25.0,25.0,11.1
641680,Jonah Heim,2025-07-30,4,21,73.3,103.7,-1.167,0,3,2,5,0.109,0.109,0.223,2,11,66.66,7.35,11.04,0.0,60.0,40.0,18.2
641680,Jonah Heim,2025-08-01,3,9,82.467,90.8,-4.667,0,0,1,3,0.108,0.146,0.034,1,6,67.22,7.88,10.64,0.0,0.0,33.3,16.7
641680,Jonah Heim,2025-08-02,1,5,69.1,69.1,48.0,0,0,0,1,,,0.0,0,1,60.27,6.93,-4.77,0.0,0.0,0.0,0.0
641680,Jonah Heim,2025-08-04,3,10,86.2,87.0,27.0,0,0,0,2,0.102,0.122,0.293,1,3,71.87,7.93,5.51,0.0,0.0,0.0,33.3
641680,Jonah Heim,2025-08-05,4,17,88.567,99.5,25.667,0,2,1,3,0.269,0.656,0.194,6,10,65.05,7.24,6.65,0.0,66.7,33.3,60.0
641680,Jonah Heim,2025-08-09,3,20,76.35,84.7,39.25,0,0,1,8,0.04,0.04,0.243,1,9,68.43,7.37,7.22,0.0,0.0,12.5,11.1
641680,Jonah Heim,2025-08-11,4,18,76.925,105.7,33.25,0,1,2,8,0.315,0.379,0.301,1,11,68.28,7.49,9.12,0.0,12.5,25.0,9.1
641680,Jonah Heim,2025-08-13,4,19,82.043,100.9,21.286,0,1,1,7,0.047,0.055,0.209,2,9,66.43,8.06,12.05,0.0,14.3,14.3,22.2
641680,Jonah Heim,2025-08-16,4,11,94.133,99.2,2.333,0,2,1,3,0.389,0.453,0.271,1,4,70.7,7.65,7.02,0.0,66.7,33.3,25.0
641680,Jonah Heim,2025-08-17,4,20,75.329,97.9,25.0,1,1,3,7,0.376,0.651,0.433,3,11,67.05,7.85,17.37,14.3,14.3,42.9,27.3
641680,Jonah Heim,2025-08-18,3,15,82.3,99.6,31.0,0,1,4,6,0.509,0.597,0.482,1,7,67.88,7.31,10.86,0.0,16.7,66.7,14.3
641680,Jonah Heim,2025-08-19,3,14,84.333,90.2,30.667,0,0,2,3,0.264,0.338,0.405,0,3,71.87,7.17,10.25,0.0,0.0,66.7,0.0
641680,Jonah Heim,2025-08-20,5,20,88.0,102.4,17.167,1,3,4,6,0.397,0.839,0.516,2,9,68.89,8.02,12.05,16.7,50.0,66.7,22.2
641680,Jonah Heim,2025-08-21,4,13,92.925,102.7,23.5,1,2,1,4,0.446,0.828,0.404,2,6,71.57,7.72,13.76,25.0,50.0,25.0,33.3
641680,Jonah Heim,2025-08-23,4,13,80.45,98.2,4.0,0,2,3,6,0.095,0.11,0.091,0,6,69.97,8.0,12.3,0.0,33.3,50.0,0.0
641680,Jonah Heim,2025-08-25,3,16,84.88,100.1,9.4,0,1,1,5,0.202,0.224,0.188,1,7,69.73,7.47,7.57,0.0,20.0,20.0,14.3
641680,Jonah Heim,2025-08-26,3,13,75.075,85.2,41.5,0,0,0,4,0.114,0.124,0.299,0,4,73.25,7.7,9.22,0.0,0.0,0.0,0.0
641680,Jonah Heim,2025-08-29,4,11,86.74,100.6,14.2,0,1,1,5,0.203,0.78,0.44,0,5,67.68,7.68,16.21,0.0,20.0,20.0,0.0
641680,Jonah Heim,2025-08-31,5,20,81.48,91.7,12.0,0,0,1,5,0.084,0.118,0.19,1,7,58.8,7.54,13.37,0.0,0.0,20.0,14.3
641680,Jonah Heim,2025-09-02,4,20,88.1,96.2,9.6,0,1,1,5,0.274,0.31,0.367,0,5,70.7,7.82,11.04,0.0,20.0,20.0,0.0
641680,Jonah Heim,2025-09-05,1,3,,,,0,0,0,0,,,0.0,2,2,64.0,5.95,1.18,0.0,0.0,0.0,100.0
641680,Jonah Heim,2025-09-06,4,15,74.85,86.6,27.5,0,0,2,2,0.47,0.552,0.398,4,6,66.1,7.1,12.33,0.0,0.0,100.0,66.7
641680,Jonah Heim,2025-09-07,3,9,76.267,106.4,-25.333,0,1,0,3,0.252,0.272,0.155,1,4,67.33,8.37,22.68,0.0,33.3,0.0,25.0
641680,Jonah Heim,2025-09-08,3,8,94.6,102.0,-6.0,0,1,1,2,0.288,0.306,0.405,1,3,71.95,8.6,15.18,0.0,50.0,50.0,33.3
641680,Jonah Heim,2025-09-09,3,10,86.25,100.9,20.5,0,2,2,4,0.264,0.336,0.403,0,4,71.35,7.42,10.57,0.0,50.0,50.0,0.0
641680,Jonah Heim,2025-09-10,1,2,66.1,66.1,76.0,0,0,0,1,0.003,0.003,0.002,0,1,72.8,7.8,13.55,0.0,0.0,0.0,0.0
641680,Jonah Heim,2025-09-12,5,23,83.08,91.6,8.2,0,0,1,5,0.034,0.054,0.16,2,7,68.91,7.64,8.96,0.0,0.0,20.0,28.6
641680,Jonah Heim,2025-09-13,4,13,84.1,103.8,18.5,0,2,1,4,0.228,0.401,0.263,1,5,70.8,7.92,16.15,0.0,50.0,25.0,20.0
641680,Jonah Heim,2025-09-15,4,13,100.833,104.0,8.667,0,3,2,3,0.515,0.835,0.605,2,6,68.67,6.78,5.6,0.0,100.0,66.7,33.3
641680,Jonah Heim,2025-09-16,2,5,98.75,101.4,23.0,1,2,2,2,0.694,1.463,0.902,2,4,70.65,7.62,11.05,50.0,100.0,100.0,50.0
641680,Jonah Heim,2025-09-17,3,9,81.933,83.7,36.333,0,0,0,3,0.051,0.061,0.048,0,4,67.75,7.15,7.36,0.0,0.0,0.0,0.0
641680,Jonah Heim,2025-09-19,3,8,81.167,100.5,-20.333,0,1,0,3,0.152,0.159,0.14,0,4,64.05,6.55,5.56,0.0,33.3,0.0,0.0
641680,Jonah Heim,2025-09-21,3,18,50.033,84.9,16.0,0,0,0,3,0.168,0.168,0.281,3,6,67.28,7.6,13.61,0.0,0.0,0.0,50.0
641680,Jonah Heim,2025-09-23,1,5,75.6,75.6,47.0,0,0,0,1,,,0.0,1,2,64.95,6.8,-6.55,0.0,0.0,0.0,50.0
641680,Jonah Heim,2025-09-24,3,8,85.975,97.2,30.5,0,1,1,4,0.257,0.288,0.234,0,4,60.5,7.07,12.17,0.0,25.0,25.0,0.0
641680,Jonah Heim,2025-09-26,4,16,78.283,105.3,41.5,0,1,2,6,0.31,0.394,0.23,0,6,68.0,7.3,9.21,0.0,16.7,33.3,0.0
641680,Jonah Heim,2025-09-28,5,20,82.022,106.9,38.889,0,2,1,9,0.279,0.318,0.154,2,12,68.39,7.35,11.89,0.0,22.2,11.1,16.7
641856,Billy McKinney,2025-07-01,4,10,84.875,101.4,13.75,0,1,2,4,0.503,0.616,0.487,1,5,69.68,7.06,16.13,0.0,25.0,50.0,20.0
641856,Billy McKinney,2025-07-02,4,21,75.256,92.0,24.444,0,0,1,9,0.254,0.282,0.289,3,13,70.16,6.75,8.8,0.0,0.0,11.1,23.1
641856,Billy McKinney,2025-09-24,3,12,88.55,98.2,34.75,0,2,2,4,0.478,1.013,0.626,2,6,61.62,6.95,13.45,0.0,50.0,50.0,33.3
641856,Billy McKinney,2025-09-25,3,10,78.033,94.2,8.0,0,0,1,3,0.163,0.198,0.156,2,5,68.05,7.05,21.76,0.0,0.0,33.3,40.0
641856,Billy McKinney,2025-09-26,4,21,79.9,102.0,14.571,0,1,2,7,0.328,0.411,0.318,2,9,69.62,6.93,9.99,0.0,14.3,28.6,22.2
641856,Billy McKinney,2025-09-28,3,12,84.35,98.5,20.75,0,1,2,4,0.154,0.264,0.178,0,4,66.57,6.4,1.56,0.0,25.0,50.0,0.0
642133,Rowdy Tellez,2025-07-18,3,19,84.15,110.0,-11.0,0,2,1,6,0.519,0.615,0.326,2,10,75.27,8.33,15.78,0.0,33.3,16.7,20.0
642133,Rowdy Tellez,2025-07-19,3,17,76.9,111.4,23.75,1,1,1,3,0.973,3.849,0.881,3,7,68.23,8.46,17.42,33.3,33.3,33.3,42.9
642133,Rowdy Tellez,2025-07-21,1,3,72.05,74.0,69.5,0,0,0,2,,,0.0,0,2,68.4,6.8,9.27,0.0,0.0,0.0,0.0
642133,Rowdy Tellez,2025-07-22,3,9,92.967,105.9,3.0,0,1,0,3,0.05,0.066,0.048,1,4,73.5,7.92,11.44,0.0,33.3,0.0,25.0
642133,Rowdy Tellez,2025-07-23,1,5,,,,0,0,0,0,,,0.691,0,0,,,,0.0,0.0,0.0,0.0
642133,Rowdy Tellez,2025-07-25,1,4,85.0,85.0,43.0,0,0,0,1,,,0.016,0,1,73.7,7.1,-0.48,0.0,0.0,0.0,0.0
642133,Rowdy Tellez,2025-07-26,4,22,72.371,99.4,26.143,0,1,2,7,0.292,0.342,0.137,5,12,69.04,7.86,6.6,0.0,14.3,28.6,41.7
642133,Rowdy Tellez,2025-07-31,3,8,86.133,92.3,-3.333,0,0,0,3,0.064,0.094,0.067,0,3,72.9,7.6,4.86,0.0,0.0,0.0,0.0
642133,Rowdy Tellez,2025-08-01,2,6,96.65,103.9,-17.5,0,1,0,2,0.263,0.3,0.12,2,4,74.62,8.4,9.65,0.0,50.0,0.0,50.0
642133,Rowdy Tellez,2025-08-02,4,17,87.275,106.7,17.0,1,2,1,4,0.296,0.775,0.334,3,7,75.04,8.6,12.37,25.0,50.0,25.0,42.9
642133,Rowdy Tellez,2025-08-03,3,11,94.633,103.3,16.0,2,2,1,3,0.379,1.413,0.726,1,4,77.18,8.02,7.59,66.7,66.7,33.3,25.0
642133,Rowdy Tellez,2025-08-04,1,5,,,,0,0,0,0,,,0.0,2,3,76.73,7.6,11.08,0.0,0.0,0.0,66.7
642133,Rowdy Tellez,2025-08-05,4,27,79.183,95.9,30.167,0,2,4,12,0.323,0.387,0.31,2,15,71.43,7.77,4.47,0.0,16.7,33.3,13.3
642133,Rowdy Tellez,2025-08-06,1,5,69.4,69.4,64.0,0,0,0,1,,,0.0,1,2,69.5,7.3,4.19,0.0,0.0,0.0,50.0
642133,Rowdy Tellez,2025-08-10,2,10,81.9,81.9,10.0,0,0,1,1,0.42,0.42,0.189,1,3,71.73,9.03,20.3,0.0,0.0,100.0,33.3
642133,Rowdy Tellez,2025-08-11,4,12,96.66,107.8,14.4,1,3,2,5,0.401,1.168,0.641,0,5,75.1,7.45,9.34,20.0,60.0,40.0,0.0
642133,Rowdy Tellez,2025-08-12,4,18,82.3,102.2,23.5,0,1,1,6,0.235,0.816,0.322,0,6,78.88,7.94,1.21,0.0,16.7,16.7,0.0
642133,Rowdy Tellez,2025-08-15,4,23,82.46,106.2,43.6,0,1,2,5,0.737,0.781,0.511,2,8,76.1,8.48,11.79,0.0,20.0,40.0,25.0
642133,Rowdy Tellez,2025-08-16,1,1,101.1,101.1,20.0,0,1,1,1,0.365,0.731,0.452,0,1,74.6,7.2,1.13,0.0,100.0,100.0,0.0
642133,Rowdy Tellez,2025-08-17,3,14,75.8,82.4,7.5,0,0,0,2,0.306,0.361,0.433,1,3,74.87,7.8,11.31,0.0,0.0,0.0,33.3
642133,Rowdy Tellez,2025-08-18,4,15,83.4,101.1,6.667,0,2,0,6,0.102,0.108,0.071,1,7,76.76,7.92,13.94,0.0,33.3,0.0,14.3
642133,Rowdy Tellez,2025-08-19,2,11,77.175,97.4,21.75,0,1,1,4,0.236,0.259,0.215,0,4,75.08,7.75,10.64,0.0,25.0,25.0,0.0
642133,Rowdy Tellez,2025-08-21,3,12,85.867,111.5,-6.0,0,1,0,3,0.265,0.282,0.081,2,5,72.78,8.06,14.9,0.0,33.3,0.0,40.0
642133,Rowdy Tellez,2025-08-22,3,12,81.125,93.9,52.75,0,0,1,4,0.04,0.105,0.041,1,6,76.47,7.61,10.9,0.0,0.0,25.0,16.7
642133,Rowdy Tellez,2025-08-24,4,24,80.357,108.4,22.571,1,2,3,7,0.55,1.936,0.853,1,8,76.42,8.07,11.54,14.3,28.6,42.9,12.5
642133,Rowdy Tellez,2025-08-25,2,11,81.5,95.0,5.0,0,1,0,3,0.144,0.144,0.065,1,4,75.1,8.02,4.64,0.0,33.3,0.0,25.0
642133,Rowdy Tellez,2025-08-26,1,4,69.9,69.9,-42.0,0,0,0,1,0.112,0.112,0.104,1,2,79.2,7.9,15.76,0.0,0.0,0.0,50.0
642133,Rowdy Tellez,2025-08-27,5,20,78.47,109.5,37.1,1,2,1,10,0.613,1.398,0.479,0,10,75.1,8.07,8.1,10.0,20.0,10.0,0.0
642133,Rowdy Tellez,2025-08-29,2,14,78.6,94.9,14.0,0,0,4,6,0.184,0.201,0.084,1,7,68.65,7.77,5.05,0.0,0.0,66.7,14.3
642133,Rowdy Tellez,2025-08-30,3,9,80.625,97.7,51.0,1,1,1,4,0.216,0.517,0.302,0,4,76.47,7.95,5.29,25.0,25.0,25.0,0.0
642133,Rowdy Tellez,2025-08-31,5,20,87.425,106.3,34.75,0,3,2,8,0.178,0.2,0.065,2,11,73.46,8.38,13.63,0.0,37.5,25.0,18.2
642133,Rowdy Tellez,2025-09-01,3,15,79.567,92.8,8.667,0,0,1,3,0.164,0.205,0.104,2,6,68.28,7.4,8.43,0.0,0.0,33.3,33.3
642133,Rowdy Tellez,2025-09-02,4,19,84.675,96.1,-2.5,0,1,0,4,0.082,0.1,0.056,1,5,79.76,8.38,12.61,0.0,25.0,0.0,20.0
642133,Rowdy Tellez,2025-09-03,1,2,97.3,97.3,-19.0,0,1,0,1,0.093,0.093,0.088,0,1,66.5,7.0,-2.57,0.0,100.0,0.0,0.0
642133,Rowdy Tellez,2025-09-05,1,3,,,,0,0,0,0,,,0.0,1,1,63.8,8.8,28.9,0.0,0.0,0.0,100.0
642133,Rowdy Tellez,2025-09-10,1,4,67.3,67.3,-37.0,0,0,0,1,0.083,0.1,0.076,0,1,75.0,8.3,4.12,0.0,0.0,0.0,0.0
642133,Rowdy Tellez,2025-09-12,1,4,72.5,76.2,-0.5,0,0,0,2,0.122,0.15,0.114,0,2,72.6,8.2,10.16,0.0,0.0,0.0,0.0
642133,Rowdy Tellez,2025-09-13,1,1,91.5,91.5,22.0,0,0,1,1,0.142,0.218,0.134,0,1,77.5,8.4,17.36,0.0,0.0,100.0,0.0
642133,Rowdy Tellez,2025-09-14,5,14,84.66,104.9,19.6,0,2,3,5,0.506,0.675,0.411,0,5,73.38,7.98,4.43,0.0,40.0,60.0,0.0
642133,Rowdy Tellez,2025-09-15,1,3,97.8,97.8,-1.0,0,1,0,1,0.34,0.357,0.309,1,2,71.8,7.5,5.43,0.0,100.0,0.0,50.0
642133,Rowdy Tellez,2025-09-16,2,10,88.2,88.2,48.0,0,0,0,1,0.008,0.017,0.351,0,3,74.4,8.43,8.44,0.0,0.0,0.0,0.0
642133,Rowdy Tellez,2025-09-17,3,10,88.275,106.1,21.25,0,1,1,4,0.498,0.668,0.334,1,5,67.73,7.22,1.88,0.0,25.0,25.0,20.0
642133,Rowdy Tellez,2025-09-19,1,3,110.1,110.1,29.0,1,1,1,1,0.967,3.876,1.96,0,1,80.4,8.4,8.04,100.0,100.0,100.0,0.0
642133,Rowdy Tellez,2025-09-20,2,9,98.35,109.1,18.0,0,1,2,2,0.532,0.763,0.564,0,2,77.3,7.65,-5.55,0.0,50.0,100.0,0.0
642133,Rowdy Tellez,2025-09-21,4,22,85.2,107.4,13.857,0,2,1,7,0.243,0.288,0.176,3,11,75.06,7.63,4.19,0.0,28.6,14.3,27.3
642133,Rowdy Tellez,2025-09-24,4,19,79.7,86.5,31.8,0,0,1,5,0.443,0.557,0.28,2,10,63.64,7.23,1.28,0.0,0.0,20.0,20.0
642133,Rowdy Tellez,2025-09-25,2,9,96.14,107.0,39.0,2,4,2,5,0.637,2.251,1.171,1,6,74.6,7.57,7.65,40.0,80.0,40.0,16.7
642133,Rowdy Tellez,2025-09-26,2,10,95.1,99.8,8.5,1,1,1,2,0.444,1.699,0.435,2,5,65.82,7.96,11.78,50.0,50.0,50.0,40.0
642133,Rowdy Tellez,2025-09-27,2,9,71.05,84.9,20.0,0,0,0,2,,,0.0,5,7,68.96,7.76,7.5,0.0,0.0,0.0,71.4
642133,Rowdy Tellez,2025-09-28,1,5,80.733,94.2,48.667,0,0,1,3,0.165,0.43,0.245,0,3,73.87,8.03,7.87,0.0,0.0,33.3,0.0
664059,Sam Haggerty,2025-05-09,4,11,86.325,101.8,12.25,0,2,3,4,0.583,0.69,0.419,4,8,72.01,6.91,3.74,0.0,50.0,75.0,50.0
664059,Sam Haggerty,2025-05-10,2,5,89.5,103.1,29.5,0,1,1,2,0.651,0.72,0.293,1,3,75.83,7.37,0.64,0.0,50.0,50.0,33.3
664059,Sam Haggerty,2025-05-11,1,1,29.1,29.1,-13.0,0,0,0,1,0.296,0.299,0.27,0,1,12.5,1.4,-63.05,0.0,0.0,0.0,0.0
664059,Sam Haggerty,2025-05-13,3,8,85.733,96.2,-2.0,0,1,1,3,0.423,0.488,0.397,0,3,62.95,7.05,4.76,0.0,33.3,33.3,0.0
664059,Sam Haggerty,2025-05-16,1,1,86.3,86.3,71.0,0,0,0,1,0.008,0.009,0.008,0,1,,,,0.0,0.0,0.0,0.0
664059,Sam Haggerty,2025-05-17,4,17,78.45,102.5,27.25,0,2,2,8,0.333,0.693,0.494,1,9,68.89,6.52,2.04,0.0,25.0,25.0,11.1
664059,Sam Haggerty,2025-05-18,4,17,83.857,104.0,-2.0,0,3,1,7,0.338,0.591,0.391,0,9,66.42,6.53,-6.25,0.0,42.9,14.3,0.0
664059,Sam Haggerty,2025-05-20,4,16,88.633,99.3,25.667,0,1,2,3,0.278,0.727,0.205,2,5,68.34,6.1,-4.71,0.0,33.3,66.7,40.0
664059,Sam Haggerty,2025-05-21,5,16,81.38,107.2,32.2,1,1,4,5,0.553,1.278,0.611,2,7,72.43,7.06,3.03,20.0,20.0,80.0,28.6
664059,Sam Haggerty,2025-05-22,4,16,84.75,104.2,21.75,1,1,2,4,0.461,0.965,0.448,2,7,72.26,7.71,10.71,25.0,25.0,50.0,28.6
664059,Sam Haggerty,2025-05-23,4,17,76.98,93.6,2.4,0,0,1,5,0.231,0.266,0.338,0,6,69.8,6.72,0.6,0.0,0.0,20.0,0.0
664059,Sam Haggerty,2025-05-24,5,20,86.525,107.0,10.75,0,1,2,4,0.416,0.516,0.465,1,7,69.63,6.7,4.11,0.0,25.0,50.0,14.3
664059,Sam Haggerty,2025-05-25,5,15,87.85,106.1,6.125,0,3,2,8,0.131,0.159,0.128,1,9,71.29,6.86,-0.97,0.0,37.5,25.0,11.1
664059,Sam Haggerty,2025-05-26,4,9,90.75,100.9,19.75,0,1,2,4,0.211,0.493,0.216,3,7,59.81,6.66,-0.42,0.0,25.0,50.0,42.9
664059,Sam Haggerty,2025-05-30,5,20,86.283,100.1,15.333,0,2,2,6,0.321,0.35,0.372,0,6,71.73,6.52,0.87,0.0,33.3,33.3,0.0
664059,Sam Haggerty,2025-05-31,3,7,84.75,102.4,-18.0,0,1,0,2,0.086,0.1,0.055,2,4,61.75,6.92,5.83,0.0,50.0,0.0,50.0
664059,Sam Haggerty,2025-06-01,5,14,72.14,90.2,5.4,0,0,2,5,0.132,0.172,0.318,0,5,69.28,6.5,-0.4,0.0,0.0,40.0,0.0
664059,Sam Haggerty,2025-06-03,2,8,70.2,78.0,15.0,0,0,0,3,,,0.0,3,6,62.92,6.13,-8.88,0.0,0.0,0.0,50.0
664059,Sam Haggerty,2025-06-06,1,1,95.9,95.9,20.0,0,1,1,1,0.241,0.41,0.253,0,1,75.2,6.6,-4.5,0.0,100.0,100.0,0.0
664059,Sam Haggerty,2025-06-07,5,12,87.657,102.5,8.143,0,3,1,7,0.401,0.459,0.373,1,8,65.89,6.68,9.4,0.0,42.9,14.3,12.5
664059,Sam Haggerty,2025-06-08,5,18,83.367,109.6,28.5,0,2,2,6,0.644,0.774,0.373,4,11,68.75,6.9,2.54,0.0,33.3,33.3,36.4
664059,Sam Haggerty,2025-06-10,1,3,83.5,97.3,31.0,0,1,1,2,0.241,0.467,0.291,0,2,66.7,6.4,-1.43,0.0,50.0,50.0,0.0
664059,Sam Haggerty,2025-06-12,1,2,83.8,102.0,38.0,1,1,1,2,0.586,2.209,1.134,0,2,66.85,5.95,0.2,50.0,50.0,50.0,0.0
664059,Sam Haggerty,2025-06-13,1,5,81.4,91.6,39.333,0,0,2,3,0.089,0.256,0.146,0,3,70.27,7.13,-3.35,0.0,0.0,66.7,0.0
664059,Sam Haggerty,2025-06-14,5,25,76.788,96.9,25.625,0,1,3,8,0.17,0.423,0.123,4,14,67.59,6.28,0.47,0.0,12.5,37.5,28.6
664059,Sam Haggerty,2025-06-15,1,6,51.6,51.6,-65.5,0,0,0,1,,,,2,4,68.45,6.88,7.47,0.0,0.0,0.0,50.0
664059,Sam Haggerty,2025-06-17,1,5,82.0,82.0,-37.0,0,0,0,1,,,0.0,1,3,72.3,7.23,5.96,0.0,0.0,0.0,33.3
664059,Sam Haggerty,2025-06-18,5,16,76.925,98.3,23.25,0,1,3,8,0.472,0.543,0.361,2,10,67.61,6.95,4.28,0.0,12.5,37.5,20.0
664059,Sam Haggerty,2025-06-19,1,2,104.2,104.2,-21.0,0,1,0,1,0.159,0.162,0.144,0,1,70.4,6.6,-1.93,0.0,100.0,0.0,0.0
664059,Sam Haggerty,2025-06-20,5,19,80.475,103.9,16.75,0,2,2,4,0.351,0.392,0.473,2,6,72.4,6.9,5.62,0.0,50.0,50.0,33.3
664059,Sam Haggerty,2025-06-21,4,18,72.45,80.8,-26.0,0,0,0,2,0.058,0.061,0.187,5,7,72.19,7.4,9.82,0.0,0.0,0.0,71.4
664059,Sam Haggerty,2025-06-22,4,14,80.85,106.7,9.5,0,1,2,6,0.416,0.553,0.488,1,7,65.31,6.34,-3.57,0.0,16.7,33.3,14.3
664059,Sam Haggerty,2025-06-23,4,11,77.35,92.7,-10.667,0,0,2,6,0.208,0.254,0.199,2,8,73.59,6.7,-2.53,0.0,0.0,33.3,25.0
664059,Sam Haggerty,2025-06-24,2,13,73.3,84.8,30.667,0,0,0,3,0.074,0.098,0.379,1,4,71.45,6.85,5.62,0.0,0.0,0.0,25.0
664059,Sam Haggerty,2025-06-25,5,14,89.033,101.2,26.667,0,2,1,3,0.203,0.279,0.261,0,4,70.82,7.08,5.67,0.0,66.7,33.3,0.0
664059,Sam Haggerty,2025-06-27,6,25,86.533,98.9,20.667,0,1,1,3,0.519,0.558,0.313,5,9,67.48,7.06,4.06,0.0,33.3,33.3,55.6
664059,Sam Haggerty,2025-06-28,1,4,,,,0,0,0,0,,,0.0,1,1,31.33,3.53,-16.58,0.0,0.0,0.0,100.0
664059,Sam Haggerty,2025-06-30,5,24,84.022,99.7,20.556,0,4,0,9,0.254,0.434,0.23,4,14,70.33,7.06,2.06,0.0,44.4,0.0,28.6
664059,Sam Haggerty,2025-07-01,4,13,86.56,101.9,17.0,0,1,2,5,0.167,0.254,0.308,0,6,66.9,6.95,3.02,0.0,20.0,40.0,0.0
664059,Sam Haggerty,2025-07-04,1,3,95.5,95.5,30.0,0,1,1,1,0.162,0.488,0.265,0,1,76.9,7.0,-3.43,0.0,100.0,100.0,0.0
664059,Sam Haggerty,2025-07-06,1,2,93.1,93.1,42.0,0,0,0,1,0.02,0.064,0.035,0,1,78.3,7.7,4.94,0.0,0.0,0.0,0.0
664059,Sam Haggerty,2025-07-07,5,20,80.89,102.7,-0.5,0,3,2,10,0.335,0.365,0.304,2,12,70.81,6.97,1.49,0.0,30.0,20.0,16.7
664059,Sam Haggerty,2025-07-08,1,2,83.5,83.5,53.0,0,0,0,1,0.025,0.03,0.023,0,1,72.2,7.0,10.83,0.0,0.0,0.0,0.0
664059,Sam Haggerty,2025-07-12,3,7,89.7,103.8,11.8,0,2,1,5,0.302,0.329,0.277,0,5,72.58,6.82,-1.15,0.0,40.0,20.0,0.0
664059,Sam Haggerty,2025-07-13,2,5,50.5,50.5,-85.0,0,0,0,1,0.211,0.214,0.098,2,3,66.3,6.83,2.62,0.0,0.0,0.0,66.7
664059,Sam Haggerty,2025-07-25,4,17,77.05,101.7,1.0,0,1,2,6,0.455,0.784,0.261,2,9,64.86,6.05,-8.93,0.0,16.7,33.3,22.2
664059,Sam Haggerty,2025-07-29,4,12,92.6,110.1,22.5,0,1,0,2,0.33,0.374,0.336,2,4,73.92,7.82,9.42,0.0,50.0,0.0,50.0
664059,Sam Haggerty,2025-07-31,2,11,84.133,103.0,23.333,0,1,0,3,0.243,0.246,0.112,0,3,65.68,6.55,-11.33,0.0,33.3,0.0,0.0
664059,Sam Haggerty,2025-08-01,2,6,84.867,98.5,2.667,0,1,2,3,0.498,0.588,0.474,0,3,68.83,6.0,-17.79,0.0,33.3,66.7,0.0
664059,Sam Haggerty,2025-08-04,4,17,75.76,90.0,3.0,0,0,1,5,0.446,0.506,0.317,1,6,72.98,7.1,3.26,0.0,0.0,20.0,16.7
664059,Sam Haggerty,2025-08-06,5,24,82.667,96.6,17.667,0,1,1,3,0.106,0.13,0.197,3,9,65.49,6.8,1.15,0.0,33.3,33.3,33.3
664059,Sam Haggerty,2025-08-08,4,13,92.25,101.5,23.75,0,3,1,4,0.396,0.817,0.254,1,6,72.4,7.1,4.57,0.0,75.0,25.0,16.7
664059,Sam Haggerty,2025-08-09,4,6,85.325,99.5,1.0,0,1,2,4,0.478,0.566,0.461,0,4,74.28,7.28,-0.43,0.0,25.0,50.0,0.0
664059,Sam Haggerty,2025-08-10,2,7,85.3,94.0,8.0,0,0,1,2,0.48,0.555,0.216,1,3,66.1,6.07,-10.44,0.0,0.0,50.0,33.3
664059,Sam Haggerty,2025-08-11,1,2,92.6,92.6,-7.0,0,0,0,1,0.276,0.319,0.248,0,1,73.4,6.9,2.67,0.0,0.0,0.0,0.0
664059,Sam Haggerty,2025-08-12,1,3,,,,0,0,0,0,,,0.0,0,1,68.85,5.45,-19.02,0.0,0.0,0.0,0.0
664059,Sam Haggerty,2025-08-13,2,9,81.025,92.3,16.5,0,0,2,4,0.01,0.023,0.006,2,6,66.43,7.08,6.24,0.0,0.0,50.0,33.3
664059,Sam Haggerty,2025-08-16,3,10,75.25,88.0,-2.0,0,0,0,4,0.088,0.09,0.286,1,5,72.98,7.5,12.39,0.0,0.0,0.0,20.0
664238,Dylan Moore,2025-08-29,2,8,84.033,106.4,47.667,0,1,1,3,0.461,0.613,0.468,0,3,68.83,7.2,11.99,0.0,33.3,33.3,0.0
664238,Dylan Moore,2025-08-30,2,8,90.7,100.2,16.5,1,1,2,2,0.411,1.321,0.352,2,4,63.08,6.65,4.41,50.0,50.0,100.0,50.0
664238,Dylan Moore,2025-09-01,2,11,84.433,104.3,15.0,0,1,3,6,0.521,0.66,0.52,1,7,70.74,6.59,5.35,0.0,16.7,50.0,14.3
664238,Dylan Moore,2025-09-03,1,3,73.833,100.1,10.0,0,1,0,3,0.347,0.406,0.317,0,3,75.0,6.8,3.97,0.0,33.3,0.0,0.0
664238,Dylan Moore,2025-09-05,2,9,76.98,88.1,34.4,0,0,0,5,0.053,0.07,0.024,0,5,70.95,7.32,12.18,0.0,0.0,0.0,0.0
664238,Dylan Moore,2025-09-07,3,13,77.6,100.1,12.6,0,1,1,5,0.281,0.318,0.262,0,5,68.82,6.44,3.12,0.0,20.0,20.0,0.0
664238,Dylan Moore,2025-09-08,4,12,85.3,91.5,43.333,0,0,0,3,0.232,0.252,0.105,1,4,69.6,6.86,4.19,0.0,0.0,0.0,25.0
664238,Dylan Moore,2025-09-12,1,3,103.6,103.6,27.0,1,1,1,1,0.701,2.686,1.374,2,3,72.47,6.93,7.81,100.0,100.0,100.0,66.7
664238,Dylan Moore,2025-09-13,1,4,71.1,71.1,43.0,0,0,0,1,,,0.0,1,2,66.95,6.35,0.09,0.0,0.0,0.0,50.0
664238,Dylan Moore,2025-09-15,2,8,84.667,99.1,31.0,0,1,1,3,0.148,0.148,0.135,0,3,66.2,6.33,1.07,0.0,33.3,33.3,0.0
664238,Dylan Moore,2025-09-16,1,9,85.133,100.4,57.333,0,1,0,3,,,0.691,1,4,70.75,7.55,13.91,0.0,33.3,0.0,25.0
664238,Dylan Moore,2025-09-17,1,2,76.8,76.8,40.0,0,0,0,1,0.091,0.136,0.096,0,1,72.5,6.7,3.24,0.0,0.0,0.0,0.0
664238,Dylan Moore,2025-09-19,2,8,86.75,88.4,42.5,0,0,0,2,0.012,0.022,0.014,0,2,72.4,6.95,3.8,0.0,0.0,0.0,0.0
664238,Dylan Moore,2025-09-23,1,4,,,,0,0,0,0,,,0.0,2,2,70.15,6.55,3.32,0.0,0.0,0.0,100.0
664238,Dylan Moore,2025-09-27,3,16,79.42,98.6,17.8,0,1,1,5,0.161,0.168,0.1,2,7,63.29,6.83,8.22,0.0,20.0,20.0,28.6
664238,Dylan Moore,2025-09-28,2,4,81.2,81.2,5.0,0,0,0,1,0.341,0.342,0.515,0,1,,,,0.0,0.0,0.0,0.0
665750,Leody Taveras,2025-03-28,3,13,75.5,81.2,35.75,0,0,1,4,0.954,1.089,0.531,0,4,72.72,7.3,-1.5,0.0,0.0,25.0,0.0
665750,Leody Taveras,2025-03-29,3,6,64.433,96.6,-14.333,0,1,0,3,0.099,0.13,0.105,0,3,58.7,7.45,2.77,0.0,33.3,0.0,0.0
665750,Leody Taveras,2025-03-30,3,12,76.75,85.4,42.5,0,0,2,4,0.425,0.442,0.128,2,6,71.33,7.35,7.91,0.0,0.0,50.0,33.3
665750,Leody Taveras,2025-03-31,4,12,68.72,87.6,17.8,0,0,1,5,0.316,0.35,0.15,1,6,69.2,7.53,8.11,0.0,0.0,20.0,16.7
665750,Leody Taveras,2025-04-01,4,19,70.117,86.4,14.5,0,0,1,6,0.079,0.111,0.058,4,11,66.85,7.23,5.23,0.0,0.0,16.7,36.4
665750,Leody Taveras,2025-04-02,3,7,79.5,101.9,41.333,0,1,1,3,0.202,0.469,0.278,2,5,69.64,7.14,2.48,0.0,33.3,33.3,40.0
665750,Leody Taveras,2025-04-04,3,12,84.64,100.1,20.0,0,2,1,5,0.103,0.105,0.095,0,5,57.57,6.47,-6.64,0.0,40.0,20.0,0.0
665750,Leody Taveras,2025-04-05,2,10,66.7,86.9,12.2,0,0,1,5,0.008,0.014,0.005,2,8,66.61,7.68,8.65,0.0,0.0,20.0,25.0
665750,Leody Taveras,2025-04-06,3,15,80.733,98.6,23.0,0,1,2,3,0.878,1.009,0.274,1,4,62.33,6.17,-4.15,0.0,33.3,66.7,25.0
665750,Leody Taveras,2025-04-07,1,5,85.0,85.0,72.0,0,0,0,1,0.003,0.003,0.002,0,1,72.0,7.4,11.7,0.0,0.0,0.0,0.0
665750,Leody Taveras,2025-04-08,4,9,87.28,97.9,32.2,0,2,2,5,0.217,0.266,0.154,0,5,72.08,7.3,5.13,0.0,40.0,40.0,0.0
665750,Leody Taveras,2025-04-09,4,10,83.85,96.6,18.0,0,1,0,2,0.494,0.577,0.24,3,6,66.37,7.35,2.87,0.0,50.0,0.0,50.0
665750,Leody Taveras,2025-04-11,2,7,94.0,94.0,34.0,0,0,0,1,0.071,0.217,0.055,2,3,70.42,7.22,10.84,0.0,0.0,0.0,66.7
665750,Leody Taveras,2025-04-12,3,15,77.129,97.6,57.286,1,1,1,7,0.178,0.613,0.214,0,7,74.85,7.26,-0.65,14.3,14.3,14.3,0.0
665750,Leody Taveras,2025-04-13,3,10,76.575,99.0,58.5,0,1,1,4,0.362,0.488,0.247,2,6,61.83,6.83,-5.0,0.0,25.0,25.0,33.3
665750,Leody Taveras,2025-04-15,3,11,70.1,89.2,19.25,0,0,0,4,0.098,0.116,0.097,2,6,66.0,6.5,-6.68,0.0,0.0,0.0,33.3
665750,Leody Taveras,2025-04-16,4,9,87.775,101.2,4.75,0,1,1,4,0.405,0.444,0.376,0,4,69.88,7.05,0.55,0.0,25.0,25.0,0.0
665750,Leody Taveras,2025-04-17,3,13,84.817,109.8,24.333,0,1,2,6,0.276,0.355,0.277,1,8,69.18,7.7,4.54,0.0,16.7,33.3,12.5
665750,Leody Taveras,2025-04-18,3,6,67.2,109.7,-23.8,0,1,1,5,0.145,0.155,0.136,0,5,60.28,6.2,-8.7,0.0,20.0,20.0,0.0
665750,Leody Taveras,2025-04-19,3,10,76.467,94.0,27.667,0,0,0,3,0.059,0.114,0.05,1,4,69.2,7.32,1.18,0.0,0.0,0.0,25.0
665750,Leody Taveras,2025-04-22,1,6,69.9,69.9,48.0,0,0,0,1,,,0.0,2,3,69.47,7.17,-4.39,0.0,0.0,0.0,66.7
665750,Leody Taveras,2025-04-24,4,17,82.6,102.0,51.25,1,1,1,4,0.258,0.752,0.207,4,8,71.59,7.38,6.54,25.0,25.0,25.0,50.0
665750,Leody Taveras,2025-04-27,3,16,91.383,104.9,11.5,0,1,3,6,0.57,0.676,0.544,1,7,70.31,6.53,-3.91,0.0,16.7,50.0,14.3
665750,Leody Taveras,2025-04-29,5,15,66.575,108.7,16.5,0,1,1,4,0.446,0.486,0.468,0,4,38.45,4.03,-9.97,0.0,25.0,25.0,0.0
665750,Leody Taveras,2025-04-30,4,17,65.789,91.7,34.0,0,0,1,9,0.243,0.259,0.147,0,11,60.86,6.48,-2.88,0.0,0.0,11.1,0.0
665750,Leody Taveras,2025-05-01,1,6,,,,0,0,0,0,,,0.0,1,1,74.2,6.3,-0.93,0.0,0.0,0.0,100.0
665750,Leody Taveras,2025-05-02,3,18,71.633,89.6,44.333,0,0,1,6,0.01,0.017,0.004,1,8,68.89,7.0,3.17,0.0,0.0,16.7,12.5
666969,Adolis García,2025-03-27,4,15,94.26,103.3,12.2,1,2,1,5,0.198,0.496,0.284,2,7,71.59,7.34,4.96,20.0,40.0,20.0,28.6
666969,Adolis García,2025-03-28,4,26,72.34,84.9,17.6,0,0,1,5,0.009,0.012,0.35,3,11,69.05,7.94,12.16,0.0,0.0,20.0,27.3
666969,Adolis García,2025-03-29,5,15,93.4,107.7,33.4,1,3,4,5,0.643,1.548,0.866,1,6,72.11,7.76,9.43,20.0,60.0,80.0,16.7
666969,Adolis García,2025-03-30,3,6,91.34,108.1,13.0,2,3,2,5,0.582,1.935,1.015,1,6,73.9,8.13,11.01,40.0,60.0,40.0,16.7
666969,Adolis García,2025-03-31,2,10,99.5,113.6,45.333,1,2,1,3,0.396,1.182,0.644,2,5,74.68,7.78,14.52,33.3,66.7,33.3,40.0
666969,Adolis García,2025-04-01,4,10,89.8,104.3,18.833,0,2,1,6,0.113,0.137,0.085,2,8,74.34,8.18,13.18,0.0,33.3,16.7,25.0
666969,Adolis García,2025-04-02,4,10,86.34,91.1,40.0,0,0,1,5,0.017,0.038,0.017,4,9,69.41,7.8,7.45,0.0,0.0,20.0,44.4
666969,Adolis García,2025-04-04,3,7,92.85,103.0,53.0,1,1,1,2,0.297,1.032,0.359,2,4,73.1,7.95,13.7,50.0,50.0,50.0,50.0
666969,Adolis García,2025-04-05,4,12,84.325,99.3,38.5,1,1,3,4,0.196,0.741,0.542,1,5,73.3,7.98,10.12,25.0,25.0,75.0,20.0
666969,Adolis García,2025-04-06,4,17,99.4,109.9,10.25,0,3,1,4,0.322,0.523,0.27,2,7,73.21,7.78,6.13,0.0,75.0,25.0,28.6
666969,Adolis García,2025-04-07,3,8,91.1,99.8,17.0,0,3,0,4,0.319,0.559,0.37,1,5,70.9,7.66,7.68,0.0,75.0,0.0,20.0
666969,Adolis García,2025-04-08,4,6,76.94,88.9,15.8,0,0,4,5,0.449,0.512,0.421,0,5,71.12,7.26,2.51,0.0,0.0,80.0,0.0
666969,Adolis García,2025-04-09,4,13,80.98,95.3,25.8,0,1,2,5,0.331,0.438,0.255,4,9,64.76,7.4,9.56,0.0,20.0,40.0,44.4
666969,Adolis García,2025-04-11,4,18,82.386,107.9,22.571,1,2,1,7,0.367,1.18,0.668,1,8,69.97,7.53,9.11,14.3,28.6,14.3,12.5
666969,Adolis García,2025-04-12,4,15,80.357,98.7,23.429,0,1,3,7,0.245,0.545,0.249,2,9,70.67,7.76,11.72,0.0,14.3,42.9,22.2
666969,Adolis García,2025-04-13,4,21,64.617,92.9,-5.667,0,0,1,6,0.065,0.066,0.187,3,9,62.9,7.42,6.47,0.0,0.0,16.7,33.3
666969,Adolis García,2025-04-15,4,14,83.2,95.0,37.333,0,1,0,3,0.006,0.011,0.003,1,5,72.76,7.76,10.14,0.0,33.3,0.0,20.0
666969,Adolis García,2025-04-16,4,13,84.871,103.3,32.0,1,3,2,7,0.388,0.875,0.524,2,10,70.44,7.02,4.09,14.3,42.9,28.6,20.0
666969,Adolis García,2025-04-17,4,15,83.98,102.3,13.4,2,2,3,5,0.369,1.221,0.421,4,9,72.06,7.28,7.91,40.0,40.0,60.0,44.4
666969,Adolis García,2025-04-18,4,19,85.327,110.2,8.636,0,4,4,11,0.549,0.656,0.391,1,13,71.52,7.25,5.88,0.0,36.4,36.4,7.7
666969,Adolis García,2025-04-19,4,10,84.12,110.3,14.6,1,2,2,5,0.628,1.462,0.652,3,8,72.18,7.61,12.65,20.0,40.0,40.0,37.5
666969,Adolis García,2025-04-20,4,13,84.8,100.5,40.5,1,1,2,4,0.262,0.938,0.244,6,10,59.3,6.82,6.58,25.0,25.0,50.0,60.0
666969,Adolis García,2025-04-22,5,17,85.386,98.7,31.571,0,2,2,7,0.349,0.435,0.2,2,10,72.51,7.85,12.07,0.0,28.6,28.6,20.0
666969,Adolis García,2025-04-23,4,18,83.989,102.7,26.667,0,1,1,9,0.118,0.118,0.082,3,12,65.87,6.94,5.13,0.0,11.1,11.1,25.0
666969,Adolis García,2025-04-24,4,17,78.233,101.7,0.333,0,1,1,6,0.26,0.292,0.18,3,9,74.17,7.19,6.52,0.0,16.7,16.7,33.3
666969,Adolis García,2025-04-25,4,15,73.4,89.0,4.333,0,0,1,3,0.126,0.202,0.07,3,7,70.39,7.28,7.7,0.0,0.0,33.3,42.9
666969,Adolis García,2025-04-27,4,14,78.733,103.6,13.0,0,1,1,3,0.386,0.466,0.184,3,9,68.8,7.79,14.27,0.0,33.3,33.3,33.3
666969,Adolis García,2025-04-28,4,16,80.914,89.9,52.429,0,0,2,7,0.17,0.21,0.124,3,10,70.47,7.69,10.21,0.0,0.0,28.6,30.0
666969,Adolis García,2025-04-29,5,25,82.771,102.5,30.143,1,2,5,7,0.75,1.498,0.517,4,12,70.56,7.53,10.3,14.3,28.6,71.4,33.3
666969,Adolis García,2025-04-30,4,22,87.167,101.1,23.167,0,2,2,6,0.646,0.731,0.45,2,10,70.68,7.44,6.32,0.0,33.3,33.3,20.0
666969,Adolis García,2025-05-01,3,9,93.533,96.9,35.667,0,1,1,3,0.08,0.203,0.116,0,3,74.07,7.42,9.91,0.0,33.3,33.3,0.0
666969,Adolis García,2025-05-02,2,9,71.4,76.1,70.0,0,0,0,2,0.001,0.001,0.0,1,4,68.9,7.3,7.42,0.0,0.0,0.0,25.0
666969,Adolis García,2025-05-03,4,15,85.767,107.3,40.0,0,1,0,6,0.016,0.036,0.012,2,9,69.93,7.24,6.9,0.0,16.7,0.0,22.2
666969,Adolis García,2025-05-04,4,14,85.233,106.6,-3.0,0,1,1,3,0.422,0.447,0.294,1,4,72.38,7.6,7.87,0.0,33.3,33.3,25.0
666969,Adolis García,2025-05-06,5,22,80.071,103.2,-5.429,0,2,0,7,0.406,0.423,0.365,0,9,67.97,7.61,11.63,0.0,28.6,0.0,0.0
666969,Adolis García,2025-05-07,4,14,89.88,105.9,27.0,1,2,2,5,0.313,1.135,0.654,0,6,70.0,6.95,5.2,20.0,40.0,40.0,0.0
666969,Adolis García,2025-05-08,4,15,83.5,98.0,12.714,0,3,1,7,0.255,0.47,0.406,0,7,69.3,7.43,8.2,0.0,42.9,14.3,0.0
666969,Adolis García,2025-05-09,4,14,85.425,105.5,40.25,1,1,1,4,0.6,1.716,0.479,4,9,69.63,7.36,5.24,25.0,25.0,25.0,44.4
666969,Adolis García,2025-05-10,5,17,76.58,92.2,18.4,0,0,1,5,0.152,0.164,0.067,4,10,65.36,7.78,10.9,0.0,0.0,20.0,40.0
666969,Adolis García,2025-05-11,5,17,86.38,96.4,21.0,0,2,1,5,0.39,0.444,0.363,0,5,69.14,8.04,13.4,0.0,40.0,20.0,0.0
666969,Adolis García,2025-05-12,3,8,78.3,91.7,21.5,0,0,1,4,0.089,0.256,0.049,2,6,68.02,7.02,9.48,0.0,0.0,25.0,33.3
666969,Adolis García,2025-05-13,4,17,95.283,106.9,19.167,2,4,2,6,0.344,0.952,0.533,1,8,75.6,8.21,11.01,33.3,66.7,33.3,12.5
666969,Adolis García,2025-05-14,5,17,97.8,109.9,28.0,1,2,1,4,0.323,0.708,0.483,1,6,75.72,7.92,9.83,25.0,50.0,25.0,16.7
666969,Adolis García,2025-05-15,3,11,97.567,112.0,19.333,0,2,1,3,0.687,0.804,0.428,2,6,75.2,7.65,7.45,0.0,66.7,33.3,33.3
666969,Adolis García,2025-05-16,4,11,87.717,99.2,46.167,0,1,1,6,0.114,0.126,0.105,0,7,75.83,7.76,10.34,0.0,16.7,16.7,0.0
666969,Adolis García,2025-05-17,4,16,91.825,97.9,13.0,0,2,1,4,0.134,0.195,0.246,4,9,72.21,7.96,11.41,0.0,50.0,25.0,44.4
666969,Adolis García,2025-05-18,4,15,85.967,100.5,12.333,0,1,0,3,0.468,0.521,0.109,5,9,72.82,7.78,12.14,0.0,33.3,0.0,55.6
666969,Adolis García,2025-05-20,4,18,54.775,71.7,-20.25,0,0,0,4,0.266,0.372,0.072,7,11,71.72,8.02,15.03,0.0,0.0,0.0,63.6
666969,Adolis García,2025-05-21,5,25,84.2,90.3,47.5,0,0,0,4,0.137,0.159,0.204,1,7,73.66,7.46,3.74,0.0,0.0,0.0,14.3
666969,Adolis García,2025-05-22,3,13,72.783,93.1,29.333,0,0,3,6,0.174,0.244,0.114,2,8,70.8,7.39,9.89,0.0,0.0,50.0,25.0
666969,Adolis García,2025-05-23,3,10,83.675,91.8,25.0,0,0,0,4,0.02,0.047,0.028,0,4,72.15,7.9,13.47,0.0,0.0,0.0,0.0
666969,Adolis García,2025-05-24,4,19,83.162,109.3,33.875,1,2,2,8,0.272,0.819,0.333,3,11,69.67,7.25,3.91,12.5,25.0,25.0,27.3
666969,Adolis García,2025-05-25,4,21,67.8,105.6,28.429,1,1,1,7,0.299,0.912,0.247,5,14,67.2,7.83,9.1,14.3,14.3,14.3,35.7
666969,Adolis García,2025-05-26,3,12,87.525,110.4,27.5,0,1,1,4,0.843,1.135,0.285,4,9,71.84,7.72,6.22,0.0,25.0,25.0,44.4
666969,Adolis García,2025-05-27,3,10,81.783,106.7,13.833,0,1,2,6,0.202,0.224,0.123,2,9,70.94,7.58,5.43,0.0,16.7,33.3,22.2
666969,Adolis García,2025-05-28,3,18,87.833,102.8,29.333,0,1,1,3,0.537,0.618,0.169,5,8,67.78,8.01,7.57,0.0,33.3,33.3,62.5
666969,Adolis García,2025-06-03,2,7,89.9,106.0,0.25,0,2,1,4,0.598,0.751,0.594,0,4,74.22,7.82,-0.87,0.0,50.0,25.0,0.0
666969,Adolis García,2025-06-04,4,18,98.067,110.0,-16.333,0,2,0,3,0.429,0.48,0.202,4,8,73.23,7.69,7.38,0.0,66.7,0.0,50.0
666969,Adolis García,2025-06-05,4,19,82.586,107.8,-10.857,0,2,0,7,0.334,0.365,0.304,3,10,69.59,7.27,7.57,0.0,28.6,0.0,30.0
666969,Adolis García,2025-06-06,3,14,84.7,102.4,30.0,0,1,3,4,0.481,0.601,0.314,2,6,68.35,7.68,2.42,0.0,25.0,75.0,33.3
666969,Adolis García,2025-06-07,4,14,74.06,79.6,44.0,0,0,1,5,0.16,0.192,0.075,4,9,70.57,7.9,10.0,0.0,0.0,20.0,44.4
666969,Adolis García,2025-06-10,5,18,88.338,105.4,20.25,1,2,3,8,0.525,0.924,0.526,1,10,68.86,7.24,6.96,12.5,25.0,37.5,10.0
666969,Adolis García,2025-06-11,4,13,94.225,100.5,19.5,0,2,1,4,0.238,0.286,0.23,4,8,70.62,7.11,2.85,0.0,50.0,25.0,50.0
666969,Adolis García,2025-06-12,6,20,87.567,103.3,42.667,1,4,3,6,0.266,1.003,0.574,3,10,74.34,8.02,14.62,16.7,66.7,50.0,30.0
666969,Adolis García,2025-06-13,3,12,87.433,102.4,5.333,0,1,1,3,0.206,0.605,0.22,2,6,71.63,7.43,10.4,0.0,33.3,33.3,33.3
666969,Adolis García,2025-06-14,6,24,89.912,108.3,33.0,1,3,4,8,0.495,1.058,0.433,5,13,70.03,7.24,8.53,12.5,37.5,50.0,38.5
666969,Adolis García,2025-06-15,4,18,84.117,105.1,13.667,0,1,1,6,0.403,0.472,0.452,2,8,71.88,7.88,15.83,0.0,16.7,16.7,25.0
666969,Adolis García,2025-06-17,4,20,80.38,94.5,22.0,0,0,3,5,0.118,0.159,0.06,4,9,70.54,7.27,8.31,0.0,0.0,60.0,44.4
666969,Adolis García,2025-06-18,4,19,93.383,106.5,29.0,0,3,1,6,0.508,0.585,0.48,5,11,73.42,7.46,5.91,0.0,50.0,16.7,45.5
666969,Adolis García,2025-06-19,4,21,74.467,104.8,26.333,0,1,0,6,0.176,0.201,0.256,1,7,70.22,7.75,7.98,0.0,16.7,0.0,14.3
666969,Adolis García,2025-06-20,5,21,99.32,105.4,29.4,2,3,1,5,0.428,1.332,0.715,0,5,77.24,7.86,9.85,40.0,60.0,20.0,0.0
666969,Adolis García,2025-06-21,4,25,90.271,103.4,28.143,0,2,2,7,0.346,0.868,0.376,2,10,73.07,7.25,3.61,0.0,28.6,28.6,20.0
666969,Adolis García,2025-06-22,4,18,88.65,102.6,9.5,0,1,1,2,0.458,0.524,0.455,1,3,71.03,6.73,1.74,0.0,50.0,50.0,33.3
666969,Adolis García,2025-06-23,3,8,95.0,101.6,33.0,0,2,1,3,0.508,1.158,0.459,0,3,75.97,7.73,4.39,0.0,66.7,33.3,0.0
666969,Adolis García,2025-06-24,5,19,89.0,100.3,30.833,0,1,1,6,0.155,0.191,0.151,1,7,72.34,7.26,8.22,0.0,16.7,16.7,14.3
666969,Adolis García,2025-06-25,4,17,86.371,100.0,10.0,0,3,1,7,0.129,0.13,0.049,2,9,72.5,7.5,9.15,0.0,42.9,14.3,22.2
666969,Adolis García,2025-06-27,6,25,96.738,106.3,21.25,0,4,2,8,0.232,0.456,0.196,2,10,72.86,7.58,9.21,0.0,50.0,25.0,20.0
666969,Adolis García,2025-06-28,4,21,78.6,87.4,50.75,0,0,1,4,,,0.0,7,11,69.89,7.35,11.13,0.0,0.0,25.0,63.6
666969,Adolis García,2025-06-29,5,16,78.862,90.5,45.25,0,0,2,8,0.406,0.454,0.227,2,10,68.9,7.11,3.85,0.0,0.0,25.0,20.0
666969,Adolis García,2025-06-30,5,20,86.46,108.4,6.8,1,1,2,5,0.431,1.39,0.445,6,12,72.69,7.28,8.27,20.0,20.0,40.0,50.0
666969,Adolis García,2025-07-01,5,25,82.9,110.0,26.333,1,1,4,9,0.423,0.623,0.359,2,11,69.45,6.92,7.26,11.1,11.1,44.4,18.2
666969,Adolis García,2025-07-02,4,16,82.9,108.2,28.0,1,2,3,5,0.55,1.341,0.592,1,7,74.06,7.39,7.97,20.0,40.0,60.0,14.3
666969,Adolis García,2025-07-04,5,21,81.45,106.4,20.1,1,3,5,10,0.271,0.658,0.378,0,10,69.39,6.89,3.73,10.0,30.0,50.0,0.0
666969,Adolis García,2025-07-05,5,20,85.443,103.7,21.429,1,2,3,7,0.475,0.78,0.432,3,10,68.54,7.03,7.56,14.3,28.6,42.9,30.0
666969,Adolis García,2025-07-06,4,17,92.767,105.0,11.167,0,2,1,6,0.288,0.349,0.209,3,9,71.51,7.42,11.02,0.0,33.3,16.7,33.3
666969,Adolis García,2025-07-07,4,21,80.758,104.8,35.583,1,3,4,12,0.495,0.971,0.616,1,14,70.84,7.19,8.66,8.3,25.0,33.3,7.1
666969,Adolis García,2025-07-08,5,19,72.025,104.9,-15.0,0,2,2,4,0.459,0.644,0.563,0,4,71.8,7.43,14.06,0.0,50.0,50.0,0.0
666969,Adolis García,2025-07-09,5,15,78.114,85.8,22.857,0,0,2,7,0.089,0.123,0.074,2,9,72.24,7.36,8.02,0.0,0.0,28.6,22.2
666969,Adolis García,2025-07-10,5,16,85.643,105.3,6.286,1,1,1,7,0.293,0.841,0.376,2,9,70.83,7.22,7.58,14.3,14.3,14.3,22.2
666969,Adolis García,2025-07-11,5,21,84.46,105.6,30.2,1,2,1,5,0.365,1.187,0.383,4,10,71.82,7.29,9.43,20.0,40.0,20.0,40.0
666969,Adolis García,2025-07-12,5,16,84.533,101.1,24.0,0,2,2,6,0.271,0.345,0.305,2,9,71.59,7.29,5.31,0.0,33.3,33.3,22.2
666969,Adolis García,2025-07-13,4,17,83.56,101.8,32.8,1,1,2,5,0.188,0.678,0.266,1,6,69.99,7.19,10.98,20.0,20.0,40.0,16.7
666969,Adolis García,2025-07-18,3,18,81.333,97.7,31.5,0,2,1,6,0.048,0.162,0.029,2,10,71.49,7.87,11.86,0.0,33.3,16.7,20.0
666969,Adolis García,2025-07-19,4,15,87.7,109.4,9.6,0,2,2,5,0.296,0.385,0.297,2,7,73.4,7.47,9.79,0.0,40.0,40.0,28.6
666969,Adolis García,2025-07-20,4,18,77.714,106.4,1.429,0,2,2,7,0.929,1.184,0.23,4,11,66.37,6.95,7.03,0.0,28.6,28.6,36.4
666969,Adolis García,2025-07-21,4,15,76.9,76.9,0.0,0,0,0,1,0.131,0.19,0.03,4,6,64.7,7.19,7.92,0.0,0.0,0.0,66.7
666969,Adolis García,2025-07-22,4,14,78.4,108.0,22.0,1,1,1,6,0.258,0.959,0.497,1,8,72.71,7.42,12.71,16.7,16.7,16.7,12.5
666969,Adolis García,2025-07-23,3,14,77.333,106.3,29.0,0,1,1,3,0.338,0.36,0.103,4,7,65.9,6.87,9.67,0.0,33.3,33.3,57.1
666969,Adolis García,2025-07-25,4,18,80.8,101.7,32.125,0,1,4,8,0.574,0.646,0.266,2,11,69.04,7.35,10.64,0.0,12.5,50.0,18.2
666969,Adolis García,2025-07-26,4,22,76.033,80.1,36.0,0,0,2,3,0.438,0.443,0.271,3,6,68.42,7.98,15.65,0.0,0.0,66.7,50.0
666969,Adolis García,2025-07-27,4,18,79.28,93.4,9.2,0,0,1,5,0.369,0.385,0.513,1,6,70.78,8.27,13.68,0.0,0.0,20.0,16.7
666969,Adolis García,2025-07-28,5,20,85.256,97.1,11.333,0,1,4,9,0.097,0.1,0.053,5,15,70.52,7.55,9.98,0.0,11.1,44.4,33.3
666969,Adolis García,2025-07-29,5,14,89.32,100.2,12.4,0,2,0,5,0.178,0.258,0.148,2,8,70.92,7.44,9.62,0.0,40.0,0.0,25.0
666969,Adolis García,2025-07-30,5,19,80.133,105.9,14.571,1,2,3,6,0.23,0.682,0.301,1,11,66.26,7.63,6.62,16.7,33.3,50.0,9.1
666969,Adolis García,2025-07-31,4,19,84.617,92.5,35.333,0,0,2,6,0.078,0.14,0.094,4,10,67.26,7.59,6.67,0.0,0.0,33.3,40.0
666969,Adolis García,2025-08-01,4,9,93.625,109.7,38.5,0,2,1,4,0.217,0.3,0.224,1,6,72.74,8.06,10.35,0.0,50.0,25.0,16.7
666969,Adolis García,2025-08-02,5,24,87.314,103.1,14.286,0,3,1,7,0.238,0.347,0.153,4,11,66.59,7.75,6.55,0.0,42.9,14.3,36.4
666969,Adolis García,2025-08-03,4,15,86.757,106.3,32.714,1,3,3,7,0.315,0.713,0.492,0,7,71.26,7.9,12.62,14.3,42.9,42.9,0.0
666969,Adolis García,2025-08-04,5,23,88.6,105.9,28.0,0,2,2,5,0.153,0.154,0.028,5,10,73.4,7.82,10.68,0.0,40.0,40.0,50.0
666969,Adolis García,2025-08-05,4,18,96.833,106.9,11.333,0,4,2,6,0.379,0.57,0.406,1,7,72.14,8.17,12.31,0.0,66.7,33.3,14.3
666969,Adolis García,2025-08-06,5,22,77.844,93.8,25.778,0,0,0,9,0.09,0.108,0.053,4,13,70.87,7.67,9.29,0.0,0.0,0.0,30.8
666969,Adolis García,2025-08-08,4,22,83.975,95.7,-3.875,0,2,2,8,0.479,0.547,0.335,1,11,70.96,7.51,5.74,0.0,25.0,25.0,9.1
666969,Adolis García,2025-08-09,4,11,79.8,101.0,31.0,1,1,1,5,0.199,0.52,0.299,1,7,69.81,7.27,4.75,20.0,20.0,20.0,14.3
666969,Adolis García,2025-08-10,4,9,87.8,96.1,33.25,0,1,2,4,0.086,0.145,0.068,2,6,62.57,6.72,2.65,0.0,25.0,50.0,33.3
666969,Adolis García,2025-08-11,4,19,79.667,94.6,17.333,0,0,1,6,0.282,0.327,0.128,4,11,71.24,7.5,12.26,0.0,0.0,16.7,36.4
666969,Adolis García,2025-08-12,4,12,70.425,95.9,-14.5,0,1,1,4,0.256,0.257,0.234,0,4,69.18,7.28,9.54,0.0,25.0,25.0,0.0
666969,Adolis García,2025-08-23,4,17,94.333,108.1,31.833,1,2,2,6,0.431,0.886,0.553,1,8,72.5,7.36,4.41,16.7,33.3,33.3,12.5
666969,Adolis García,2025-08-24,4,14,94.233,109.9,4.0,0,2,2,3,0.374,0.411,0.519,0,3,74.47,7.5,4.0,0.0,66.7,66.7,0.0
666969,Adolis García,2025-08-25,4,19,90.0,100.8,40.5,1,1,2,4,0.485,0.905,0.441,4,8,71.32,7.52,9.76,25.0,25.0,50.0,50.0
666969,Adolis García,2025-08-26,4,14,81.14,96.9,32.2,0,1,0,5,0.224,0.255,0.158,2,7,71.3,7.3,4.8,0.0,20.0,0.0,28.6
666969,Adolis García,2025-08-27,6,9,86.386,105.4,18.286,1,2,5,7,0.468,0.911,0.581,0,7,71.02,7.9,14.54,14.3,28.6,71.4,0.0
666969,Adolis García,2025-08-29,4,19,74.483,86.2,-8.0,0,0,2,6,0.059,0.07,0.028,2,9,64.6,7.09,5.21,0.0,0.0,33.3,22.2
666969,Adolis García,2025-08-30,5,16,93.667,105.9,16.167,0,3,1,6,0.373,0.434,0.355,1,7,70.43,7.3,0.74,0.0,50.0,16.7,14.3
666969,Adolis García,2025-08-31,5,20,88.583,103.3,7.0,0,2,3,6,0.657,0.744,0.49,3,11,67.74,7.65,4.2,0.0,33.3,50.0,27.3
666969,Adolis García,2025-09-01,4,21,87.408,105.2,12.5,0,4,1,12,0.289,0.346,0.278,1,13,67.75,7.32,5.96,0.0,33.3,8.3,7.7
666969,Adolis García,2025-09-14,5,12,84.32,104.4,27.2,0,1,3,5,0.342,0.47,0.354,0,6,65.02,7.45,2.72,0.0,20.0,60.0,0.0
666969,Adolis García,2025-09-15,4,20,85.414,100.5,-6.143,0,2,2,7,0.129,0.137,0.09,4,11,71.38,7.72,8.59,0.0,28.6,28.6,36.4
666969,Adolis García,2025-09-16,1,1,101.2,101.2,0.0,0,1,0,1,0.443,0.489,0.409,0,1,71.5,7.1,0.47,0.0,100.0,0.0,0.0
666969,Adolis García,2025-09-17,4,12,76.36,89.4,14.8,0,0,0,5,0.172,0.197,0.119,1,6,68.88,7.28,6.96,0.0,0.0,0.0,16.7
666969,Adolis García,2025-09-19,5,17,79.45,108.0,24.2,0,2,2,10,0.124,0.129,0.095,3,13,67.95,7.2,4.06,0.0,20.0,20.0,23.1
666969,Adolis García,2025-09-23,4,15,88.42,94.8,26.0,0,0,3,5,0.261,0.402,0.214,4,10,65.94,7.08,3.36,0.0,0.0,60.0,40.0
666969,Adolis García,2025-09-24,1,0,,,,0,0,0,0,,,,0,0,,,,0.0,0.0,0.0,0.0
666969,Adolis García,2025-09-25,1,5,79.1,79.1,18.0,0,0,1,1,,,0.0,0,1,72.5,7.8,10.57,0.0,0.0,100.0,0.0
666969,Adolis García,2025-09-27,5,18,87.85,110.2,26.5,1,1,1,4,0.35,1.351,0.512,3,7,71.57,7.47,0.0,25.0,25.0,25.0,42.9
666969,Adolis García,2025-09-28,5,18,86.714,106.0,14.571,1,2,3,7,0.417,0.897,0.468,2,9,72.66,7.64,7.39,14.3,28.6,42.9,22.2
669394,Jake Burger,2025-03-27,4,14,87.967,108.5,29.0,0,1,0,6,0.157,0.177,0.284,0,9,75.32,7.17,4.86,0.0,16.7,0.0,0.0
669394,Jake Burger,2025-03-28,3,7,94.933,109.1,3.667,0,2,1,3,0.544,1.024,0.439,2,5,77.75,7.88,9.21,0.0,66.7,33.3,40.0
669394,Jake Burger,2025-03-29,4,8,83.95,107.4,-2.0,1,1,1,4,0.276,0.627,0.465,0,4,74.82,7.6,11.29,25.0,25.0,25.0,0.0
669394,Jake Burger,2025-03-30,3,6,80.875,96.2,12.25,0,1,0,4,0.078,0.079,0.072,0,4,73.7,7.25,4.11,0.0,25.0,0.0,0.0
669394,Jake Burger,2025-03-31,4,8,95.067,108.2,-7.667,1,1,1,3,0.358,1.159,0.468,3,6,72.3,7.85,14.03,33.3,33.3,33.3,50.0
669394,Jake Burger,2025-04-01,4,16,97.2,104.3,17.333,0,2,1,3,0.368,0.545,0.192,4,7,74.1,7.69,11.21,0.0,66.7,33.3,57.1
669394,Jake Burger,2025-04-02,4,17,83.786,103.0,43.714,0,1,1,7,0.043,0.044,0.02,4,11,69.85,7.15,4.11,0.0,14.3,14.3,36.4
669394,Jake Burger,2025-04-04,3,8,76.12,85.4,32.8,0,0,1,5,0.027,0.032,0.027,0,6,67.7,6.8,3.1,0.0,0.0,20.0,0.0
669394,Jake Burger,2025-04-05,4,12,97.567,113.0,5.333,1,1,1,3,0.48,1.73,0.449,1,6,70.66,8.16,13.87,33.3,33.3,33.3,16.7
669394,Jake Burger,2025-04-06,4,14,83.1,101.9,29.0,0,2,1,7,0.138,0.167,0.131,1,8,75.32,7.24,7.8,0.0,28.6,14.3,12.5
669394,Jake Burger,2025-04-07,3,12,91.04,108.1,28.4,0,3,1,5,0.304,0.358,0.186,0,5,74.77,7.13,5.73,0.0,60.0,20.0,0.0
669394,Jake Burger,2025-04-09,4,11,91.7,106.6,22.75,1,1,2,4,0.495,1.279,0.55,2,7,75.3,7.57,7.84,25.0,25.0,50.0,28.6
669394,Jake Burger,2025-04-11,4,19,82.65,100.8,-0.25,0,1,2,4,0.499,0.558,0.233,3,8,73.22,7.14,2.68,0.0,25.0,50.0,37.5
669394,Jake Burger,2025-04-12,4,15,78.5,102.9,7.333,0,1,1,6,0.329,0.363,0.226,2,8,72.22,6.94,1.3,0.0,16.7,16.7,25.0
669394,Jake Burger,2025-04-13,3,13,88.233,97.7,12.667,0,1,1,3,0.299,0.321,0.091,4,7,67.9,7.16,4.23,0.0,33.3,33.3,57.1
669394,Jake Burger,2025-04-16,4,12,85.1,112.7,-12.25,0,2,0,4,0.328,0.378,0.307,0,4,76.22,7.38,5.74,0.0,50.0,0.0,0.0
669394,Jake Burger,2025-04-17,4,13,94.15,111.1,-7.5,0,1,1,2,0.41,0.526,0.383,3,5,74.72,7.52,9.69,0.0,50.0,50.0,60.0
669394,Jake Burger,2025-04-18,3,15,81.467,90.8,-11.333,0,0,1,3,,,0.0,4,8,73.27,7.93,12.98,0.0,0.0,33.3,50.0
669394,Jake Burger,2025-04-19,1,5,93.7,93.7,76.0,0,0,0,1,0.003,0.003,0.002,1,2,79.5,8.4,17.48,0.0,0.0,0.0,50.0
669394,Jake Burger,2025-04-20,4,12,80.325,106.2,33.0,1,1,1,4,0.775,3.079,0.52,2,7,68.99,7.74,14.05,25.0,25.0,25.0,28.6
669394,Jake Burger,2025-04-22,4,16,94.34,105.8,29.0,1,3,3,5,0.371,1.302,0.683,2,7,69.09,6.36,-0.37,20.0,60.0,60.0,28.6
669394,Jake Burger,2025-04-23,3,7,95.2,103.6,27.0,0,1,0,2,0.054,0.055,0.034,1,3,79.2,7.97,14.25,0.0,50.0,0.0,33.3
669394,Jake Burger,2025-04-24,4,13,77.125,97.4,5.25,0,1,1,4,0.39,0.433,0.271,1,6,76.28,7.47,6.83,0.0,25.0,25.0,16.7
669394,Jake Burger,2025-04-25,3,10,96.9,112.1,38.0,1,1,1,2,0.562,1.523,0.284,2,4,76.82,7.88,11.58,50.0,50.0,50.0,50.0
669394,Jake Burger,2025-04-26,4,12,92.76,105.7,42.8,2,3,2,5,0.478,1.388,0.386,3,8,76.45,7.49,7.8,40.0,60.0,40.0,37.5
669394,Jake Burger,2025-04-27,4,16,81.65,110.1,-1.0,0,2,0,6,0.502,0.59,0.237,4,10,77.52,8.18,15.42,0.0,33.3,0.0,40.0
669394,Jake Burger,2025-04-28,3,5,68.467,75.0,39.667,0,0,0,3,0.112,0.14,0.114,1,4,73.45,7.82,12.12,0.0,0.0,0.0,25.0
669394,Jake Burger,2025-04-29,5,18,87.917,104.7,12.333,0,3,3,6,0.506,0.601,0.571,0,6,76.18,7.68,8.6,0.0,50.0,50.0,0.0
669394,Jake Burger,2025-04-30,5,30,76.389,95.2,6.889,0,1,5,9,0.777,0.832,0.142,4,15,72.09,7.23,6.12,0.0,11.1,55.6,26.7
669394,Jake Burger,2025-05-01,3,8,87.167,98.0,46.0,0,1,0,3,0.121,0.13,0.11,0,3,76.77,7.83,14.57,0.0,33.3,0.0,0.0
669394,Jake Burger,2025-05-12,3,10,89.7,105.4,24.667,0,2,1,3,0.66,0.889,0.448,1,5,75.08,7.22,4.96,0.0,66.7,33.3,20.0
669394,Jake Burger,2025-05-13,4,22,82.78,107.6,1.6,0,2,0,5,0.388,0.41,0.26,5,11,75.85,8.17,14.61,0.0,40.0,0.0,45.5
669394,Jake Burger,2025-05-14,4,18,85.586,108.3,19.571,0,2,3,7,0.296,0.409,0.4,1,8,77.14,7.19,7.25,0.0,28.6,42.9,12.5
669394,Jake Burger,2025-05-15,3,7,94.3,108.3,13.333,1,2,2,3,0.531,1.131,0.701,0,3,72.7,6.7,2.18,33.3,66.7,66.7,0.0
669394,Jake Burger,2025-05-16,4,18,75.944,92.7,32.333,0,0,2,9,0.128,0.174,0.095,1,10,73.1,7.26,7.13,0.0,0.0,22.2,10.0
669394,Jake Burger,2025-05-17,4,15,87.867,110.8,40.667,1,1,1,3,0.328,0.719,0.328,2,5,76.84,7.58,9.78,33.3,33.3,33.3,40.0
669394,Jake Burger,2025-05-18,4,13,87.3,109.4,22.0,0,1,0,5,0.196,0.336,0.224,3,8,75.21,7.97,14.59,0.0,20.0,0.0,37.5
669394,Jake Burger,2025-05-20,4,14,91.08,103.1,24.4,1,2,2,5,0.367,0.909,0.394,2,7,68.39,7.49,9.1,20.0,40.0,40.0,28.6
669394,Jake Burger,2025-05-21,4,17,99.057,110.4,6.286,2,6,2,7,0.564,1.682,0.929,1,8,71.88,6.91,2.06,28.6,85.7,28.6,12.5
669394,Jake Burger,2025-05-22,4,15,95.825,107.0,22.5,0,3,1,4,0.177,0.279,0.143,5,9,75.43,7.48,8.96,0.0,75.0,25.0,55.6
669394,Jake Burger,2025-05-23,4,12,87.4,107.9,38.6,1,1,2,5,0.247,0.83,0.33,3,8,73.75,7.32,8.75,20.0,20.0,40.0,37.5
669394,Jake Burger,2025-05-24,4,11,75.92,99.2,44.8,1,1,2,5,0.22,0.829,0.213,2,7,68.87,7.26,5.07,20.0,20.0,40.0,28.6
669394,Jake Burger,2025-05-25,4,10,83.8,114.7,27.2,1,2,2,5,0.401,1.156,0.638,0,5,76.52,7.56,7.31,20.0,40.0,40.0,0.0
669394,Jake Burger,2025-05-26,4,12,70.667,99.4,-2.0,0,1,3,6,0.252,0.312,0.246,3,9,73.14,7.82,13.49,0.0,16.7,50.0,33.3
669394,Jake Burger,2025-05-27,4,20,76.1,86.4,30.0,0,0,0,3,0.005,0.009,0.001,5,10,71.86,7.45,9.04,0.0,0.0,0.0,50.0
669394,Jake Burger,2025-05-28,3,10,97.85,104.6,14.0,0,1,0,2,0.059,0.082,0.041,1,4,68.43,7.48,9.81,0.0,50.0,0.0,25.0
669394,Jake Burger,2025-05-30,5,12,94.6,104.1,23.429,1,5,3,7,0.411,0.899,0.545,0,7,74.72,7.35,6.1,14.3,71.4,42.9,0.0
669394,Jake Burger,2025-05-31,3,10,91.133,103.2,-9.0,1,1,0,3,0.285,1.068,0.368,2,5,75.32,7.7,11.79,33.3,33.3,0.0,40.0
669394,Jake Burger,2025-06-01,4,16,84.743,106.2,27.286,0,3,5,7,0.493,1.025,0.473,0,7,73.96,6.8,2.6,0.0,42.9,71.4,0.0
669394,Jake Burger,2025-06-03,3,5,75.05,84.8,9.25,0,0,1,4,0.366,0.407,0.345,0,4,72.7,6.98,-1.77,0.0,0.0,25.0,0.0
669394,Jake Burger,2025-06-04,4,11,81.25,96.7,5.667,0,1,2,6,0.25,0.29,0.237,4,10,72.24,7.03,6.69,0.0,16.7,33.3,40.0
669394,Jake Burger,2025-06-05,4,17,83.278,107.3,38.778,1,3,1,9,0.447,1.454,0.578,2,12,71.96,7.36,4.7,11.1,33.3,11.1,16.7
669394,Jake Burger,2025-06-06,4,11,79.34,106.4,9.6,0,1,1,5,0.261,0.37,0.204,1,6,72.23,7.57,10.09,0.0,20.0,20.0,16.7
669394,Jake Burger,2025-06-07,4,17,74.22,92.3,-2.2,0,0,1,5,0.147,0.147,0.206,4,10,70.21,6.97,3.88,0.0,0.0,20.0,40.0
669394,Jake Burger,2025-06-08,4,11,87.317,104.5,23.0,1,2,3,6,0.395,1.09,0.612,0,6,72.48,7.22,4.89,16.7,33.3,50.0,0.0
669394,Jake Burger,2025-06-10,6,23,96.7,112.7,15.333,1,5,4,9,0.551,0.793,0.474,3,12,75.7,7.65,7.52,11.1,55.6,44.4,25.0
669394,Jake Burger,2025-06-11,4,14,84.475,103.6,-12.0,0,1,0,4,0.262,0.29,0.122,4,8,74.8,7.9,15.2,0.0,25.0,0.0,50.0
669394,Jake Burger,2025-06-12,6,15,93.617,105.8,23.667,1,4,2,6,0.423,0.688,0.397,2,8,76.0,7.46,9.03,16.7,66.7,33.3,25.0
669394,Jake Burger,2025-06-13,4,10,84.983,109.4,-1.333,0,2,0,6,0.25,0.276,0.236,0,6,73.32,6.97,1.63,0.0,33.3,0.0,0.0
669394,Jake Burger,2025-06-14,6,35,76.467,94.3,32.222,0,0,1,9,0.081,0.244,0.274,5,14,70.75,7.06,7.62,0.0,0.0,11.1,35.7
669394,Jake Burger,2025-06-15,4,19,81.48,102.2,1.2,0,1,1,5,0.678,0.782,0.316,3,8,74.3,7.37,10.5,0.0,20.0,20.0,37.5
669394,Jake Burger,2025-06-17,4,14,75.9,84.1,29.25,0,0,0,4,0.033,0.044,0.016,5,9,72.56,7.23,9.81,0.0,0.0,0.0,55.6
669394,Jake Burger,2025-06-18,4,9,95.225,104.4,32.0,0,2,0,4,0.211,0.229,0.191,0,4,75.83,7.17,6.44,0.0,50.0,0.0,0.0
669394,Jake Burger,2025-06-19,3,8,86.433,98.1,28.667,1,1,1,3,0.207,0.577,0.317,1,4,76.23,7.7,10.49,33.3,33.3,33.3,25.0
669394,Jake Burger,2025-06-20,4,22,71.433,107.7,-0.444,0,1,1,9,0.787,0.897,0.188,6,16,73.05,6.99,5.38,0.0,11.1,11.1,37.5
669394,Jake Burger,2025-07-02,4,13,81.075,100.5,30.5,1,1,3,4,0.492,1.296,0.37,4,8,71.94,6.78,1.66,25.0,25.0,75.0,50.0
669394,Jake Burger,2025-07-04,4,14,77.214,103.3,36.143,0,1,3,7,0.325,0.342,0.296,1,9,74.06,6.67,-0.99,0.0,14.3,42.9,11.1
669394,Jake Burger,2025-07-05,4,9,86.12,106.4,25.0,0,2,1,5,0.501,0.566,0.526,0,5,73.28,6.72,-1.48,0.0,40.0,20.0,0.0
669394,Jake Burger,2025-07-06,3,10,78.3,102.4,-14.75,0,1,0,4,0.149,0.176,0.136,1,6,76.78,7.82,10.51,0.0,25.0,0.0,16.7
669394,Jake Burger,2025-07-07,4,14,80.367,97.6,20.5,0,1,2,6,0.025,0.07,0.01,3,10,73.19,7.51,5.31,0.0,16.7,33.3,30.0
669394,Jake Burger,2025-07-08,5,17,87.771,109.9,25.714,1,2,4,7,0.704,1.583,0.765,2,10,73.95,6.96,3.87,14.3,28.6,57.1,20.0
669394,Jake Burger,2025-07-09,4,17,76.389,107.3,19.0,0,3,1,9,0.139,0.268,0.173,3,12,68.7,6.9,0.92,0.0,33.3,11.1,25.0
669394,Jake Burger,2025-07-10,5,18,82.4,99.5,13.75,0,2,1,8,0.35,0.384,0.255,2,10,72.08,7.25,6.02,0.0,25.0,12.5,20.0
669394,Jake Burger,2025-07-11,3,15,85.8,108.6,14.857,1,2,2,7,0.338,0.503,0.356,1,9,72.22,6.48,-3.24,14.3,28.6,28.6,11.1
669394,Jake Burger,2025-07-12,1,3,72.9,72.9,58.0,0,0,0,1,,,0.0,2,3,69.9,7.23,4.89,0.0,0.0,0.0,66.7
669394,Jake Burger,2025-08-08,3,11,88.586,102.7,11.571,1,2,3,7,0.283,0.748,0.423,1,8,75.64,7.59,8.69,14.3,28.6,42.9,12.5
669394,Jake Burger,2025-08-09,3,13,90.22,106.5,34.4,0,1,1,5,0.303,0.351,0.289,2,7,73.04,7.43,3.27,0.0,20.0,20.0,28.6
669394,Jake Burger,2025-08-10,2,7,77.867,88.6,19.667,0,0,1,3,0.316,0.352,0.288,2,6,72.45,6.8,1.23,0.0,0.0,33.3,33.3
669394,Jake Burger,2025-08-11,1,6,76.825,99.4,38.75,0,1,1,4,0.289,0.821,0.449,0,4,71.85,7.38,7.8,0.0,25.0,25.0,0.0
669394,Jake Burger,2025-08-12,1,4,,,,0,0,0,0,,,0.691,0,0,,,,0.0,0.0,0.0,0.0
669394,Jake Burger,2025-08-13,4,26,85.125,110.5,21.0,1,3,3,8,0.605,1.638,0.692,2,13,71.83,7.28,5.93,12.5,37.5,37.5,15.4
669394,Jake Burger,2025-08-15,1,1,89.6,89.6,33.0,0,0,0,1,0.033,0.079,0.046,0,1,82.6,7.3,3.15,0.0,0.0,0.0,0.0
669394,Jake Burger,2025-08-16,5,17,98.625,107.2,10.5,0,3,3,4,0.7,0.85,0.682,2,6,73.26,6.9,5.36,0.0,75.0,75.0,33.3
669394,Jake Burger,2025-08-17,3,9,81.45,98.9,-12.0,0,1,1,4,0.269,0.301,0.249,1,5,69.46,7.16,9.16,0.0,25.0,25.0,20.0
669394,Jake Burger,2025-09-01,2,5,96.9,109.0,33.5,0,1,1,2,0.472,0.639,0.486,0,2,74.95,6.95,1.25,0.0,50.0,50.0,0.0
669394,Jake Burger,2025-09-03,4,10,91.233,102.3,22.0,0,2,1,3,0.394,0.452,0.275,1,4,73.8,7.37,6.73,0.0,66.7,33.3,25.0
669394,Jake Burger,2025-09-05,5,17,81.367,113.2,22.333,1,1,2,6,0.584,2.084,0.431,5,11,71.8,7.26,8.01,16.7,16.7,33.3,45.5
669394,Jake Burger,2025-09-06,4,14,91.75,99.6,11.25,1,2,1,4,0.308,0.66,0.305,1,6,69.22,6.93,4.84,25.0,50.0,25.0,16.7
669394,Jake Burger,2025-09-07,3,13,91.86,103.8,37.6,1,2,1,5,0.299,0.936,0.505,2,7,77.21,7.5,5.76,20.0,40.0,20.0,28.6
669394,Jake Burger,2025-09-08,4,11,84.52,102.5,29.6,1,1,2,5,0.234,0.816,0.492,1,6,75.73,7.88,11.24,20.0,20.0,40.0,16.7
669394,Jake Burger,2025-09-09,4,14,73.44,110.9,8.8,0,1,0,5,0.25,0.258,0.172,2,7,67.93,7.1,6.18,0.0,20.0,0.0,28.6
669394,Jake Burger,2025-09-10,4,15,98.92,111.9,18.4,2,3,2,5,0.651,2.522,1.131,1,6,75.27,7.7,10.82,40.0,60.0,40.0,16.7
669394,Jake Burger,2025-09-12,5,17,83.029,108.6,22.571,0,4,3,7,0.385,0.488,0.379,0,8,72.94,7.0,1.68,0.0,57.1,42.9,0.0
669394,Jake Burger,2025-09-13,4,10,83.66,106.2,23.0,0,2,3,5,0.222,0.23,0.1,2,7,66.69,7.53,8.65,0.0,40.0,60.0,28.6
669394,Jake Burger,2025-09-15,4,20,81.529,104.9,21.857,0,2,3,7,0.403,0.426,0.09,4,11,71.4,7.38,6.24,0.0,28.6,42.9,36.4
669394,Jake Burger,2025-09-16,3,13,78.52,83.2,49.0,0,0,1,5,0.342,0.344,0.103,4,10,72.8,7.48,6.94,0.0,0.0,20.0,40.0
669394,Jake Burger,2025-09-19,5,17,90.25,107.8,44.0,2,3,1,6,0.243,0.824,0.527,2,8,74.42,7.42,7.22,33.3,50.0,16.7,25.0
669394,Jake Burger,2025-09-20,2,8,87.7,87.7,36.0,0,0,0,1,,,0.0,5,6,74.43,7.62,12.46,0.0,0.0,0.0,83.3
669394,Jake Burger,2025-09-23,4,12,87.8,105.3,-0.8,0,2,0,5,0.082,0.097,0.058,3,8,76.01,8.05,12.07,0.0,40.0,0.0,37.5
669394,Jake Burger,2025-09-25,1,5,70.2,70.2,30.0,0,0,1,1,,,0.0,2,3,75.63,7.13,1.83,0.0,0.0,100.0,66.7
669394,Jake Burger,2025-09-26,3,6,72.85,73.5,59.5,0,0,0,2,0.198,0.241,0.132,2,4,75.7,7.32,3.67,0.0,0.0,0.0,50.0
669394,Jake Burger,2025-09-27,2,8,101.0,101.0,38.0,0,1,0,1,0.31,1.223,0.31,3,4,71.72,7.65,5.13,0.0,100.0,0.0,75.0
669394,Jake Burger,2025-09-28,4,10,75.3,87.9,10.75,0,0,1,4,0.171,0.171,0.298,2,6,69.27,6.53,-0.86,0.0,0.0,25.0,33.3
669701,Josh Smith,2025-03-27,3,9,24.1,24.1,-42.0,0,0,0,1,0.249,0.25,0.076,2,4,50.6,5.67,-15.01,0.0,0.0,0.0,50.0
669701,Josh Smith,2025-03-31,4,17,80.425,96.9,48.5,0,1,1,4,0.139,0.457,0.292,1,5,68.78,6.72,10.3,0.0,25.0,25.0,20.0
669701,Josh Smith,2025-04-01,4,9,76.1,86.3,-0.667,0,0,1,3,0.423,0.474,0.298,0,3,61.25,6.1,-0.45,0.0,0.0,33.3,0.0
669701,Josh Smith,2025-04-02,3,15,86.038,108.8,27.25,1,2,4,8,0.557,2.074,0.355,1,10,67.35,6.41,0.68,12.5,25.0,50.0,10.0
669701,Josh Smith,2025-04-04,3,9,88.183,105.2,11.167,1,4,3,6,0.625,1.268,0.795,0,6,67.2,6.58,8.17,16.7,66.7,50.0,0.0
669701,Josh Smith,2025-04-05,4,14,60.9,60.9,40.0,0,0,0,1,,,0.461,0,1,65.4,5.6,1.34,0.0,0.0,0.0,0.0
669701,Josh Smith,2025-04-06,4,17,88.344,104.5,24.0,0,2,3,9,0.457,0.538,0.326,2,11,70.55,7.03,15.26,0.0,22.2,33.3,18.2
669701,Josh Smith,2025-04-07,3,15,72.95,86.7,52.5,0,0,0,2,0.008,0.009,0.233,1,4,55.82,5.94,12.84,0.0,0.0,0.0,25.0
669701,Josh Smith,2025-04-08,4,19,84.45,94.3,0.833,0,0,0,6,0.044,0.048,0.194,1,9,65.57,7.02,14.14,0.0,0.0,0.0,11.1
669701,Josh Smith,2025-04-11,4,16,75.517,97.9,4.167,0,2,2,6,0.437,0.532,0.315,1,7,67.52,6.1,0.63,0.0,33.3,33.3,14.3
669701,Josh Smith,2025-04-12,4,10,87.65,106.7,11.25,0,1,2,4,0.304,0.348,0.282,1,5,70.7,6.66,7.2,0.0,25.0,50.0,20.0
669701,Josh Smith,2025-04-13,4,20,89.625,106.1,-12.25,0,2,1,4,0.431,0.468,0.395,1,6,67.4,6.55,4.16,0.0,50.0,25.0,16.7
669701,Josh Smith,2025-04-19,4,19,86.033,98.6,13.0,0,2,1,6,0.385,0.454,0.354,1,7,67.19,6.64,7.78,0.0,33.3,16.7,14.3
669701,Josh Smith,2025-04-20,4,12,86.067,102.5,10.833,0,1,3,6,0.698,0.782,0.49,0,6,68.37,6.17,0.04,0.0,16.7,50.0,0.0
669701,Josh Smith,2025-04-22,5,23,82.262,101.8,23.375,1,2,4,8,0.246,0.956,0.43,0,8,68.58,6.25,2.51,12.5,25.0,50.0,0.0
669701,Josh Smith,2025-04-23,1,1,86.6,86.6,-15.0,0,0,0,1,0.104,0.105,0.098,0,1,67.5,6.3,0.82,0.0,0.0,0.0,0.0
669701,Josh Smith,2025-04-24,5,15,84.025,100.8,-22.5,0,2,1,4,0.31,0.339,0.364,1,5,64.92,6.3,3.75,0.0,50.0,25.0,20.0
669701,Josh Smith,2025-04-25,4,10,92.875,101.6,0.25,0,2,1,4,0.274,0.31,0.191,0,5,67.85,6.55,4.61,0.0,50.0,25.0,0.0
669701,Josh Smith,2025-04-26,4,12,73.9,94.1,27.667,0,0,2,6,0.428,0.454,0.259,3,9,67.58,7.25,16.29,0.0,0.0,33.3,33.3
669701,Josh Smith,2025-04-27,4,15,85.92,98.3,0.8,0,1,2,5,0.248,0.261,0.227,0,5,65.22,6.08,-2.75,0.0,20.0,40.0,0.0
669701,Josh Smith,2025-04-28,3,14,95.8,95.8,-12.0,0,1,0,1,0.179,0.252,0.055,3,4,71.82,6.82,16.36,0.0,100.0,0.0,75.0
669701,Josh Smith,2025-04-29,5,21,79.87,98.5,30.5,0,1,3,10,0.505,0.584,0.424,1,11,65.08,6.55,4.02,0.0,10.0,30.0,9.1
669701,Josh Smith,2025-04-30,5,18,75.217,91.2,-11.167,0,0,1,6,0.19,0.194,0.277,1,7,71.92,7.18,16.53,0.0,0.0,16.7,14.3
669701,Josh Smith,2025-05-01,1,5,,,,0,0,0,0,,,0.0,1,1,69.2,8.2,32.07,0.0,0.0,0.0,100.0
669701,Josh Smith,2025-05-02,4,20,80.288,105.5,29.5,1,1,3,8,0.398,1.007,0.583,3,12,67.68,6.74,9.81,12.5,12.5,37.5,25.0
669701,Josh Smith,2025-05-03,4,16,82.844,104.5,0.444,1,3,1,9,0.161,0.444,0.251,0,10,68.84,6.79,11.87,11.1,33.3,11.1,0.0
669701,Josh Smith,2025-05-04,5,17,81.457,103.9,34.857,0,2,2,7,0.359,0.463,0.349,1,9,71.21,6.83,10.91,0.0,28.6,28.6,11.1
669701,Josh Smith,2025-05-06,5,29,78.327,98.3,30.364,0,1,3,11,0.626,0.702,0.603,1,14,70.03,6.65,6.59,0.0,9.1,27.3,7.1
669701,Josh Smith,2025-05-07,5,15,79.55,104.7,-18.0,0,1,1,6,0.371,0.455,0.215,1,9,61.24,6.11,-4.32,0.0,16.7,16.7,11.1
669701,Josh Smith,2025-05-08,5,15,90.583,98.5,12.5,0,2,4,6,0.391,0.538,0.46,0,6,69.51,6.49,4.72,0.0,33.3,66.7,0.0
669701,Josh Smith,2025-05-09,3,14,78.64,92.3,16.2,0,0,2,5,0.146,0.181,0.144,2,8,69.76,6.8,5.26,0.0,0.0,40.0,25.0
669701,Josh Smith,2025-05-10,5,19,86.175,105.8,25.375,1,2,4,8,0.26,0.952,0.394,1,9,63.96,6.8,2.31,12.5,25.0,50.0,11.1
669701,Josh Smith,2025-05-11,5,24,81.257,106.0,22.0,0,2,2,7,0.489,0.543,0.559,2,10,69.74,6.76,10.91,0.0,28.6,28.6,20.0
669701,Josh Smith,2025-05-13,2,6,90.175,106.9,22.0,0,1,1,4,0.216,0.23,0.194,1,5,71.76,6.8,10.11,0.0,25.0,25.0,20.0
669701,Josh Smith,2025-05-14,5,11,77.4,108.2,-1.2,0,2,2,5,0.476,0.555,0.454,0,5,63.6,6.8,9.8,0.0,40.0,40.0,0.0
669701,Josh Smith,2025-05-15,3,7,82.46,99.6,40.6,0,1,3,5,0.232,0.68,0.249,1,6,68.1,6.25,1.59,0.0,20.0,60.0,16.7
669701,Josh Smith,2025-05-16,4,10,91.5,103.9,28.8,1,2,2,5,0.476,1.014,0.625,2,7,65.63,6.31,5.39,20.0,40.0,40.0,28.6
669701,Josh Smith,2025-05-17,5,18,82.525,107.4,42.375,0,1,0,8,0.01,0.018,0.009,2,10,68.02,6.67,8.54,0.0,12.5,0.0,20.0
669701,Josh Smith,2025-05-20,5,22,78.433,99.5,38.444,0,2,2,9,0.011,0.015,0.009,3,12,66.69,6.55,7.49,0.0,22.2,22.2,25.0
669701,Josh Smith,2025-05-21,4,16,60.133,86.9,-3.5,0,0,1,6,0.34,0.34,0.154,5,12,66.1,7.0,11.88,0.0,0.0,16.7,41.7
669701,Josh Smith,2025-05-22,1,4,,,,0,0,0,0,,,0.0,0,2,51.15,7.6,19.77,0.0,0.0,0.0,0.0
669701,Josh Smith,2025-05-23,4,19,81.786,98.8,32.571,0,2,1,7,0.138,0.276,0.131,2,9,68.32,6.47,7.05,0.0,28.6,14.3,22.2
669701,Josh Smith,2025-05-24,5,28,78.1,105.6,32.5,0,1,3,6,0.3,0.614,0.364,1,9,60.22,5.94,2.51,0.0,16.7,50.0,11.1
669701,Josh Smith,2025-05-25,3,16,86.375,100.8,-5.25,0,1,0,4,0.468,0.52,0.523,1,6,68.17,6.38,7.33,0.0,25.0,0.0,16.7
669701,Josh Smith,2025-05-26,4,16,84.586,100.9,14.143,0,1,2,7,0.233,0.298,0.222,1,8,67.62,6.6,3.55,0.0,14.3,28.6,12.5
669701,Josh Smith,2025-05-27,4,15,83.338,101.7,39.375,0,3,0,8,0.318,0.356,0.293,0,8,69.73,6.71,8.95,0.0,37.5,0.0,0.0
669701,Josh Smith,2025-05-28,4,19,90.1,90.1,1.0,0,0,0,1,0.355,0.414,0.426,3,4,59.8,7.05,9.97,0.0,0.0,0.0,75.0
669701,Josh Smith,2025-05-31,4,25,71.55,106.4,6.375,0,1,1,8,0.062,0.072,0.03,2,13,64.5,6.95,12.2,0.0,12.5,12.5,15.4
669701,Josh Smith,2025-06-01,5,16,87.086,106.3,6.857,1,3,4,7,0.54,1.089,0.689,1,8,69.14,6.99,8.06,14.3,42.9,57.1,12.5
669701,Josh Smith,2025-06-03,4,22,73.108,90.5,32.417,0,0,6,12,0.122,0.169,0.063,1,13,63.61,6.06,2.65,0.0,0.0,50.0,7.7
669701,Josh Smith,2025-06-04,5,20,80.388,101.1,23.5,0,1,2,8,0.339,0.392,0.253,3,11,69.86,6.4,2.66,0.0,12.5,25.0,27.3
669701,Josh Smith,2025-06-05,4,15,71.9,101.9,6.125,0,2,2,8,0.299,0.323,0.206,1,9,67.2,6.97,12.34,0.0,25.0,25.0,11.1
669701,Josh Smith,2025-06-06,3,12,88.75,95.3,27.0,0,1,1,2,0.202,0.231,0.127,1,3,71.43,7.33,21.05,0.0,50.0,50.0,33.3
669701,Josh Smith,2025-06-07,2,7,91.4,91.4,43.0,0,0,0,1,0.005,0.007,0.348,0,1,71.3,6.9,15.45,0.0,0.0,0.0,0.0
669701,Josh Smith,2025-06-08,5,24,86.1,104.7,41.286,1,2,1,7,0.276,0.616,0.222,5,13,67.31,6.35,-0.65,14.3,28.6,14.3,38.5
669701,Josh Smith,2025-06-10,6,24,90.41,106.6,18.5,0,4,2,10,0.418,0.504,0.404,0,10,70.08,6.81,10.18,0.0,40.0,20.0,0.0
669701,Josh Smith,2025-06-11,4,14,88.438,102.8,6.875,0,2,4,8,0.198,0.434,0.262,0,8,69.78,7.01,8.35,0.0,25.0,50.0,0.0
669701,Josh Smith,2025-06-12,6,22,89.557,103.9,26.0,1,3,5,7,0.35,0.713,0.484,0,8,71.49,7.16,13.72,14.3,42.9,71.4,0.0
669701,Josh Smith,2025-06-13,5,16,88.575,101.9,28.75,1,2,2,4,0.351,0.955,0.575,1,5,69.98,6.84,6.05,25.0,50.0,50.0,20.0
669701,Josh Smith,2025-06-14,6,23,80.1,96.0,23.667,0,1,4,9,0.292,0.406,0.317,3,12,67.91,6.65,3.6,0.0,11.1,44.4,25.0
669701,Josh Smith,2025-06-15,4,20,75.529,92.5,26.286,0,0,2,7,0.082,0.118,0.212,1,9,68.72,7.01,10.56,0.0,0.0,28.6,11.1
669701,Josh Smith,2025-06-20,5,16,82.5,100.9,11.5,0,1,3,6,0.379,0.44,0.285,1,7,66.56,6.19,-0.69,0.0,16.7,50.0,14.3
669701,Josh Smith,2025-06-21,4,15,77.857,83.7,32.857,0,0,3,7,0.604,0.675,0.422,1,8,68.85,6.14,0.32,0.0,0.0,42.9,12.5
669701,Josh Smith,2025-06-22,4,13,75.05,86.6,19.167,0,0,2,6,0.261,0.289,0.243,2,8,62.34,5.89,3.12,0.0,0.0,33.3,25.0
669701,Josh Smith,2025-06-24,4,22,76.02,103.6,0.5,0,2,2,10,0.219,0.235,0.455,1,13,67.51,6.7,6.63,0.0,20.0,20.0,7.7
669701,Josh Smith,2025-06-25,5,17,81.383,94.8,0.5,0,0,1,6,0.122,0.209,0.111,3,9,64.59,6.84,6.41,0.0,0.0,16.7,33.3
669701,Josh Smith,2025-06-27,6,20,84.971,97.8,23.286,0,1,3,7,0.559,0.641,0.316,2,11,68.11,6.9,10.91,0.0,14.3,42.9,18.2
669701,Josh Smith,2025-06-28,5,16,78.167,86.7,11.833,0,0,2,6,0.294,0.332,0.365,0,6,66.0,6.15,-1.85,0.0,0.0,33.3,0.0
669701,Josh Smith,2025-06-29,6,35,83.071,106.5,9.929,0,4,4,14,0.288,0.369,0.354,0,15,65.91,6.11,-0.68,0.0,28.6,28.6,0.0
669701,Josh Smith,2025-06-30,3,13,73.625,79.9,43.0,0,0,0,4,0.045,0.048,0.028,0,4,69.5,6.92,10.31,0.0,0.0,0.0,0.0
669701,Josh Smith,2025-07-01,5,14,85.657,100.6,8.286,0,2,1,7,0.366,0.415,0.345,0,8,67.36,6.75,7.63,0.0,28.6,14.3,0.0
669701,Josh Smith,2025-07-02,4,14,78.55,99.1,2.25,0,1,2,4,0.499,0.582,0.47,0,5,69.06,6.94,7.83,0.0,25.0,50.0,0.0
669701,Josh Smith,2025-07-04,5,29,81.217,104.2,33.083,0,2,4,12,0.255,0.393,0.443,0,12,69.69,6.51,2.34,0.0,16.7,33.3,0.0
669701,Josh Smith,2025-07-05,5,15,81.2,106.6,26.8,1,1,1,5,0.356,1.034,0.454,1,7,70.0,6.45,8.08,20.0,20.0,20.0,14.3
669701,Josh Smith,2025-07-06,3,13,78.5,87.4,38.429,0,0,2,7,0.327,0.383,0.311,2,10,66.99,6.62,9.5,0.0,0.0,28.6,20.0
669701,Josh Smith,2025-07-07,2,7,82.0,95.9,39.0,0,1,1,2,0.959,1.148,0.824,1,3,72.3,7.43,20.94,0.0,50.0,50.0,33.3
669701,Josh Smith,2025-07-08,6,34,83.067,104.1,6.167,1,3,3,12,0.286,0.627,0.37,4,17,70.77,7.03,12.15,8.3,25.0,25.0,23.5
669701,Josh Smith,2025-07-09,5,24,77.912,101.2,24.75,0,2,1,8,0.314,0.365,0.371,2,10,62.11,6.25,2.0,0.0,25.0,12.5,20.0
669701,Josh Smith,2025-07-10,5,24,83.667,96.6,-6.333,0,1,0,3,0.038,0.116,0.289,3,6,71.1,7.35,18.53,0.0,33.3,0.0,50.0
669701,Josh Smith,2025-07-11,5,15,86.029,103.9,15.0,0,2,2,7,0.26,0.376,0.221,1,8,66.99,6.15,4.49,0.0,28.6,28.6,12.5
669701,Josh Smith,2025-07-12,4,23,69.814,92.2,5.857,0,0,3,7,0.068,0.101,0.053,4,13,63.24,6.71,11.09,0.0,0.0,42.9,30.8
669701,Josh Smith,2025-07-13,5,14,73.04,84.2,14.4,0,0,3,5,0.307,0.364,0.175,1,8,66.8,6.8,6.75,0.0,0.0,60.0,12.5
669701,Josh Smith,2025-07-18,4,18,74.42,89.9,1.2,0,0,1,5,0.051,0.052,0.263,0,6,57.38,5.45,-6.87,0.0,0.0,20.0,0.0
669701,Josh Smith,2025-07-19,4,14,86.4,98.9,6.25,0,1,2,4,0.185,0.196,0.17,0,5,66.5,6.26,-2.95,0.0,25.0,50.0,0.0
669701,Josh Smith,2025-07-21,3,12,82.85,105.0,9.833,0,2,3,6,0.299,0.455,0.322,0,6,69.53,6.93,10.78,0.0,33.3,50.0,0.0
669701,Josh Smith,2025-07-22,4,15,76.04,88.0,3.8,0,0,2,5,0.102,0.103,0.246,0,5,63.08,5.64,-8.84,0.0,0.0,40.0,0.0
669701,Josh Smith,2025-07-23,1,7,68.9,70.3,7.333,0,0,2,3,,,0.0,0,3,64.43,6.07,-0.02,0.0,0.0,66.7,0.0
669701,Josh Smith,2025-07-25,4,13,81.425,100.7,-4.0,0,1,0,4,0.078,0.08,0.218,0,6,62.65,7.08,10.96,0.0,25.0,0.0,0.0
669701,Josh Smith,2025-07-26,5,17,84.55,104.1,-10.833,0,2,1,6,0.347,0.394,0.262,4,10,65.7,6.93,7.85,0.0,33.3,16.7,40.0
669701,Josh Smith,2025-07-27,5,18,84.0,105.6,12.75,1,1,6,8,0.463,1.049,0.643,1,9,68.61,6.67,7.23,12.5,12.5,75.0,11.1
669701,Josh Smith,2025-07-28,5,16,85.0,102.2,12.5,0,2,2,4,0.12,0.207,0.251,1,5,68.25,6.42,5.58,0.0,50.0,50.0,20.0
669701,Josh Smith,2025-07-29,4,20,82.267,90.7,20.167,0,0,5,6,0.557,0.669,0.401,2,8,60.39,5.96,2.05,0.0,0.0,83.3,25.0
669701,Josh Smith,2025-07-30,5,16,89.8,101.8,-24.4,0,2,0,5,0.248,0.28,0.274,1,6,68.95,6.48,1.79,0.0,40.0,0.0,16.7
669701,Josh Smith,2025-07-31,4,18,76.267,89.1,3.667,0,0,1,6,0.101,0.102,0.024,3,10,69.42,6.62,5.89,0.0,0.0,16.7,30.0
669701,Josh Smith,2025-08-01,4,14,86.586,102.4,11.143,0,3,2,7,0.422,0.504,0.4,1,8,64.92,6.18,-1.88,0.0,42.9,28.6,12.5
669701,Josh Smith,2025-08-02,6,23,73.6,94.1,13.75,0,0,2,7,0.081,0.155,0.079,4,13,67.96,6.68,8.63,0.0,0.0,28.6,30.8
669701,Josh Smith,2025-08-03,4,13,83.317,103.6,21.833,1,1,3,6,0.364,0.753,0.464,1,7,69.84,6.89,9.18,16.7,16.7,50.0,14.3
669701,Josh Smith,2025-08-04,4,13,85.925,100.2,-4.0,0,1,0,4,0.155,0.17,0.107,3,7,65.99,6.83,13.91,0.0,25.0,0.0,42.9
669701,Josh Smith,2025-08-05,4,17,80.3,104.1,31.0,1,1,4,6,0.604,1.345,0.583,0,7,69.03,6.84,9.19,16.7,16.7,66.7,0.0
669701,Josh Smith,2025-08-06,4,19,75.771,91.3,-1.286,0,0,1,7,0.157,0.172,0.108,3,11,67.72,7.0,12.03,0.0,0.0,14.3,27.3
669701,Josh Smith,2025-08-08,1,5,,,,0,0,0,0,,,0.691,1,1,71.7,7.2,17.55,0.0,0.0,0.0,100.0
669701,Josh Smith,2025-08-09,1,4,88.05,91.8,-13.0,0,0,0,2,0.473,0.5,0.426,0,2,69.4,6.45,7.04,0.0,0.0,0.0,0.0
669701,Josh Smith,2025-08-10,5,12,78.66,92.6,29.0,0,0,1,5,0.085,0.159,0.064,2,8,70.18,7.0,10.95,0.0,0.0,20.0,25.0
669701,Josh Smith,2025-08-11,4,21,85.262,103.0,26.25,0,2,4,8,0.359,0.519,0.284,2,10,60.95,5.67,-6.78,0.0,25.0,50.0,20.0
669701,Josh Smith,2025-08-12,3,12,80.22,98.3,29.2,0,1,2,5,0.198,0.46,0.275,0,5,69.6,6.62,9.0,0.0,20.0,40.0,0.0
669701,Josh Smith,2025-08-13,3,15,82.567,96.0,31.833,0,1,2,6,0.349,0.415,0.337,1,7,66.71,6.87,6.13,0.0,16.7,33.3,14.3
669701,Josh Smith,2025-08-15,5,20,72.517,99.6,9.5,1,1,2,6,0.292,0.548,0.279,4,11,64.61,6.04,0.2,16.7,16.7,33.3,36.4
669701,Josh Smith,2025-08-16,4,21,76.533,94.4,30.167,0,0,2,6,0.071,0.217,0.381,3,9,64.88,5.9,-4.6,0.0,0.0,33.3,33.3
669701,Josh Smith,2025-08-17,5,22,91.6,101.3,22.333,0,2,1,3,0.22,0.328,0.278,0,4,70.8,6.65,10.68,0.0,66.7,33.3,0.0
669701,Josh Smith,2025-08-18,4,19,86.5,103.3,5.778,0,3,3,9,0.251,0.277,0.172,0,9,65.68,6.49,6.8,0.0,33.3,33.3,0.0
669701,Josh Smith,2025-08-19,3,8,87.267,89.4,-1.0,0,0,1,3,0.095,0.123,0.095,1,4,70.4,6.9,15.66,0.0,0.0,33.3,25.0
669701,Josh Smith,2025-08-20,3,9,67.5,68.2,2.5,0,0,1,2,0.471,0.498,0.289,1,3,67.18,6.5,10.16,0.0,0.0,50.0,33.3
669701,Josh Smith,2025-08-21,4,18,95.05,98.6,-1.25,0,2,0,4,0.396,0.452,0.37,1,6,67.67,6.28,8.76,0.0,50.0,0.0,16.7
669701,Josh Smith,2025-08-22,4,24,79.222,99.4,35.444,0,1,2,9,0.188,0.224,0.136,1,11,67.72,6.5,5.77,0.0,11.1,22.2,9.1
669701,Josh Smith,2025-08-23,1,5,79.3,90.1,58.5,0,0,0,2,,,0.0,0,2,70.0,7.4,17.58,0.0,0.0,0.0,0.0
669701,Josh Smith,2025-08-24,5,31,77.883,94.7,27.5,0,0,2,12,0.311,0.367,0.308,2,16,67.74,6.68,10.3,0.0,0.0,16.7,12.5
669701,Josh Smith,2025-08-25,4,21,82.44,101.6,16.4,0,1,2,5,0.576,0.638,0.619,1,7,67.6,7.1,11.42,0.0,20.0,40.0,14.3
669701,Josh Smith,2025-08-27,6,27,96.38,101.9,18.4,1,4,2,5,0.458,0.731,0.424,1,6,69.32,6.88,15.96,20.0,80.0,40.0,16.7
669701,Josh Smith,2025-08-29,2,8,73.25,84.8,-13.0,0,0,0,2,0.048,0.049,0.024,1,4,66.46,6.48,13.05,0.0,0.0,0.0,25.0
669701,Josh Smith,2025-08-30,5,19,73.486,94.8,4.857,0,0,2,7,0.209,0.247,0.203,2,10,60.28,6.19,1.4,0.0,0.0,28.6,20.0
669701,Josh Smith,2025-08-31,5,20,94.35,104.8,8.0,0,1,1,2,0.633,0.772,0.66,0,2,71.65,6.75,4.91,0.0,50.0,50.0,0.0
669701,Josh Smith,2025-09-01,3,10,60.7,97.4,-27.0,0,1,1,2,0.633,0.7,0.193,2,5,67.72,6.82,14.7,0.0,50.0,50.0,40.0
669701,Josh Smith,2025-09-02,5,16,79.76,92.6,-7.8,0,0,1,5,0.32,0.361,0.297,1,7,64.09,6.34,7.79,0.0,0.0,20.0,14.3
669701,Josh Smith,2025-09-03,4,19,81.625,96.7,16.0,0,1,1,4,0.338,0.402,0.41,0,4,69.85,6.7,5.41,0.0,25.0,25.0,0.0
669701,Josh Smith,2025-09-05,5,20,74.65,86.0,46.0,0,0,0,4,0.072,0.085,0.167,4,9,58.67,5.79,3.04,0.0,0.0,0.0,44.4
669701,Josh Smith,2025-09-06,4,22,80.417,104.9,43.5,0,1,1,6,0.351,0.405,0.339,1,8,65.33,6.42,1.76,0.0,16.7,16.7,12.5
669701,Josh Smith,2025-09-07,1,6,,,,0,0,0,0,,,0.691,1,1,70.4,8.2,29.18,0.0,0.0,0.0,100.0
669701,Josh Smith,2025-09-08,1,4,,,,0,0,0,0,,,0.691,0,0,,,,0.0,0.0,0.0,0.0
669701,Josh Smith,2025-09-09,4,22,68.733,84.8,23.286,0,0,3,6,0.337,0.392,0.24,1,8,68.09,6.08,3.04,0.0,0.0,50.0,12.5
669701,Josh Smith,2025-09-10,4,21,71.9,89.7,14.0,0,0,0,5,0.226,0.246,0.275,1,6,62.51,6.13,1.39,0.0,0.0,0.0,16.7
669701,Josh Smith,2025-09-12,5,16,81.12,107.7,-4.8,0,1,1,5,0.322,0.427,0.403,0,5,73.73,7.1,13.26,0.0,20.0,20.0,0.0
669701,Josh Smith,2025-09-13,5,19,77.62,97.8,-3.4,0,1,2,5,0.569,0.636,0.398,2,8,67.14,6.25,0.61,0.0,20.0,40.0,25.0
669701,Josh Smith,2025-09-14,5,16,66.3,80.1,22.0,0,0,2,2,0.166,0.204,0.345,0,2,66.8,6.25,-0.19,0.0,0.0,100.0,0.0
669701,Josh Smith,2025-09-15,3,14,80.425,103.0,26.75,0,1,2,4,0.342,0.4,0.217,0,4,66.42,6.82,12.06,0.0,25.0,50.0,0.0
669701,Josh Smith,2025-09-16,5,25,79.938,97.1,19.375,0,1,2,8,0.109,0.208,0.079,2,11,66.85,6.41,4.24,0.0,12.5,25.0,18.2
669701,Josh Smith,2025-09-17,4,10,91.1,99.3,37.25,1,1,3,4,0.309,0.65,0.401,0,4,69.33,7.0,17.17,25.0,25.0,75.0,0.0
669701,Josh Smith,2025-09-19,3,12,62.325,72.6,17.0,0,0,0,4,0.126,0.138,0.079,0,4,59.55,5.48,0.04,0.0,0.0,0.0,0.0
669701,Josh Smith,2025-09-20,4,15,90.533,93.7,43.333,0,0,1,3,0.323,0.378,0.231,1,4,69.8,6.85,18.49,0.0,0.0,33.3,25.0
669701,Josh Smith,2025-09-21,1,1,102.8,102.8,26.0,1,1,1,1,0.618,2.258,1.161,0,1,70.4,6.8,5.84,100.0,100.0,100.0,0.0
669701,Josh Smith,2025-09-24,4,23,77.34,100.6,31.8,0,1,2,5,0.34,1.339,0.341,2,8,61.36,6.41,7.5,0.0,20.0,40.0,25.0
669701,Josh Smith,2025-09-25,2,8,74.8,75.6,84.5,0,0,0,2,,,0.0,2,4,71.5,7.62,21.88,0.0,0.0,0.0,50.0
673962,Josh Jung,2025-03-27,4,11,88.125,98.0,22.0,0,1,1,4,0.354,0.437,0.26,2,6,68.87,6.47,4.76,0.0,25.0,25.0,33.3
673962,Josh Jung,2025-03-28,3,10,90.867,100.7,0.667,0,1,2,3,0.434,0.688,0.484,0,3,70.4,6.83,9.47,0.0,33.3,66.7,0.0
673962,Josh Jung,2025-04-08,4,6,80.833,94.8,-12.0,0,0,1,3,0.248,0.289,0.172,1,4,64.82,7.5,17.38,0.0,0.0,33.3,25.0
673962,Josh Jung,2025-04-09,4,12,86.15,106.8,30.167,2,2,5,6,0.494,1.44,0.796,2,8,69.77,6.72,8.81,33.3,33.3,83.3,25.0
673962,Josh Jung,2025-04-11,4,13,79.88,101.0,18.4,1,1,2,5,0.317,0.729,0.439,1,6,70.5,6.8,11.72,20.0,20.0,40.0,16.7
673962,Josh Jung,2025-04-12,4,10,89.68,106.7,10.8,0,2,3,5,0.519,0.693,0.395,1,6,70.08,6.53,2.4,0.0,40.0,60.0,16.7
673962,Josh Jung,2025-04-13,4,18,77.417,89.3,-11.5,0,0,1,6,0.045,0.045,0.011,4,10,68.62,7.7,20.32,0.0,0.0,16.7,40.0
673962,Josh Jung,2025-04-15,4,15,81.48,99.6,35.4,0,1,0,5,0.068,0.068,0.031,2,7,69.87,6.51,3.17,0.0,20.0,0.0,28.6
673962,Josh Jung,2025-04-16,4,17,77.85,96.4,12.0,0,1,1,6,0.173,0.18,0.119,3,10,71.1,6.84,12.88,0.0,16.7,16.7,30.0
673962,Josh Jung,2025-04-17,4,19,86.678,104.3,26.111,0,3,2,9,0.3,0.424,0.23,0,9,70.53,6.86,8.25,0.0,33.3,22.2,0.0
673962,Josh Jung,2025-04-18,4,16,86.44,106.6,16.8,1,1,3,5,0.266,0.578,0.173,3,9,71.61,7.45,17.21,20.0,20.0,60.0,33.3
673962,Josh Jung,2025-04-19,3,12,89.25,103.2,17.0,1,2,2,4,0.322,1.021,0.542,1,6,69.1,7.03,10.61,25.0,50.0,50.0,16.7
673962,Josh Jung,2025-04-20,4,21,94.433,107.5,23.667,1,2,2,3,0.36,1.127,0.301,1,5,73.68,7.27,16.11,33.3,66.7,66.7,20.0
673962,Josh Jung,2025-04-22,5,15,77.84,90.9,-3.0,0,0,0,5,0.071,0.081,0.192,1,6,71.23,7.3,17.16,0.0,0.0,0.0,16.7
673962,Josh Jung,2025-04-23,4,17,84.771,102.9,32.429,1,2,1,7,0.173,0.592,0.311,1,8,70.51,6.7,4.16,14.3,28.6,14.3,12.5
673962,Josh Jung,2025-04-24,4,9,88.15,105.0,50.25,1,1,1,4,0.119,0.447,0.231,0,4,72.4,6.92,16.17,25.0,25.0,25.0,0.0
673962,Josh Jung,2025-04-25,4,19,76.486,98.9,23.571,0,1,1,7,0.293,0.359,0.214,2,9,67.02,6.73,8.15,0.0,14.3,14.3,22.2
673962,Josh Jung,2025-04-26,4,11,74.1,74.2,8.0,0,0,1,2,0.364,0.406,0.46,2,5,70.5,6.98,9.56,0.0,0.0,50.0,40.0
673962,Josh Jung,2025-04-27,2,9,72.54,103.0,-14.2,0,2,1,5,0.578,0.706,0.562,1,6,68.02,7.1,16.44,0.0,40.0,20.0,16.7
673962,Josh Jung,2025-04-28,4,15,86.983,101.2,11.667,0,2,1,6,0.45,0.512,0.378,0,6,70.27,6.85,12.59,0.0,33.3,16.7,0.0
673962,Josh Jung,2025-04-29,5,22,80.383,103.7,25.833,0,1,4,6,0.711,0.809,0.272,4,11,66.73,6.98,11.24,0.0,16.7,66.7,36.4
673962,Josh Jung,2025-04-30,4,7,79.96,106.1,13.6,0,1,2,5,0.363,0.399,0.332,0,5,69.08,6.68,10.9,0.0,20.0,40.0,0.0
673962,Josh Jung,2025-05-01,4,9,93.1,100.4,25.75,1,2,2,4,0.255,0.671,0.374,0,4,69.92,6.95,15.62,25.0,50.0,50.0,0.0
673962,Josh Jung,2025-05-02,3,9,80.1,102.2,6.2,0,1,0,5,0.168,0.188,0.102,1,6,70.23,6.58,8.52,0.0,20.0,0.0,16.7
673962,Josh Jung,2025-05-03,3,8,75.95,92.3,-9.0,0,0,1,4,0.388,0.421,0.356,0,4,68.95,6.35,5.23,0.0,0.0,25.0,0.0
673962,Josh Jung,2025-05-04,5,14,84.275,108.0,41.25,0,1,2,4,0.535,0.708,0.58,2,6,66.68,7.6,21.73,0.0,25.0,50.0,33.3
673962,Josh Jung,2025-05-06,4,15,101.35,107.7,33.5,0,2,1,2,0.42,0.516,0.205,0,2,71.27,7.43,19.44,0.0,100.0,50.0,0.0
673962,Josh Jung,2025-05-07,4,9,89.5,104.6,22.4,1,1,2,5,0.164,0.603,0.308,0,5,72.7,7.02,14.92,20.0,20.0,40.0,0.0
673962,Josh Jung,2025-05-08,4,16,88.28,107.9,21.2,1,2,3,5,0.373,1.305,0.683,1,6,63.6,7.08,9.39,20.0,40.0,60.0,16.7
673962,Josh Jung,2025-05-09,3,11,70.233,77.3,5.0,0,0,0,3,0.048,0.048,0.032,4,7,70.55,6.85,7.06,0.0,0.0,0.0,57.1
673962,Josh Jung,2025-05-10,4,12,90.8,94.9,29.0,0,0,3,4,0.335,0.622,0.299,0,4,70.4,7.12,11.47,0.0,0.0,75.0,0.0
673962,Josh Jung,2025-05-11,4,17,88.7,107.4,26.667,1,1,2,3,0.663,1.937,0.534,1,8,69.37,7.69,21.11,33.3,33.3,66.7,12.5
673962,Josh Jung,2025-05-12,3,8,91.525,102.7,29.75,1,2,3,4,0.77,1.531,0.647,1,5,68.56,6.72,10.73,25.0,50.0,75.0,20.0
673962,Josh Jung,2025-05-13,4,9,84.0,106.1,-4.0,1,2,1,5,0.319,1.108,0.584,1,6,65.28,7.48,14.88,20.0,40.0,20.0,16.7
673962,Josh Jung,2025-05-14,4,14,83.15,107.8,24.25,0,2,1,4,0.237,0.335,0.36,1,5,68.34,7.06,9.06,0.0,50.0,25.0,20.0
673962,Josh Jung,2025-05-15,3,10,81.3,98.3,5.5,0,1,1,2,0.177,0.599,0.21,0,2,72.8,6.65,10.82,0.0,50.0,50.0,0.0
673962,Josh Jung,2025-05-16,4,24,77.711,101.2,24.222,0,2,1,9,0.243,0.583,0.258,4,13,67.26,6.88,12.09,0.0,22.2,11.1,30.8
673962,Josh Jung,2025-05-17,4,10,70.0,92.2,5.667,0,0,1,3,0.263,0.275,0.179,2,5,68.44,7.38,18.57,0.0,0.0,33.3,40.0
673962,Josh Jung,2025-05-18,4,10,91.0,104.6,27.5,0,3,3,6,0.491,0.923,0.443,1,7,73.87,7.19,12.73,0.0,50.0,50.0,14.3
673962,Josh Jung,2025-05-20,4,14,80.925,106.7,18.5,0,1,1,4,0.581,0.62,0.262,1,5,72.0,7.32,17.96,0.0,25.0,25.0,20.0
673962,Josh Jung,2025-05-21,5,22,84.24,99.9,11.2,0,1,2,5,0.386,0.531,0.236,4,10,70.43,7.63,17.87,0.0,20.0,40.0,40.0
673962,Josh Jung,2025-05-22,4,19,84.7,107.4,17.286,0,2,3,7,0.604,0.65,0.419,3,11,67.1,7.1,13.55,0.0,28.6,42.9,27.3
673962,Josh Jung,2025-05-23,4,20,89.675,106.5,53.5,0,1,1,4,0.919,1.146,0.743,1,7,71.94,7.27,18.94,0.0,25.0,25.0,14.3
673962,Josh Jung,2025-05-24,5,22,80.633,102.1,0.5,0,1,1,6,0.269,0.299,0.195,3,11,69.98,6.88,8.06,0.0,16.7,16.7,27.3
673962,Josh Jung,2025-05-25,4,15,91.54,103.8,35.8,0,2,2,5,0.688,0.947,0.699,2,7,70.34,7.56,15.31,0.0,40.0,40.0,28.6
673962,Josh Jung,2025-05-26,4,17,88.033,96.5,37.667,0,1,0,3,0.094,0.339,0.088,4,8,65.9,7.32,17.89,0.0,33.3,0.0,50.0
673962,Josh Jung,2025-05-27,4,18,79.16,98.5,32.0,0,1,3,5,0.5,0.591,0.36,1,6,68.73,7.04,11.38,0.0,20.0,60.0,16.7
673962,Josh Jung,2025-05-28,4,18,76.933,91.9,42.333,0,0,3,6,0.083,0.151,0.05,3,9,66.11,6.7,9.47,0.0,0.0,50.0,33.3
673962,Josh Jung,2025-05-30,5,15,91.45,106.9,17.875,0,2,6,8,0.612,0.766,0.48,3,11,65.81,6.66,10.18,0.0,25.0,75.0,27.3
673962,Josh Jung,2025-05-31,4,13,76.7,78.5,43.5,0,0,1,2,0.081,0.121,0.02,6,9,65.8,7.16,12.64,0.0,0.0,50.0,66.7
673962,Josh Jung,2025-06-01,4,14,85.04,102.5,5.4,1,1,1,5,0.258,0.608,0.264,0,5,69.58,7.1,14.21,20.0,20.0,20.0,0.0
673962,Josh Jung,2025-06-03,4,12,81.75,98.9,10.0,0,1,2,4,0.209,0.371,0.184,3,7,69.07,7.14,12.66,0.0,25.0,50.0,42.9
673962,Josh Jung,2025-06-04,4,17,77.24,90.9,18.2,0,0,1,5,0.595,0.603,0.307,2,7,71.79,6.66,6.24,0.0,0.0,20.0,28.6
673962,Josh Jung,2025-06-05,4,19,73.943,94.8,0.571,0,0,2,7,0.059,0.086,0.215,1,8,68.99,6.91,11.27,0.0,0.0,28.6,12.5
673962,Josh Jung,2025-06-06,1,6,71.22,95.5,18.0,0,1,1,5,0.478,0.54,0.453,0,5,67.48,7.06,5.37,0.0,20.0,20.0,0.0
673962,Josh Jung,2025-06-07,4,20,91.66,101.8,25.8,0,3,2,5,0.615,0.9,0.321,4,11,68.36,7.03,9.94,0.0,60.0,40.0,36.4
673962,Josh Jung,2025-06-08,4,20,81.673,111.2,29.467,0,4,5,15,0.21,0.259,0.207,0,16,69.46,6.59,3.37,0.0,26.7,33.3,0.0
673962,Josh Jung,2025-06-10,5,24,80.173,102.0,27.0,0,2,5,11,0.805,0.998,0.47,2,14,66.71,6.94,8.27,0.0,18.2,45.5,14.3
673962,Josh Jung,2025-06-11,4,23,80.412,93.7,20.0,0,0,1,8,0.175,0.175,0.08,4,12,70.09,6.98,9.32,0.0,0.0,12.5,33.3
673962,Josh Jung,2025-06-12,6,26,79.99,103.7,26.0,0,3,5,10,0.456,0.635,0.508,2,12,71.28,7.29,13.11,0.0,30.0,50.0,16.7
673962,Josh Jung,2025-06-13,4,22,71.043,95.9,-0.857,0,1,2,7,0.121,0.339,0.324,1,10,69.43,6.62,6.17,0.0,14.3,28.6,10.0
673962,Josh Jung,2025-06-14,6,28,70.75,96.8,21.625,0,1,1,8,0.094,0.105,0.144,5,15,68.06,6.52,6.3,0.0,12.5,12.5,33.3
673962,Josh Jung,2025-06-18,4,11,85.08,106.1,5.2,1,2,2,5,0.296,0.946,0.38,3,8,70.78,6.99,7.28,20.0,40.0,40.0,37.5
673962,Josh Jung,2025-06-19,3,12,73.96,95.1,21.0,0,1,3,5,0.153,0.273,0.118,2,7,68.99,6.73,7.06,0.0,20.0,60.0,28.6
673962,Josh Jung,2025-06-20,5,16,74.143,87.8,-4.429,0,0,1,7,0.125,0.129,0.092,1,10,68.23,6.91,10.14,0.0,0.0,14.3,10.0
673962,Josh Jung,2025-06-21,3,13,82.0,95.7,13.4,0,1,3,5,0.283,0.283,0.171,1,6,69.68,6.67,9.01,0.0,20.0,60.0,16.7
673962,Josh Jung,2025-06-22,4,11,88.4,99.8,-9.25,0,2,0,4,0.296,0.335,0.201,5,9,68.59,6.35,9.19,0.0,50.0,0.0,55.6
673962,Josh Jung,2025-06-23,3,8,95.3,106.8,-2.333,0,2,1,3,0.336,0.43,0.329,1,4,71.18,6.65,4.71,0.0,66.7,33.3,25.0
673962,Josh Jung,2025-06-24,5,10,84.025,97.2,4.75,0,1,2,4,0.474,0.518,0.349,2,6,67.47,7.56,21.38,0.0,25.0,50.0,33.3
673962,Josh Jung,2025-06-25,4,12,92.083,106.4,29.167,1,3,2,6,0.405,0.796,0.508,2,8,70.35,6.94,11.91,16.7,50.0,33.3,25.0
673962,Josh Jung,2025-06-27,6,17,82.578,102.8,0.667,0,2,1,9,0.314,0.39,0.201,3,12,69.48,6.76,10.08,0.0,22.2,11.1,25.0
673962,Josh Jung,2025-06-28,4,11,76.7,88.1,11.667,0,0,2,3,0.548,0.618,0.431,1,4,62.03,6.65,5.45,0.0,0.0,66.7,25.0
673962,Josh Jung,2025-06-29,5,21,87.32,99.4,11.4,0,2,1,5,0.333,0.346,0.121,5,11,68.74,6.34,7.97,0.0,40.0,20.0,45.5
673962,Josh Jung,2025-06-30,5,21,72.46,76.9,24.4,0,0,1,5,0.077,0.098,0.043,5,13,68.35,7.13,13.84,0.0,0.0,20.0,38.5
673962,Josh Jung,2025-07-21,3,12,100.35,103.0,19.5,0,2,1,2,0.478,0.946,0.628,1,3,69.27,6.73,1.97,0.0,100.0,50.0,33.3
673962,Josh Jung,2025-07-22,3,9,71.767,90.5,-7.333,0,0,1,3,0.26,0.316,0.167,1,4,67.75,7.18,16.2,0.0,0.0,33.3,25.0
673962,Josh Jung,2025-07-23,3,13,93.033,101.8,3.0,0,1,0,3,0.081,0.081,0.025,3,6,68.53,6.65,12.17,0.0,33.3,0.0,50.0
673962,Josh Jung,2025-07-25,4,19,74.083,100.6,10.167,0,2,1,6,0.293,0.778,0.39,1,7,70.5,7.1,13.15,0.0,33.3,16.7,14.3
673962,Josh Jung,2025-07-26,4,14,93.34,102.9,15.8,0,3,3,5,0.47,0.89,0.6,0,7,70.34,7.13,16.33,0.0,60.0,60.0,0.0
673962,Josh Jung,2025-07-27,4,19,84.278,101.5,31.111,0,2,2,9,0.294,0.779,0.332,1,10,68.97,6.91,13.17,0.0,22.2,22.2,10.0
673962,Josh Jung,2025-07-28,4,14,86.775,109.2,4.5,1,1,1,4,0.26,0.778,0.321,3,7,72.39,7.26,15.42,25.0,25.0,25.0,42.9
673962,Josh Jung,2025-07-29,4,26,78.542,105.7,28.917,0,2,3,12,0.413,0.488,0.198,1,14,69.97,6.61,4.2,0.0,16.7,25.0,7.1
673962,Josh Jung,2025-07-30,4,16,76.25,99.4,-32.0,0,1,1,4,0.29,0.606,0.19,2,8,69.04,7.32,17.78,0.0,25.0,25.0,25.0
673962,Josh Jung,2025-08-04,5,22,86.312,102.6,26.75,1,3,1,8,0.421,1.033,0.5,0,9,69.42,6.54,6.79,12.5,37.5,12.5,0.0
673962,Josh Jung,2025-08-06,3,12,82.22,100.4,-2.0,0,2,2,5,0.274,0.338,0.18,2,7,70.57,6.66,10.22,0.0,40.0,40.0,28.6
673962,Josh Jung,2025-08-08,4,17,84.633,101.2,19.833,0,2,3,6,0.624,0.881,0.323,1,7,69.57,7.0,8.82,0.0,33.3,50.0,14.3
673962,Josh Jung,2025-08-09,4,14,75.383,91.7,32.5,0,0,1,6,0.104,0.118,0.073,1,8,70.21,6.81,8.34,0.0,0.0,16.7,12.5
673962,Josh Jung,2025-08-10,4,14,78.933,88.1,29.333,0,0,2,3,0.267,0.284,0.123,3,7,66.56,6.51,11.26,0.0,0.0,66.7,42.9
673962,Josh Jung,2025-08-11,4,13,94.15,103.3,31.0,1,2,1,4,0.319,1.097,0.432,3,8,68.34,7.11,14.58,25.0,50.0,25.0,37.5
673962,Josh Jung,2025-08-12,4,18,96.767,104.3,20.667,0,2,0,3,0.249,0.261,0.17,2,5,71.62,6.9,10.69,0.0,66.7,0.0,40.0
673962,Josh Jung,2025-08-13,4,13,86.52,103.6,25.8,0,2,1,5,0.315,0.473,0.422,1,6,68.3,7.48,18.82,0.0,40.0,20.0,16.7
673962,Josh Jung,2025-08-15,4,13,80.5,86.5,29.75,0,0,2,4,0.236,0.246,0.106,1,5,69.52,7.24,14.95,0.0,0.0,50.0,20.0
673962,Josh Jung,2025-08-16,5,23,80.811,97.2,21.444,0,2,5,9,0.206,0.251,0.257,1,11,68.78,6.52,4.19,0.0,22.2,55.6,9.1
673962,Josh Jung,2025-08-17,1,6,80.3,80.3,52.0,0,0,0,1,0.063,0.112,0.081,1,3,69.03,7.63,13.02,0.0,0.0,0.0,33.3
673962,Josh Jung,2025-08-19,2,6,82.2,89.2,21.0,0,0,0,3,0.061,0.074,0.056,1,4,73.4,7.35,12.67,0.0,0.0,0.0,25.0
673962,Josh Jung,2025-08-20,2,11,81.4,100.4,-24.8,0,2,0,5,0.269,0.269,0.124,1,6,66.17,6.91,13.84,0.0,40.0,0.0,16.7
673962,Josh Jung,2025-08-21,1,5,75.5,75.5,56.0,0,0,0,1,,,0.0,1,2,69.2,6.6,2.6,0.0,0.0,0.0,50.0
673962,Josh Jung,2025-08-22,3,12,97.35,100.7,1.5,0,1,0,2,0.452,0.507,0.278,1,5,70.48,7.06,13.07,0.0,50.0,0.0,20.0
673962,Josh Jung,2025-08-23,4,24,85.871,100.6,28.857,0,2,3,7,0.347,0.75,0.508,1,8,71.24,6.71,7.88,0.0,28.6,42.9,12.5
673962,Josh Jung,2025-08-24,4,18,81.229,104.5,2.0,0,1,2,7,0.809,0.973,0.39,2,10,68.47,7.25,15.89,0.0,14.3,28.6,20.0
673962,Josh Jung,2025-08-25,3,10,94.8,101.7,24.5,0,1,0,2,0.308,0.308,0.093,4,6,66.03,7.35,20.61,0.0,50.0,0.0,66.7
673962,Josh Jung,2025-08-26,4,12,85.629,101.5,28.286,1,2,3,7,0.233,0.766,0.406,0,7,70.91,6.79,8.05,14.3,28.6,42.9,0.0
673962,Josh Jung,2025-08-27,6,14,94.6,102.1,17.286,0,4,2,7,0.336,0.487,0.346,0,9,70.78,6.94,11.99,0.0,57.1,28.6,0.0
673962,Josh Jung,2025-08-29,4,19,86.45,100.1,6.333,0,2,3,6,0.698,0.777,0.49,1,8,67.5,6.64,6.74,0.0,33.3,50.0,12.5
673962,Josh Jung,2025-08-30,5,13,90.243,104.2,25.286,1,3,2,7,0.369,0.605,0.412,0,10,68.56,6.76,13.32,14.3,42.9,28.6,0.0
673962,Josh Jung,2025-08-31,5,21,85.38,103.3,31.0,2,2,4,5,0.53,1.798,0.377,6,13,70.45,6.92,10.21,40.0,40.0,80.0,46.2
673962,Josh Jung,2025-09-01,4,18,80.333,94.6,29.167,0,0,4,6,0.334,0.393,0.241,3,10,64.86,6.21,9.04,0.0,0.0,66.7,30.0
673962,Josh Jung,2025-09-02,4,14,77.825,85.7,20.75,0,0,1,4,0.056,0.063,0.027,1,6,68.82,6.87,12.44,0.0,0.0,25.0,16.7
673962,Josh Jung,2025-09-03,1,7,,,,0,0,0,0,,,0.0,3,4,74.13,7.07,13.67,0.0,0.0,0.0,75.0
673962,Josh Jung,2025-09-05,5,17,79.343,104.7,14.714,0,1,1,7,0.386,0.466,0.224,1,9,68.7,7.0,9.69,0.0,14.3,14.3,11.1
673962,Josh Jung,2025-09-06,4,10,92.575,101.3,31.5,0,1,2,4,0.243,0.432,0.286,1,5,70.32,7.48,17.59,0.0,25.0,50.0,20.0
673962,Josh Jung,2025-09-07,4,14,91.25,107.5,-1.25,1,3,2,4,0.475,0.941,0.595,1,5,72.68,7.0,9.42,25.0,75.0,50.0,20.0
673962,Josh Jung,2025-09-08,4,13,82.05,102.3,-2.5,0,1,2,6,0.294,0.334,0.28,2,8,70.19,7.1,11.37,0.0,16.7,33.3,25.0
673962,Josh Jung,2025-09-09,4,20,81.8,81.8,44.0,0,0,0,1,,,0.173,3,5,68.61,6.64,11.9,0.0,0.0,0.0,60.0
673962,Josh Jung,2025-09-10,4,27,83.792,107.8,8.385,0,3,5,13,0.116,0.126,0.053,1,14,69.8,7.03,14.71,0.0,23.1,38.5,7.1
673962,Josh Jung,2025-09-12,5,14,77.575,105.4,20.875,0,3,4,8,0.495,0.652,0.402,2,11,68.28,6.83,10.98,0.0,37.5,50.0,18.2
673962,Josh Jung,2025-09-13,4,15,89.567,95.3,14.0,0,1,0,3,0.337,0.37,0.329,2,5,68.0,7.2,17.36,0.0,33.3,0.0,40.0
673962,Josh Jung,2025-09-14,4,16,82.75,101.0,8.167,0,2,0,6,0.326,0.355,0.225,0,6,68.55,6.58,2.58,0.0,33.3,0.0,0.0
673962,Josh Jung,2025-09-15,4,15,90.0,103.0,17.4,0,2,2,5,0.292,0.479,0.328,0,5,71.28,6.86,9.27,0.0,40.0,40.0,0.0
673962,Josh Jung,2025-09-16,4,17,84.243,102.0,24.286,1,2,4,7,0.361,0.789,0.359,0,8,68.57,7.04,9.45,14.3,28.6,57.1,0.0
673962,Josh Jung,2025-09-17,4,17,89.5,104.8,19.4,1,3,2,5,0.452,1.08,0.479,1,7,69.67,6.92,9.94,20.0,60.0,40.0,14.3
673962,Josh Jung,2025-09-19,4,16,78.825,106.7,17.5,0,1,3,8,0.277,0.308,0.196,1,9,70.82,6.59,6.85,0.0,12.5,37.5,11.1
673962,Josh Jung,2025-09-20,4,8,93.55,103.0,14.0,0,3,1,4,0.437,0.535,0.425,0,4,69.62,6.8,7.78,0.0,75.0,25.0,0.0
673962,Josh Jung,2025-09-21,4,16,79.08,100.1,16.7,0,2,2,10,0.332,0.388,0.156,2,12,66.77,6.72,6.3,0.0,20.0,20.0,16.7
673962,Josh Jung,2025-09-23,4,9,83.38,108.1,27.0,1,2,4,5,0.469,0.802,0.542,0,5,66.88,6.68,8.04,20.0,40.0,80.0,0.0
673962,Josh Jung,2025-09-24,4,16,85.1,97.6,21.0,0,3,4,7,0.275,0.666,0.461,0,7,66.81,6.4,7.49,0.0,42.9,57.1,0.0
673962,Josh Jung,2025-09-25,3,11,76.033,98.1,32.667,0,1,2,6,0.052,0.059,0.048,2,8,68.9,6.97,13.46,0.0,16.7,33.3,25.0
673962,Josh Jung,2025-09-26,5,22,74.725,96.7,32.5,0,1,1,4,0.233,0.265,0.086,5,11,66.89,7.09,14.79,0.0,25.0,25.0,45.5
673962,Josh Jung,2025-09-27,4,13,88.8,103.2,13.0,0,2,1,4,0.628,0.708,0.44,1,5,70.07,7.13,12.44,0.0,50.0,25.0,20.0
673962,Josh Jung,2025-09-28,5,18,90.3,101.6,30.5,1,2,3,4,0.286,0.992,0.56,0,5,72.08,7.13,7.91,25.0,50.0,75.0,0.0
677649,Ezequiel Duran,2025-03-29,4,14,73.15,76.6,4.5,0,0,0,4,0.122,0.146,0.087,3,8,63.16,7.07,4.19,0.0,0.0,0.0,37.5
677649,Ezequiel Duran,2025-03-30,3,13,66.275,80.8,7.5,0,0,3,8,0.24,0.283,0.215,2,11,71.74,7.77,12.37,0.0,0.0,37.5,18.2
677649,Ezequiel Duran,2025-03-31,1,1,99.6,99.6,4.0,0,1,0,1,0.559,0.63,0.521,0,1,71.7,6.8,1.63,0.0,100.0,0.0,0.0
677649,Ezequiel Duran,2025-04-02,3,13,71.0,83.2,-20.75,0,0,2,4,0.262,0.265,0.08,3,7,63.01,6.32,4.35,0.0,0.0,50.0,42.9
677649,Ezequiel Duran,2025-04-07,1,3,81.55,95.9,27.0,0,1,2,2,0.214,0.741,0.385,0,2,72.2,7.0,-0.59,0.0,50.0,100.0,0.0
677649,Ezequiel Duran,2025-04-15,3,10,86.44,96.2,21.8,0,1,2,5,0.148,0.226,0.158,2,7,73.0,7.13,7.41,0.0,20.0,40.0,28.6
677649,Ezequiel Duran,2025-05-09,2,4,,,,0,0,0,0,,,0.361,2,2,72.0,7.05,1.44,0.0,0.0,0.0,100.0
677649,Ezequiel Duran,2025-05-10,1,3,61.2,61.2,5.0,0,0,0,1,0.168,0.171,0.151,0,1,67.8,6.0,1.2,0.0,0.0,0.0,0.0
677649,Ezequiel Duran,2025-05-11,4,22,77.3,104.6,39.25,1,1,4,8,0.481,1.118,0.501,4,13,69.57,7.26,7.54,12.5,12.5,50.0,30.8
677649,Ezequiel Duran,2025-05-12,3,11,75.0,96.9,22.0,0,1,0,3,0.102,0.178,0.078,2,5,67.38,6.98,1.9,0.0,33.3,0.0,40.0
677649,Ezequiel Duran,2025-05-13,2,5,76.7,76.7,65.0,0,0,0,1,0.005,0.006,0.002,1,3,72.0,8.2,16.34,0.0,0.0,0.0,33.3
677649,Ezequiel Duran,2025-05-18,4,15,89.625,109.1,27.5,0,2,0,4,0.358,0.382,0.162,2,7,69.27,7.49,6.85,0.0,50.0,0.0,28.6
677649,Ezequiel Duran,2025-05-22,2,15,71.875,74.3,43.5,0,0,2,4,,,0.0,2,8,72.75,7.02,6.15,0.0,0.0,50.0,25.0
677649,Ezequiel Duran,2025-05-30,4,17,84.722,109.0,25.0,0,1,4,9,0.222,0.286,0.218,1,10,68.56,6.9,-0.13,0.0,11.1,44.4,10.0
677649,Ezequiel Duran,2025-06-07,2,10,79.933,94.8,44.333,0,0,0,3,0.478,0.554,0.226,1,5,63.46,7.14,-1.56,0.0,0.0,0.0,20.0
677649,Ezequiel Duran,2025-06-10,1,2,,,,0,0,0,0,,,0.722,0,0,,,,0.0,0.0,0.0,0.0
677649,Ezequiel Duran,2025-06-12,1,4,99.9,99.9,9.0,0,1,1,1,,,0.722,0,1,66.0,5.9,-19.12,0.0,100.0,100.0,0.0
677649,Ezequiel Duran,2025-06-15,4,16,86.357,104.3,27.0,0,3,4,7,0.407,0.677,0.514,0,7,70.34,7.08,4.24,0.0,42.9,57.1,0.0
677649,Ezequiel Duran,2025-06-17,3,13,78.94,99.7,-12.0,0,1,0,5,0.466,0.512,0.143,3,8,60.99,6.92,16.41,0.0,20.0,0.0,37.5
677649,Ezequiel Duran,2025-06-18,2,6,83.25,103.9,19.5,0,1,0,2,0.199,0.242,0.092,2,4,72.58,7.25,3.59,0.0,50.0,0.0,50.0
677649,Ezequiel Duran,2025-06-20,1,1,103.1,103.1,6.0,0,1,0,1,0.628,0.711,0.582,0,1,72.7,6.7,-3.65,0.0,100.0,0.0,0.0
677649,Ezequiel Duran,2025-06-21,4,23,86.925,102.8,9.625,0,3,2,8,0.247,0.384,0.31,3,12,62.97,6.5,6.32,0.0,37.5,25.0,25.0
677649,Ezequiel Duran,2025-06-22,4,14,80.85,88.3,-42.0,0,0,0,2,0.156,0.18,0.073,1,6,66.57,6.48,-1.63,0.0,0.0,0.0,16.7
677649,Ezequiel Duran,2025-06-23,3,9,102.333,104.7,-11.333,0,3,0,3,0.304,0.365,0.278,0,3,75.0,7.47,5.23,0.0,100.0,0.0,0.0
677649,Ezequiel Duran,2025-06-24,1,7,83.2,92.0,25.333,0,0,0,3,,,0.691,0,3,71.03,6.8,3.86,0.0,0.0,0.0,0.0
677649,Ezequiel Duran,2025-06-27,3,9,64.483,80.6,16.333,0,0,1,6,0.321,0.324,0.146,0,6,61.4,5.74,-11.06,0.0,0.0,16.7,0.0
677649,Ezequiel Duran,2025-07-01,5,20,83.2,106.5,23.333,0,2,3,6,0.276,0.426,0.324,1,7,73.1,6.99,5.57,0.0,33.3,50.0,14.3
677649,Ezequiel Duran,2025-07-02,4,12,68.4,96.0,46.0,0,1,3,5,0.389,0.626,0.329,2,8,62.38,6.35,2.37,0.0,20.0,60.0,25.0
677649,Ezequiel Duran,2025-07-07,2,9,49.3,49.3,30.0,0,0,1,1,0.172,0.172,0.078,2,3,66.63,5.93,-5.74,0.0,0.0,100.0,66.7
677649,Ezequiel Duran,2025-07-08,2,4,73.25,82.6,62.5,0,0,0,2,0.014,0.023,0.015,0,2,75.6,6.85,6.28,0.0,0.0,0.0,0.0
677649,Ezequiel Duran,2025-07-10,1,3,75.4,75.4,71.0,0,0,0,1,0.001,0.001,0.0,1,2,75.1,7.25,6.04,0.0,0.0,0.0,50.0
677649,Ezequiel Duran,2025-07-11,2,8,81.85,96.7,44.5,0,1,0,4,0.154,0.156,0.141,0,5,68.78,6.82,-0.51,0.0,25.0,0.0,0.0
677649,Ezequiel Duran,2025-07-12,4,14,70.7,70.7,20.0,0,0,1,1,,,0.0,3,6,72.47,8.18,19.61,0.0,0.0,100.0,50.0
677649,Ezequiel Duran,2025-07-13,4,18,63.05,81.4,27.833,0,0,4,6,0.266,0.31,0.298,2,8,57.44,5.68,-1.77,0.0,0.0,66.7,25.0
677649,Ezequiel Duran,2025-07-20,3,15,69.467,82.8,53.0,0,0,1,3,,,0.0,3,6,52.37,5.37,7.96,0.0,0.0,33.3,50.0
677649,Ezequiel Duran,2025-07-23,2,9,81.3,82.3,56.5,0,0,0,2,0.03,0.052,0.018,0,3,72.9,6.5,6.32,0.0,0.0,0.0,0.0
677649,Ezequiel Duran,2025-07-29,3,7,74.967,106.1,36.333,0,1,1,3,0.284,0.339,0.27,2,5,74.2,7.32,6.9,0.0,33.3,33.3,40.0
677649,Ezequiel Duran,2025-08-01,1,4,86.85,95.5,-5.0,0,1,0,2,0.062,0.065,0.06,0,2,67.67,6.23,-7.69,0.0,50.0,0.0,0.0
677649,Ezequiel Duran,2025-08-02,1,3,65.5,65.5,16.0,0,0,1,1,0.314,0.314,0.283,0,1,41.65,4.25,-41.55,0.0,0.0,100.0,0.0
677649,Ezequiel Duran,2025-08-04,3,6,90.35,91.5,7.0,0,0,1,2,0.656,0.726,0.406,1,3,55.35,5.7,-15.34,0.0,0.0,50.0,33.3
677649,Ezequiel Duran,2025-08-06,3,7,83.375,108.0,6.5,1,2,1,4,0.468,0.987,0.613,1,5,70.44,6.88,4.87,25.0,50.0,25.0,20.0
677649,Ezequiel Duran,2025-08-08,4,10,75.15,92.8,-5.5,0,0,1,4,0.25,0.273,0.232,1,5,71.78,6.68,5.28,0.0,0.0,25.0,20.0
677649,Ezequiel Duran,2025-08-09,3,13,88.1,101.4,8.0,0,1,0,4,0.58,0.656,0.361,2,6,69.05,6.82,1.9,0.0,25.0,0.0,33.3
677649,Ezequiel Duran,2025-08-13,4,22,69.2,91.0,5.3,0,0,1,10,0.148,0.188,0.276,1,11,69.55,7.14,10.0,0.0,0.0,10.0,9.1
677649,Ezequiel Duran,2025-08-16,4,15,79.322,104.5,17.556,1,2,5,9,0.207,0.599,0.33,1,10,69.56,7.07,5.22,11.1,22.2,55.6,10.0
677649,Ezequiel Duran,2025-08-17,2,10,80.675,92.4,4.5,0,0,1,4,0.473,0.5,0.559,0,4,71.28,7.15,3.02,0.0,0.0,25.0,0.0
677649,Ezequiel Duran,2025-08-19,1,4,53.6,53.6,-66.0,0,0,0,1,0.301,0.304,0.276,2,3,68.53,6.57,0.23,0.0,0.0,0.0,66.7
677649,Ezequiel Duran,2025-08-20,5,17,87.267,106.0,7.833,0,2,3,6,0.506,0.583,0.285,2,8,62.22,6.22,-7.01,0.0,33.3,50.0,25.0
677649,Ezequiel Duran,2025-08-21,4,13,87.92,102.3,34.8,0,2,3,5,0.545,0.808,0.584,0,5,71.46,7.14,4.13,0.0,40.0,60.0,0.0
677649,Ezequiel Duran,2025-08-22,3,8,88.925,102.0,36.0,0,1,2,4,0.494,0.59,0.47,1,5,70.48,6.96,4.18,0.0,25.0,50.0,20.0
677649,Ezequiel Duran,2025-08-23,5,19,85.071,94.3,28.143,0,0,4,7,0.294,0.379,0.289,0,8,61.13,5.98,-4.78,0.0,0.0,57.1,0.0
677649,Ezequiel Duran,2025-08-24,4,16,90.5,102.3,-6.5,0,2,0,4,0.284,0.336,0.194,3,8,71.47,7.71,19.8,0.0,50.0,0.0,37.5
677649,Ezequiel Duran,2025-08-25,1,6,73.8,78.4,39.25,0,0,2,4,0.504,0.522,0.453,0,4,63.72,7.2,7.09,0.0,0.0,50.0,0.0
677649,Ezequiel Duran,2025-08-26,3,14,75.975,83.8,58.25,0,0,0,4,0.01,0.013,0.004,2,6,68.46,6.6,2.39,0.0,0.0,0.0,33.3
677649,Ezequiel Duran,2025-08-27,3,8,74.5,93.5,55.0,0,0,2,5,0.38,0.464,0.368,1,6,73.02,7.8,14.26,0.0,0.0,40.0,16.7
677649,Ezequiel Duran,2025-08-29,4,13,83.4,99.2,16.429,0,1,3,7,0.138,0.173,0.131,1,8,63.18,6.95,3.43,0.0,14.3,42.9,12.5
677649,Ezequiel Duran,2025-08-30,5,23,73.973,89.8,46.364,0,0,2,11,0.055,0.06,0.041,1,12,68.82,6.75,2.68,0.0,0.0,18.2,8.3
677649,Ezequiel Duran,2025-08-31,5,18,68.371,90.6,-16.286,0,0,1,7,0.157,0.171,0.116,5,12,71.02,7.16,6.16,0.0,0.0,14.3,41.7
677649,Ezequiel Duran,2025-09-01,2,10,76.525,83.3,7.75,0,0,3,4,0.415,0.525,0.544,0,4,65.15,7.3,8.26,0.0,0.0,75.0,0.0
677649,Ezequiel Duran,2025-09-02,2,8,98.8,98.8,16.0,0,1,1,1,0.6,0.826,0.649,0,1,68.8,6.2,-5.72,0.0,100.0,100.0,0.0
677649,Ezequiel Duran,2025-09-03,4,18,87.1,101.0,-3.6,0,2,1,5,0.093,0.127,0.068,0,5,66.28,6.24,-2.8,0.0,40.0,20.0,0.0
677649,Ezequiel Duran,2025-09-05,5,11,77.0,102.9,9.4,0,1,1,5,0.308,0.337,0.226,2,7,50.3,4.99,-12.43,0.0,20.0,20.0,28.6
677649,Ezequiel Duran,2025-09-06,3,10,46.3,46.3,42.0,0,0,0,1,0.089,0.089,0.027,2,4,67.64,6.84,5.99,0.0,0.0,0.0,50.0
677649,Ezequiel Duran,2025-09-07,2,9,72.325,84.3,-30.0,0,0,0,4,0.056,0.059,0.028,2,6,71.43,7.85,15.94,0.0,0.0,0.0,33.3
677649,Ezequiel Duran,2025-09-08,2,9,70.3,70.3,7.0,0,0,0,1,,,0.0,1,2,50.4,5.93,8.92,0.0,0.0,0.0,50.0
677649,Ezequiel Duran,2025-09-15,1,1,90.3,90.3,14.0,0,0,1,1,0.97,1.134,0.928,0,1,61.9,7.0,4.73,0.0,0.0,100.0,0.0
677649,Ezequiel Duran,2025-09-17,1,1,70.4,70.4,37.0,0,0,0,1,0.6,0.738,0.611,0,1,76.0,8.4,20.85,0.0,0.0,0.0,0.0
677649,Ezequiel Duran,2025-09-19,2,9,81.0,105.0,-11.0,0,1,1,4,,,0.0,1,6,72.22,7.57,7.68,0.0,25.0,25.0,16.7
677649,Ezequiel Duran,2025-09-20,4,19,78.0,106.9,21.143,0,2,3,7,0.395,0.451,0.368,1,8,64.29,6.9,1.26,0.0,28.6,42.9,12.5
677649,Ezequiel Duran,2025-09-21,3,13,72.025,78.1,43.25,0,0,2,4,0.038,0.038,0.011,3,7,69.83,7.07,3.54,0.0,0.0,50.0,42.9
677649,Ezequiel Duran,2025-09-23,3,7,93.167,103.6,8.667,0,2,2,3,0.666,0.749,0.62,1,5,59.83,6.25,15.94,0.0,66.7,66.7,20.0
677649,Ezequiel Duran,2025-09-24,4,12,85.15,103.1,11.25,0,1,1,4,0.475,0.54,0.225,2,8,70.61,7.58,13.08,0.0,25.0,25.0,25.0
677649,Ezequiel Duran,2025-09-25,3,9,85.26,103.8,50.0,0,2,2,5,0.278,0.355,0.275,0,6,72.08,7.8,10.91,0.0,40.0,40.0,0.0
677649,Ezequiel Duran,2025-09-26,4,7,76.42,85.3,26.2,0,0,1,5,0.137,0.144,0.124,0,5,68.7,7.14,2.89,0.0,0.0,20.0,0.0
677649,Ezequiel Duran,2025-09-27,3,9,89.933,100.0,20.333,0,1,1,3,0.13,0.234,0.153,0,3,71.87,7.33,4.93,0.0,33.3,33.3,0.0
677649,Ezequiel Duran,2025-09-28,5,17,90.38,106.9,12.0,1,1,2,5,0.24,0.703,0.313,2,8,71.0,7.01,4.51,20.0,20.0,40.0,25.0
679822,Justin Foscue,2025-06-23,3,13,77.612,99.6,-3.875,0,2,1,8,0.167,0.426,0.249,0,9,70.64,7.31,11.59,0.0,25.0,12.5,0.0
679822,Justin Foscue,2025-06-30,2,10,78.0,80.9,76.0,0,0,0,2,0.01,0.013,0.006,1,3,72.0,6.83,5.34,0.0,0.0,0.0,33.3
679822,Justin Foscue,2025-07-01,1,3,88.45,101.0,24.5,0,1,1,2,0.929,1.184,0.921,0,2,69.6,7.1,6.9,0.0,50.0,50.0,0.0
679822,Justin Foscue,2025-07-20,3,16,75.38,95.0,47.6,0,1,1,5,0.013,0.036,0.007,1,6,68.83,6.7,5.04,0.0,20.0,20.0,16.7
680716,Jonathan Ornelas,2025-03-30,3,8,68.225,105.8,-24.25,0,1,0,4,0.204,0.204,0.063,3,7,65.2,7.1,13.0,0.0,25.0,0.0,42.9
680716,Jonathan Ornelas,2025-03-31,1,6,83.4,83.4,21.0,0,0,1,1,,,0.691,0,1,63.6,6.5,-20.54,0.0,0.0,100.0,0.0
680716,Jonathan Ornelas,2025-04-07,1,5,87.0,87.0,35.0,0,0,0,1,,,0.0,2,3,63.5,7.17,8.95,0.0,0.0,0.0,66.7
680716,Jonathan Ornelas,2025-05-02,1,2,79.7,79.7,-21.0,0,0,0,1,0.05,0.09,0.048,0,1,74.1,6.8,7.74,0.0,0.0,0.0,0.0
680737,Michael Helman,2025-06-30,3,16,72.26,79.0,43.4,0,0,0,5,0.027,0.03,0.249,0,6,74.04,8.1,11.56,0.0,0.0,0.0,0.0
680737,Michael Helman,2025-07-01,1,5,,,,0,0,0,0,,,0.691,1,1,69.2,7.3,9.5,0.0,0.0,0.0,100.0
680737,Michael Helman,2025-07-07,2,10,70.633,86.7,18.667,0,0,0,3,0.003,0.003,0.002,1,6,70.08,7.62,9.28,0.0,0.0,0.0,16.7
680737,Michael Helman,2025-07-21,4,13,70.414,104.1,13.571,1,1,3,7,0.302,0.934,0.509,1,9,58.09,6.8,7.88,14.3,14.3,42.9,11.1
680737,Michael Helman,2025-07-23,2,8,97.4,103.2,25.5,0,1,1,2,0.081,0.237,0.067,2,4,71.82,7.26,11.03,0.0,50.0,50.0,50.0
680737,Michael Helman,2025-07-25,2,4,62.45,79.5,-28.0,0,0,1,2,0.291,0.293,0.265,1,3,61.2,6.95,9.62,0.0,0.0,50.0,33.3
680737,Michael Helman,2025-08-23,4,15,77.643,105.3,19.571,0,2,3,7,0.304,0.34,0.277,3,10,66.39,7.34,13.43,0.0,28.6,42.9,30.0
680737,Michael Helman,2025-08-25,1,5,,,,0,0,0,0,,,0.0,3,3,68.93,7.77,11.78,0.0,0.0,0.0,100.0
680737,Michael Helman,2025-08-26,3,12,96.45,102.9,13.5,1,1,1,2,0.532,1.312,0.501,3,6,67.85,8.02,14.71,50.0,50.0,50.0,50.0
680737,Michael Helman,2025-08-27,1,1,82.7,82.7,4.0,0,0,0,1,0.336,0.339,0.306,0,1,69.9,7.9,23.04,0.0,0.0,0.0,0.0
680737,Michael Helman,2025-08-29,5,26,85.064,102.0,35.909,1,3,2,11,0.278,1.072,0.465,3,14,65.41,7.28,13.15,9.1,27.3,18.2,21.4
680737,Michael Helman,2025-08-30,4,16,77.029,99.7,41.0,0,1,3,7,0.224,0.334,0.178,4,11,62.05,7.15,10.79,0.0,14.3,42.9,36.4
680737,Michael Helman,2025-08-31,4,19,64.333,84.2,0.0,0,0,0,3,0.076,0.078,0.382,2,5,60.38,7.26,8.54,0.0,0.0,0.0,40.0
680737,Michael Helman,2025-09-01,4,13,82.8,100.0,12.5,0,1,1,6,0.112,0.116,0.078,2,8,69.14,7.69,12.57,0.0,16.7,16.7,25.0
680737,Michael Helman,2025-09-02,4,14,81.917,99.3,14.833,0,1,2,6,0.233,0.264,0.163,1,7,71.36,7.68,11.64,0.0,16.7,33.3,14.3
680737,Michael Helman,2025-09-03,2,4,79.3,90.3,-5.0,0,0,0,3,0.103,0.106,0.098,0,3,71.47,7.7,11.95,0.0,0.0,0.0,0.0
680737,Michael Helman,2025-09-05,3,12,74.3,84.4,49.5,0,0,0,4,0.067,0.082,0.066,3,7,70.13,7.66,11.83,0.0,0.0,0.0,42.9
680737,Michael Helman,2025-09-07,3,11,93.84,104.2,21.6,0,4,3,5,0.327,0.778,0.307,0,6,62.22,7.75,14.42,0.0,80.0,60.0,0.0
680737,Michael Helman,2025-09-08,3,6,87.96,102.9,36.0,2,3,2,5,0.408,1.401,0.733,0,5,60.37,6.73,5.31,40.0,60.0,40.0,0.0
680737,Michael Helman,2025-09-09,3,12,81.7,101.5,20.2,1,1,2,5,0.528,2.055,0.578,1,6,66.88,7.65,9.74,20.0,20.0,40.0,16.7
680737,Michael Helman,2025-09-10,4,13,78.283,101.9,22.5,0,2,1,6,0.234,0.28,0.172,1,7,69.2,7.67,12.27,0.0,33.3,16.7,14.3
680737,Michael Helman,2025-09-12,4,13,77.6,84.4,-21.75,0,0,1,4,0.184,0.211,0.174,0,4,63.55,7.5,6.88,0.0,0.0,25.0,0.0
680737,Michael Helman,2025-09-13,4,14,55.229,82.5,-11.429,0,0,0,7,0.205,0.215,0.191,1,8,59.42,6.71,6.53,0.0,0.0,0.0,12.5
680737,Michael Helman,2025-09-14,2,5,78.567,88.5,-17.333,0,0,1,3,0.564,0.626,0.527,0,3,66.3,7.43,5.64,0.0,0.0,33.3,0.0
680737,Michael Helman,2025-09-15,2,5,84.3,105.9,32.0,0,1,1,3,0.585,0.638,0.266,0,4,63.82,8.07,15.56,0.0,33.3,33.3,0.0
680737,Michael Helman,2025-09-16,3,9,64.05,68.8,60.0,0,0,0,2,0.003,0.003,0.001,2,4,66.22,7.9,11.65,0.0,0.0,0.0,50.0
680737,Michael Helman,2025-09-17,1,5,73.433,74.2,40.333,0,0,2,3,0.005,0.007,0.006,1,4,70.62,7.15,9.39,0.0,0.0,66.7,25.0
680737,Michael Helman,2025-09-19,4,23,77.2,106.6,26.556,1,2,3,9,0.265,0.626,0.279,2,11,69.61,7.9,11.69,11.1,22.2,33.3,18.2
680737,Michael Helman,2025-09-20,4,16,85.42,103.6,-1.2,0,2,1,5,0.146,0.16,0.241,0,6,69.54,7.81,11.45,0.0,40.0,20.0,0.0
680737,Michael Helman,2025-09-21,4,20,81.867,97.5,9.667,0,1,3,9,0.258,0.268,0.116,2,11,69.01,7.52,10.77,0.0,11.1,33.3,18.2
680737,Michael Helman,2025-09-23,2,3,76.9,101.9,8.5,0,1,1,2,0.25,0.252,0.227,0,2,68.95,6.9,5.74,0.0,50.0,50.0,0.0
680737,Michael Helman,2025-09-24,3,12,84.6,102.9,22.8,0,1,2,5,0.294,0.337,0.274,0,5,59.22,6.86,1.48,0.0,20.0,40.0,0.0
680737,Michael Helman,2025-09-25,2,7,51.55,71.6,21.0,0,0,0,2,0.001,0.001,0.0,1,3,56.13,8.07,13.36,0.0,0.0,0.0,33.3
680737,Michael Helman,2025-09-26,4,12,71.28,92.9,30.2,0,0,2,5,0.164,0.218,0.128,2,7,62.6,7.0,7.66,0.0,0.0,40.0,28.6
680737,Michael Helman,2025-09-27,4,12,68.567,98.1,14.667,0,1,2,3,0.294,0.445,0.339,2,5,57.44,6.84,-0.54,0.0,33.3,66.7,40.0
680737,Michael Helman,2025-09-28,5,14,70.75,99.0,10.125,0,1,1,8,0.051,0.054,0.038,1,10,63.94,7.11,2.4,0.0,12.5,12.5,10.0
683004,Jack Leiter,2025-06-30,1,3,,,,0,0,0,0,,,0.0,1,1,59.2,6.6,2.03,0.0,0.0,0.0,100.0
683227,Cody Freeman,2025-07-20,3,14,80.36,93.9,23.2,0,0,1,5,0.044,0.051,0.029,3,8,60.01,6.45,7.65,0.0,0.0,20.0,37.5
683227,Cody Freeman,2025-07-21,2,6,83.95,98.7,29.0,0,1,1,4,0.488,0.591,0.467,0,4,68.88,6.7,12.79,0.0,25.0,25.0,0.0
683227,Cody Freeman,2025-07-23,2,7,73.4,84.7,46.0,0,0,0,2,0.025,0.032,0.014,1,3,66.18,5.98,11.28,0.0,0.0,0.0,33.3
683227,Cody Freeman,2025-08-17,5,24,87.773,104.3,29.545,0,5,3,11,0.482,0.561,0.457,0,11,67.35,6.59,10.63,0.0,45.5,27.3,0.0
683227,Cody Freeman,2025-08-18,4,14,76.35,87.7,45.875,0,0,2,8,0.219,0.221,0.198,1,9,66.0,7.0,13.15,0.0,0.0,25.0,11.1
683227,Cody Freeman,2025-08-19,1,5,88.133,91.7,7.0,0,0,1,3,0.38,0.381,0.347,0,3,67.67,7.27,10.86,0.0,0.0,33.3,0.0
683227,Cody Freeman,2025-08-20,5,19,76.122,99.6,16.333,0,2,1,9,0.058,0.082,0.061,0,9,66.99,6.96,11.74,0.0,22.2,11.1,0.0
683227,Cody Freeman,2025-08-21,4,14,86.267,100.3,15.667,0,2,0,6,0.241,0.256,0.166,1,8,67.16,6.74,8.27,0.0,33.3,0.0,12.5
683227,Cody Freeman,2025-08-23,4,14,87.817,103.0,3.167,2,3,2,6,0.395,1.056,0.6,0,7,67.46,6.59,12.34,33.3,50.0,33.3,0.0
683227,Cody Freeman,2025-08-25,2,9,73.98,85.5,47.0,0,0,0,5,0.012,0.014,0.011,0,5,68.48,6.94,11.85,0.0,0.0,0.0,0.0
683227,Cody Freeman,2025-08-26,4,23,79.127,94.9,27.455,0,0,2,11,0.078,0.08,0.1,1,12,65.07,6.52,10.31,0.0,0.0,18.2,8.3
683227,Cody Freeman,2025-08-27,1,4,95.267,98.6,5.667,0,2,2,3,0.944,1.105,0.901,0,3,70.35,7.1,18.64,0.0,66.7,66.7,0.0
683227,Cody Freeman,2025-08-29,2,7,65.2,83.1,2.0,0,0,1,3,0.271,0.272,0.245,1,4,63.5,6.9,13.08,0.0,0.0,33.3,25.0
683227,Cody Freeman,2025-09-01,4,19,78.32,102.0,3.0,1,2,2,5,0.568,0.985,0.671,1,7,66.03,6.35,5.72,20.0,40.0,40.0,14.3
683227,Cody Freeman,2025-09-02,4,20,85.933,106.2,13.833,0,2,2,6,0.11,0.111,0.25,0,6,70.1,7.0,16.55,0.0,33.3,33.3,0.0
683227,Cody Freeman,2025-09-03,4,25,79.957,89.6,5.286,0,0,3,7,0.269,0.321,0.195,0,8,67.71,6.51,5.09,0.0,0.0,42.9,0.0
683227,Cody Freeman,2025-09-05,6,21,85.58,95.7,31.4,0,1,2,10,0.258,0.33,0.214,0,11,66.3,6.41,11.59,0.0,10.0,20.0,0.0
683227,Cody Freeman,2025-09-07,4,13,89.375,102.0,11.0,0,2,1,4,0.255,0.33,0.251,0,4,71.88,7.05,10.86,0.0,50.0,25.0,0.0
683227,Cody Freeman,2025-09-08,3,8,89.133,100.6,-15.333,0,2,1,3,0.208,0.29,0.214,0,3,69.07,6.3,4.95,0.0,66.7,33.3,0.0
683227,Cody Freeman,2025-09-09,4,19,72.725,85.5,22.0,0,0,1,4,0.967,1.089,0.303,3,8,64.69,6.45,8.56,0.0,0.0,25.0,37.5
683227,Cody Freeman,2025-09-10,3,8,85.167,96.1,25.0,0,1,1,3,0.577,0.632,0.355,0,3,64.47,6.25,7.8,0.0,33.3,33.3,0.0
683227,Cody Freeman,2025-09-12,4,16,71.217,89.0,29.167,0,0,2,6,0.441,0.48,0.407,1,7,64.39,6.23,2.51,0.0,0.0,33.3,14.3
683227,Cody Freeman,2025-09-13,4,17,80.114,95.4,16.571,0,1,2,7,0.24,0.454,0.291,1,9,65.08,6.51,9.38,0.0,14.3,28.6,11.1
683227,Cody Freeman,2025-09-14,4,12,78.875,86.5,21.0,0,0,1,4,0.201,0.238,0.184,0,5,55.84,5.36,9.12,0.0,0.0,25.0,0.0
683227,Cody Freeman,2025-09-15,2,5,65.8,76.3,28.0,0,0,1,3,0.067,0.068,0.062,0,3,65.97,6.33,7.89,0.0,0.0,33.3,0.0
683227,Cody Freeman,2025-09-16,4,22,87.029,100.8,43.286,1,2,2,7,0.18,0.557,0.397,0,8,62.46,6.59,12.17,14.3,28.6,28.6,0.0
683227,Cody Freeman,2025-09-17,3,14,77.0,85.5,41.0,0,0,1,3,0.329,0.347,0.329,1,4,65.75,6.35,7.72,0.0,0.0,33.3,25.0
683227,Cody Freeman,2025-09-19,4,17,85.271,96.4,11.143,0,1,3,7,0.266,0.426,0.297,0,7,66.41,6.69,8.19,0.0,14.3,42.9,0.0
683227,Cody Freeman,2025-09-20,4,17,84.52,98.7,41.8,0,1,1,5,0.138,0.139,0.236,1,6,59.93,6.47,11.36,0.0,20.0,20.0,16.7
683227,Cody Freeman,2025-09-21,4,17,78.971,101.3,49.286,0,2,1,7,0.438,0.538,0.317,2,9,66.78,6.89,12.91,0.0,28.6,14.3,22.2
683227,Cody Freeman,2025-09-23,3,9,72.733,81.3,6.0,0,0,0,3,0.058,0.06,0.038,1,4,55.18,6.85,8.93,0.0,0.0,0.0,25.0
683227,Cody Freeman,2025-09-25,2,11,68.9,72.8,32.0,0,0,1,2,0.562,0.611,0.254,3,5,62.24,6.38,6.48,0.0,0.0,50.0,60.0
683227,Cody Freeman,2025-09-26,5,18,80.386,100.3,-1.571,0,1,3,7,0.431,0.508,0.329,1,8,66.02,6.42,8.93,0.0,14.3,42.9,12.5
683227,Cody Freeman,2025-09-27,4,15,68.0,79.6,21.0,0,0,2,4,0.154,0.154,0.07,1,5,52.22,5.5,2.83,0.0,0.0,50.0,20.0
683227,Cody Freeman,2025-09-28,4,22,75.925,91.6,-8.75,0,0,2,4,0.538,0.615,0.256,2,6,63.59,6.4,5.19,0.0,0.0,50.0,33.3
687957,Dustin Harris,2025-04-11,1,7,76.5,87.9,8.333,0,0,2,3,,,0.0,0,4,67.62,7.57,23.84,0.0,0.0,66.7,0.0
687957,Dustin Harris,2025-04-13,3,12,89.85,102.9,26.333,1,2,3,6,0.273,0.86,0.46,0,6,66.6,7.45,17.02,16.7,33.3,50.0,0.0
687957,Dustin Harris,2025-04-16,4,12,87.567,102.6,14.667,0,1,3,3,0.41,0.602,0.214,3,6,66.06,7.64,21.68,0.0,33.3,100.0,50.0
687957,Dustin Harris,2025-04-17,4,12,82.0,97.3,32.0,0,2,3,7,0.434,0.56,0.432,0,7,65.99,6.94,9.05,0.0,28.6,42.9,0.0
687957,Dustin Harris,2025-04-18,3,14,84.9,95.2,-5.667,0,1,2,3,0.849,0.961,0.528,1,5,64.26,7.28,14.14,0.0,33.3,66.7,20.0
687957,Dustin Harris,2025-04-19,3,14,86.0,108.2,18.0,0,1,0,4,0.025,0.062,0.241,1,6,68.48,7.3,18.46,0.0,25.0,0.0,16.7
687957,Dustin Harris,2025-04-20,3,9,78.775,84.9,21.5,0,0,0,4,0.074,0.135,0.024,1,6,57.15,7.12,13.43,0.0,0.0,0.0,16.7
687957,Dustin Harris,2025-04-23,1,5,66.8,73.4,27.5,0,0,1,2,,,0.0,1,3,65.3,6.73,1.16,0.0,0.0,50.0,33.3
687957,Dustin Harris,2025-04-25,3,15,70.688,100.6,28.0,0,1,4,8,0.013,0.016,0.008,2,11,65.16,6.92,9.76,0.0,12.5,50.0,18.2
687957,Dustin Harris,2025-04-27,4,21,82.82,106.4,7.9,0,3,4,10,0.296,0.38,0.294,2,13,63.93,6.72,10.64,0.0,30.0,40.0,15.4
687957,Dustin Harris,2025-04-28,1,4,63.1,63.1,-24.0,0,0,0,1,0.052,0.055,0.052,0,1,64.75,6.05,-4.31,0.0,0.0,0.0,0.0
687957,Dustin Harris,2025-04-29,1,5,42.3,42.3,-45.0,0,0,0,1,,,0.0,0,1,72.2,6.9,39.91,0.0,0.0,0.0,0.0
687957,Dustin Harris,2025-05-02,1,5,78.05,92.7,17.5,0,0,1,2,0.116,0.266,0.151,0,2,62.2,6.5,3.05,0.0,0.0,50.0,0.0
687957,Dustin Harris,2025-05-03,2,12,78.2,82.7,59.333,0,0,0,3,,,0.691,0,3,70.57,6.77,14.07,0.0,0.0,0.0,0.0
687957,Dustin Harris,2025-05-08,4,11,78.975,94.3,30.75,0,0,1,4,0.121,0.129,0.081,2,6,63.92,6.42,9.12,0.0,0.0,25.0,33.3
687957,Dustin Harris,2025-09-05,1,5,77.767,85.4,-21.0,0,0,0,3,0.227,0.288,0.209,0,3,70.07,6.6,4.84,0.0,0.0,0.0,0.0
687957,Dustin Harris,2025-09-06,4,17,84.0,95.7,22.0,0,1,1,5,0.153,0.156,0.071,5,10,65.04,6.41,8.37,0.0,20.0,20.0,50.0
688760,Blaine Crim,2025-05-02,3,11,97.8,97.8,-9.0,0,1,0,1,0.211,0.341,0.065,3,4,74.08,8.02,15.78,0.0,100.0,0.0,75.0
688760,Blaine Crim,2025-05-04,4,16,73.0,75.2,51.0,0,0,1,2,,,0.353,2,4,73.68,6.82,7.24,0.0,0.0,50.0,50.0
688760,Blaine Crim,2025-05-06,2,7,87.6,89.9,9.5,0,0,1,2,0.069,0.104,0.07,0,2,77.65,7.25,5.38,0.0,0.0,50.0,0.0
688760,Blaine Crim,2025-05-07,2,10,80.133,82.8,5.667,0,0,2,3,0.052,0.052,0.026,2,7,70.03,6.6,0.25,0.0,0.0,66.7,28.6
688760,Blaine Crim,2025-05-09,2,6,77.55,81.2,54.5,0,0,0,2,0.005,0.005,0.002,2,4,75.25,7.42,11.24,0.0,0.0,0.0,50.0
694497,Evan Carter,2025-05-06,5,14,77.72,93.2,24.8,0,0,3,5,0.41,0.459,0.302,1,6,66.08,7.15,8.17,0.0,0.0,60.0,16.7
694497,Evan Carter,2025-05-07,4,14,76.517,84.3,-10.667,0,0,1,6,0.089,0.112,0.088,1,7,68.36,7.16,7.01,0.0,0.0,16.7,14.3
694497,Evan Carter,2025-05-08,4,14,77.8,93.2,40.0,0,0,0,6,0.042,0.043,0.039,0,7,69.94,7.04,11.08,0.0,0.0,0.0,0.0
694497,Evan Carter,2025-05-09,1,3,81.45,102.1,-5.5,0,1,1,2,0.729,0.823,0.669,0,2,73.3,7.3,6.21,0.0,50.0,50.0,0.0
694497,Evan Carter,2025-05-10,3,12,87.35,111.1,-5.75,1,2,1,4,0.425,1.087,0.625,0,4,69.65,6.88,5.42,25.0,50.0,25.0,0.0
694497,Evan Carter,2025-05-11,5,25,75.25,102.3,21.875,1,2,2,8,0.489,0.985,0.371,3,11,67.74,7.17,5.16,12.5,25.0,25.0,27.3
694497,Evan Carter,2025-05-12,4,18,91.45,103.4,41.25,1,2,1,4,0.392,0.975,0.451,2,6,56.72,7.18,12.49,25.0,50.0,25.0,33.3
694497,Evan Carter,2025-05-13,1,4,,,,0,0,0,0,,,0.722,0,0,,,,0.0,0.0,0.0,0.0
694497,Evan Carter,2025-05-14,4,20,79.5,87.7,0.5,0,0,0,6,0.23,0.262,0.452,2,9,65.62,7.0,6.34,0.0,0.0,0.0,22.2
694497,Evan Carter,2025-05-15,3,11,72.5,78.5,32.5,0,0,0,2,0.13,0.161,0.078,4,6,71.12,7.13,13.55,0.0,0.0,0.0,66.7
694497,Evan Carter,2025-05-16,3,10,84.2,103.3,12.0,0,1,1,3,0.058,0.08,0.04,1,5,71.68,7.8,12.72,0.0,33.3,33.3,20.0
694497,Evan Carter,2025-06-03,1,5,86.4,86.4,-10.0,0,0,0,1,0.145,0.169,0.132,1,2,67.4,6.85,9.66,0.0,0.0,0.0,50.0
694497,Evan Carter,2025-06-04,4,10,92.125,103.4,30.0,0,1,2,4,0.216,0.268,0.206,1,5,73.68,7.48,8.65,0.0,25.0,50.0,20.0
694497,Evan Carter,2025-06-05,1,5,,,,0,0,0,0,,,0.0,3,3,72.13,7.73,17.63,0.0,0.0,0.0,100.0
694497,Evan Carter,2025-06-06,3,9,84.85,99.7,33.5,0,1,1,2,0.367,1.412,0.237,2,4,67.05,7.3,12.22,0.0,50.0,50.0,50.0
694497,Evan Carter,2025-06-08,4,17,84.38,106.0,12.8,1,2,3,5,0.723,1.287,0.64,1,7,67.69,6.76,4.38,20.0,40.0,60.0,14.3
694497,Evan Carter,2025-06-10,6,19,90.333,106.9,22.167,1,2,6,6,0.397,0.766,0.52,2,8,70.68,6.94,9.78,16.7,33.3,100.0,25.0
694497,Evan Carter,2025-06-11,4,15,81.467,106.6,20.167,0,2,1,6,0.298,0.39,0.388,1,7,66.4,6.91,0.57,0.0,33.3,16.7,14.3
694497,Evan Carter,2025-06-12,5,17,95.925,103.3,0.75,1,3,2,4,0.486,0.983,0.635,2,6,68.65,7.32,9.44,25.0,75.0,50.0,33.3
694497,Evan Carter,2025-06-13,3,11,80.667,84.0,34.0,0,0,0,3,0.084,0.093,0.284,1,4,69.92,7.2,8.57,0.0,0.0,0.0,25.0
694497,Evan Carter,2025-06-15,4,14,89.88,107.4,15.8,1,3,1,5,0.175,0.324,0.212,1,6,69.77,7.13,11.63,20.0,60.0,20.0,16.7
694497,Evan Carter,2025-06-17,3,15,67.875,75.4,30.75,0,0,2,4,0.025,0.025,0.248,1,6,59.53,6.2,-2.21,0.0,0.0,50.0,16.7
694497,Evan Carter,2025-06-18,2,7,82.4,87.5,46.5,0,0,0,2,0.001,0.001,0.0,1,4,72.05,6.82,4.16,0.0,0.0,0.0,25.0
694497,Evan Carter,2025-06-19,3,10,83.9,95.6,36.333,0,1,0,3,0.096,0.281,0.153,3,6,70.3,7.32,15.34,0.0,33.3,0.0,50.0
694497,Evan Carter,2025-06-20,5,14,81.95,90.5,6.75,0,0,1,4,0.054,0.084,0.32,1,5,66.98,6.98,5.65,0.0,0.0,25.0,20.0
694497,Evan Carter,2025-06-21,4,12,79.62,98.7,-5.8,0,1,2,5,0.246,0.488,0.231,1,6,63.85,6.82,5.75,0.0,20.0,40.0,16.7
694497,Evan Carter,2025-06-24,5,24,79.325,92.8,14.0,0,0,1,4,0.226,0.258,0.082,4,11,66.3,7.12,7.72,0.0,0.0,25.0,36.4
694497,Evan Carter,2025-06-25,4,18,92.8,99.7,0.25,0,2,2,4,0.316,0.406,0.315,3,8,67.8,6.96,7.24,0.0,50.0,50.0,37.5
694497,Evan Carter,2025-06-27,6,24,86.775,96.3,-6.25,0,1,1,4,0.208,0.221,0.294,3,8,67.51,7.5,12.58,0.0,25.0,25.0,37.5
694497,Evan Carter,2025-06-28,4,17,74.967,98.8,18.0,0,1,1,6,0.211,0.246,0.202,3,9,67.49,6.98,6.39,0.0,16.7,16.7,33.3
694497,Evan Carter,2025-06-29,5,17,80.743,103.1,4.571,0,3,3,7,0.604,0.677,0.57,1,8,68.03,7.23,9.59,0.0,42.9,42.9,12.5
694497,Evan Carter,2025-07-04,4,11,81.15,95.1,24.75,0,1,1,4,0.491,0.565,0.525,0,4,69.25,7.08,6.17,0.0,25.0,25.0,0.0
694497,Evan Carter,2025-07-05,4,14,72.94,91.7,11.2,0,0,0,5,0.146,0.164,0.132,0,6,68.36,7.09,10.38,0.0,0.0,0.0,0.0
694497,Evan Carter,2025-07-06,4,14,66.5,83.1,-7.5,0,0,1,2,0.058,0.061,0.014,5,7,67.97,7.18,4.1,0.0,0.0,50.0,71.4
694497,Evan Carter,2025-07-07,2,4,72.2,72.2,-15.0,0,0,0,1,0.054,0.057,0.027,0,2,73.1,7.1,7.45,0.0,0.0,0.0,0.0
694497,Evan Carter,2025-07-08,5,22,85.9,102.4,29.5,0,2,1,4,0.251,0.496,0.326,1,5,71.14,6.8,6.84,0.0,50.0,25.0,20.0
694497,Evan Carter,2025-07-09,4,18,77.186,100.7,39.429,0,1,1,7,0.106,0.109,0.072,1,8,68.15,6.3,-3.49,0.0,14.3,14.3,12.5
694497,Evan Carter,2025-07-10,5,11,85.133,101.5,29.333,0,2,1,6,0.319,0.348,0.299,1,7,71.36,7.1,7.41,0.0,33.3,16.7,14.3
694497,Evan Carter,2025-07-11,5,27,88.28,104.9,23.0,0,1,2,5,0.942,1.208,0.326,3,8,68.19,7.05,6.71,0.0,20.0,40.0,37.5
694497,Evan Carter,2025-07-12,1,4,,,,0,0,0,0,,,0.0,1,1,73.1,7.9,19.67,0.0,0.0,0.0,100.0
694497,Evan Carter,2025-07-13,4,12,82.85,98.9,2.75,0,2,2,4,0.594,0.686,0.565,0,6,69.5,7.0,9.36,0.0,50.0,50.0,0.0
694497,Evan Carter,2025-07-18,3,22,67.922,83.6,31.444,0,0,0,9,0.173,0.197,0.284,2,12,65.38,7.12,7.93,0.0,0.0,0.0,16.7
694497,Evan Carter,2025-07-19,4,17,81.967,107.7,30.5,0,2,3,6,0.295,0.318,0.306,1,8,71.68,7.14,9.83,0.0,33.3,50.0,12.5
694497,Evan Carter,2025-07-22,4,9,77.56,101.4,5.4,0,1,1,5,0.165,0.192,0.156,0,5,62.64,6.7,8.65,0.0,20.0,20.0,0.0
694497,Evan Carter,2025-07-23,2,8,83.333,95.8,35.0,0,1,0,3,0.02,0.028,0.01,2,5,64.3,6.76,2.88,0.0,33.3,0.0,40.0
694497,Evan Carter,2025-07-25,2,2,81.9,90.6,45.0,0,0,1,2,0.175,0.24,0.173,0,2,68.6,6.75,8.26,0.0,0.0,50.0,0.0
694497,Evan Carter,2025-07-26,4,16,78.017,100.9,6.333,0,2,2,6,0.382,0.435,0.267,2,8,72.8,7.74,17.39,0.0,33.3,33.3,25.0
694497,Evan Carter,2025-07-27,4,19,80.1,97.3,22.2,0,2,5,5,0.458,0.617,0.413,2,8,64.21,6.82,2.81,0.0,40.0,100.0,25.0
694497,Evan Carter,2025-07-28,4,11,74.35,106.4,-4.25,0,1,0,4,0.297,0.335,0.211,3,7,67.65,7.07,6.44,0.0,25.0,0.0,42.9
694497,Evan Carter,2025-07-29,1,6,73.033,74.6,50.0,0,0,1,3,,,0.0,1,4,66.82,6.95,7.34,0.0,0.0,33.3,25.0
694497,Evan Carter,2025-07-30,4,14,92.525,107.8,-1.75,0,2,2,4,0.399,0.491,0.467,0,4,68.97,6.8,-1.05,0.0,50.0,50.0,0.0
694497,Evan Carter,2025-07-31,2,9,96.55,102.1,-1.5,0,1,1,2,0.407,1.205,0.327,0,2,68.67,7.4,11.2,0.0,50.0,50.0,0.0
694497,Evan Carter,2025-08-01,4,21,80.7,101.8,22.25,0,2,4,8,0.425,0.839,0.132,3,12,67.29,7.36,9.78,0.0,25.0,50.0,25.0
694497,Evan Carter,2025-08-13,4,13,91.575,105.1,17.0,1,2,3,4,0.542,0.807,0.579,0,4,68.95,7.55,13.39,25.0,50.0,75.0,0.0
694497,Evan Carter,2025-08-15,4,19,79.65,101.1,2.5,0,2,2,6,0.337,0.468,0.433,0,6,61.1,6.24,2.22,0.0,33.3,33.3,0.0
694497,Evan Carter,2025-08-16,2,5,93.4,93.4,11.0,0,0,1,1,0.742,0.802,0.695,0,1,65.6,6.9,6.27,0.0,0.0,100.0,0.0
694497,Evan Carter,2025-08-17,5,13,92.814,100.3,18.143,1,4,4,7,0.501,0.964,0.487,2,9,67.36,7.2,8.98,14.3,57.1,57.1,22.2
694497,Evan Carter,2025-08-18,4,19,79.6,97.4,6.714,0,1,1,7,0.282,0.316,0.26,2,9,68.18,6.9,2.31,0.0,14.3,14.3,22.2
694497,Evan Carter,2025-08-19,4,11,80.833,89.3,23.333,0,0,1,3,0.058,0.071,0.214,0,3,69.27,7.0,10.66,0.0,0.0,33.3,0.0
694497,Evan Carter,2025-08-20,4,17,79.8,86.5,6.4,0,0,1,5,0.14,0.172,0.104,0,5,71.6,6.94,0.8,0.0,0.0,20.0,0.0
694497,Evan Carter,2025-08-21,4,9,61.7,67.3,2.0,0,0,1,2,0.522,0.568,0.606,1,3,73.87,8.13,22.19,0.0,0.0,50.0,33.3
694671,Wyatt Langford,2025-03-27,4,16,82.75,97.6,9.5,0,1,2,6,0.194,0.211,0.309,1,7,74.76,7.46,20.38,0.0,16.7,33.3,14.3
694671,Wyatt Langford,2025-03-28,4,12,96.117,103.2,16.667,0,4,1,6,0.386,0.48,0.372,0,6,76.18,7.22,16.62,0.0,66.7,16.7,0.0
694671,Wyatt Langford,2025-03-29,4,14,84.22,98.5,5.0,0,1,0,5,0.156,0.171,0.072,2,8,71.14,6.69,13.5,0.0,20.0,0.0,25.0
694671,Wyatt Langford,2025-03-30,4,9,86.62,97.9,35.8,0,1,1,5,0.133,0.402,0.219,1,6,74.23,7.33,18.6,0.0,20.0,20.0,16.7
694671,Wyatt Langford,2025-03-31,4,13,84.867,95.5,29.667,0,1,1,3,0.158,0.234,0.126,2,5,69.88,6.9,16.79,0.0,33.3,33.3,40.0
694671,Wyatt Langford,2025-04-01,4,12,98.66,107.6,33.6,2,3,2,5,0.586,1.779,0.969,1,6,73.65,7.18,14.83,40.0,60.0,40.0,16.7
694671,Wyatt Langford,2025-04-02,4,15,84.3,100.0,48.8,0,1,2,5,0.038,0.116,0.205,2,8,72.75,6.84,11.34,0.0,20.0,40.0,25.0
694671,Wyatt Langford,2025-04-04,4,9,83.35,103.6,7.5,0,1,2,4,0.313,0.332,0.463,0,5,74.16,7.28,20.99,0.0,25.0,50.0,0.0
694671,Wyatt Langford,2025-04-05,4,15,87.82,110.7,21.4,1,2,2,5,0.509,1.92,0.666,2,9,75.66,7.49,20.09,20.0,40.0,40.0,22.2
694671,Wyatt Langford,2025-04-06,4,14,68.925,95.9,6.5,0,1,0,4,0.14,0.142,0.237,1,5,73.42,7.72,25.73,0.0,25.0,0.0,20.0
694671,Wyatt Langford,2025-04-07,4,14,86.58,101.1,14.2,0,1,3,5,0.051,0.082,0.215,0,5,67.98,6.98,15.81,0.0,20.0,60.0,0.0
694671,Wyatt Langford,2025-04-08,4,19,85.078,109.1,27.778,1,3,2,9,0.736,2.228,0.61,4,13,72.39,6.89,14.35,11.1,33.3,22.2,30.8
694671,Wyatt Langford,2025-04-20,4,20,83.34,91.5,28.2,0,0,1,5,0.156,0.178,0.246,2,7,74.64,6.99,10.22,0.0,0.0,20.0,28.6
694671,Wyatt Langford,2025-04-22,5,16,91.325,101.2,1.25,1,2,2,4,0.713,1.264,0.642,3,8,74.74,7.39,17.39,25.0,50.0,50.0,37.5
694671,Wyatt Langford,2025-04-23,4,17,92.94,107.5,44.4,1,2,1,5,1.0,4.0,0.673,1,8,73.41,7.52,21.0,20.0,40.0,20.0,12.5
694671,Wyatt Langford,2025-04-24,5,21,90.0,104.5,-18.0,0,4,2,6,0.393,0.492,0.386,0,6,74.55,7.4,18.62,0.0,66.7,33.3,0.0
694671,Wyatt Langford,2025-04-25,4,7,90.12,108.1,31.8,2,2,3,5,0.547,1.263,0.756,0,5,74.5,7.06,17.61,40.0,40.0,60.0,0.0
694671,Wyatt Langford,2025-04-26,4,19,83.95,97.0,11.5,0,1,1,6,0.168,0.206,0.078,5,11,69.62,7.27,17.67,0.0,16.7,16.7,45.5
694671,Wyatt Langford,2025-04-28,4,12,87.46,92.1,41.2,0,0,2,5,0.013,0.018,0.009,0,6,71.62,7.2,19.11,0.0,0.0,40.0,0.0
694671,Wyatt Langford,2025-04-29,5,14,84.95,107.8,25.5,0,2,2,8,0.405,0.447,0.441,0,8,68.2,6.8,13.66,0.0,25.0,25.0,0.0
694671,Wyatt Langford,2025-04-30,5,17,88.5,103.7,40.556,0,3,0,9,0.053,0.185,0.058,1,10,72.5,6.8,13.09,0.0,33.3,0.0,10.0
694671,Wyatt Langford,2025-05-01,4,17,93.42,106.0,21.0,0,1,3,5,0.213,0.288,0.213,1,6,72.17,7.07,22.02,0.0,20.0,60.0,16.7
694671,Wyatt Langford,2025-05-02,4,17,83.212,106.6,21.625,0,1,1,8,0.46,0.619,0.236,2,10,72.4,6.71,17.03,0.0,12.5,12.5,20.0
694671,Wyatt Langford,2025-05-03,4,16,92.667,103.4,16.0,0,2,0,3,0.442,0.472,0.373,1,4,71.45,6.32,10.85,0.0,66.7,0.0,25.0
694671,Wyatt Langford,2025-05-04,5,15,92.283,103.1,9.0,0,3,1,6,0.161,0.163,0.326,0,6,75.42,7.0,18.4,0.0,50.0,16.7,0.0
694671,Wyatt Langford,2025-05-06,5,17,80.386,108.8,-4.429,0,2,1,7,0.266,0.331,0.211,1,9,72.48,6.87,13.04,0.0,28.6,14.3,11.1
694671,Wyatt Langford,2025-05-07,5,19,71.233,73.9,10.333,0,0,1,3,0.198,0.232,0.216,4,7,67.05,6.64,11.36,0.0,0.0,33.3,57.1
694671,Wyatt Langford,2025-05-08,4,21,78.56,96.4,-9.8,0,1,0,5,0.23,0.24,0.158,3,8,72.71,6.65,14.91,0.0,20.0,0.0,37.5
694671,Wyatt Langford,2025-05-09,4,18,55.6,55.6,5.0,0,0,0,1,0.142,0.185,0.033,5,6,70.55,7.33,17.02,0.0,0.0,0.0,83.3
694671,Wyatt Langford,2025-05-10,5,30,81.14,104.1,17.3,0,1,2,10,0.554,0.912,0.539,0,10,70.13,6.55,15.26,0.0,10.0,20.0,0.0
694671,Wyatt Langford,2025-05-11,5,23,89.76,106.6,23.4,1,2,2,5,0.448,1.157,0.401,0,5,72.9,6.96,15.92,20.0,40.0,40.0,0.0
694671,Wyatt Langford,2025-05-12,4,15,86.325,106.7,0.0,1,1,2,4,0.579,1.492,0.646,1,6,70.5,6.77,16.41,25.0,25.0,50.0,16.7
694671,Wyatt Langford,2025-05-13,4,17,94.383,105.5,31.667,1,3,3,6,0.49,1.031,0.64,1,7,73.76,6.74,14.95,16.7,50.0,50.0,14.3
694671,Wyatt Langford,2025-05-14,5,19,102.467,107.5,30.667,1,2,1,3,0.427,0.976,0.489,2,5,74.68,6.7,15.76,33.3,66.7,33.3,40.0
694671,Wyatt Langford,2025-05-15,3,14,79.075,88.0,44.5,0,0,1,4,0.006,0.01,0.005,0,5,73.38,6.12,11.83,0.0,0.0,25.0,0.0
694671,Wyatt Langford,2025-05-16,4,16,83.56,104.1,-11.6,2,2,1,5,0.406,1.542,0.591,0,5,71.94,7.02,22.65,40.0,40.0,20.0,0.0
694671,Wyatt Langford,2025-05-17,4,17,89.8,108.1,-11.2,1,2,2,5,0.561,1.508,0.645,2,7,70.07,7.14,23.26,20.0,40.0,40.0,28.6
694671,Wyatt Langford,2025-05-18,4,20,94.325,106.2,-4.25,1,3,2,4,0.53,1.028,0.328,2,7,72.3,7.14,15.51,25.0,75.0,50.0,28.6
694671,Wyatt Langford,2025-05-20,4,23,87.475,106.2,41.5,0,2,1,4,0.446,0.612,0.399,0,5,70.01,6.07,9.73,0.0,50.0,25.0,0.0
694671,Wyatt Langford,2025-05-21,5,21,80.814,108.4,4.714,1,3,2,7,0.463,0.646,0.384,2,9,70.96,6.91,10.81,14.3,42.9,28.6,22.2
694671,Wyatt Langford,2025-05-22,4,22,81.333,86.3,54.333,0,0,0,3,0.005,0.005,0.347,1,5,74.16,7.12,15.07,0.0,0.0,0.0,20.0
694671,Wyatt Langford,2025-05-23,4,15,89.071,108.9,20.429,0,3,1,7,0.442,0.498,0.206,2,9,67.89,6.99,14.18,0.0,42.9,14.3,22.2
694671,Wyatt Langford,2025-05-24,5,21,81.42,109.8,25.0,0,2,2,5,0.383,0.44,0.213,2,8,69.42,6.86,17.67,0.0,40.0,40.0,25.0
694671,Wyatt Langford,2025-05-25,4,17,93.45,100.3,15.0,0,2,0,4,0.206,0.226,0.142,5,10,72.37,6.92,16.41,0.0,50.0,0.0,50.0
694671,Wyatt Langford,2025-05-26,4,12,101.333,113.1,39.667,1,2,1,3,0.337,1.287,0.493,2,5,72.65,6.4,10.79,33.3,66.7,33.3,40.0
694671,Wyatt Langford,2025-05-27,4,9,93.1,103.5,20.667,0,2,0,3,0.225,0.259,0.213,1,5,73.66,6.7,14.32,0.0,66.7,0.0,20.0
694671,Wyatt Langford,2025-05-28,4,17,90.667,108.6,32.333,0,3,3,6,0.304,0.425,0.234,3,11,71.54,6.6,14.99,0.0,50.0,50.0,27.3
694671,Wyatt Langford,2025-05-30,5,21,85.85,106.1,59.0,1,1,0,2,0.3,1.175,0.378,3,5,71.67,6.7,13.81,50.0,50.0,0.0,60.0
694671,Wyatt Langford,2025-05-31,4,17,87.58,101.2,2.4,0,1,0,5,0.348,0.4,0.165,2,8,65.79,7.22,20.68,0.0,20.0,0.0,25.0
694671,Wyatt Langford,2025-06-01,5,23,82.1,105.6,44.2,1,1,2,5,0.018,0.03,0.454,3,8,71.69,6.75,15.11,20.0,20.0,40.0,37.5
694671,Wyatt Langford,2025-06-03,4,26,80.875,97.8,-2.0,0,2,3,8,0.528,0.707,0.259,3,11,69.12,6.57,14.15,0.0,25.0,37.5,27.3
694671,Wyatt Langford,2025-06-04,5,20,89.44,104.1,12.0,0,3,3,5,0.537,0.65,0.419,5,10,70.27,6.44,9.78,0.0,60.0,60.0,50.0
694671,Wyatt Langford,2025-06-05,4,21,68.633,88.5,19.0,0,0,0,6,0.085,0.088,0.193,2,8,68.91,6.94,14.82,0.0,0.0,0.0,25.0
694671,Wyatt Langford,2025-06-06,4,22,79.567,105.1,12.333,0,1,3,9,0.09,0.103,0.042,2,12,72.47,6.95,17.09,0.0,11.1,33.3,16.7
694671,Wyatt Langford,2025-06-07,5,16,89.72,105.9,22.8,0,4,3,10,0.18,0.334,0.219,1,11,72.14,6.87,14.2,0.0,40.0,30.0,9.1
694671,Wyatt Langford,2025-06-10,6,17,87.538,105.5,24.75,1,2,1,8,0.298,0.709,0.409,1,10,72.76,6.92,17.94,12.5,25.0,12.5,10.0
694671,Wyatt Langford,2025-06-11,4,13,95.633,104.4,2.333,0,2,0,3,0.202,0.226,0.047,3,8,65.68,6.76,10.79,0.0,66.7,0.0,37.5
694671,Wyatt Langford,2025-06-12,6,29,96.983,110.6,10.167,1,4,3,6,0.555,1.26,0.481,5,13,74.28,7.36,21.15,16.7,66.7,50.0,38.5
694671,Wyatt Langford,2025-06-13,4,12,83.933,86.7,35.333,0,0,1,3,0.31,0.361,0.221,1,4,73.18,6.35,10.34,0.0,0.0,33.3,25.0
694671,Wyatt Langford,2025-06-14,6,17,91.84,108.1,8.4,0,2,2,5,0.284,0.384,0.374,1,6,71.33,6.62,8.52,0.0,40.0,40.0,16.7
694671,Wyatt Langford,2025-06-15,4,22,78.889,104.2,14.889,0,2,1,9,0.08,0.092,0.074,0,11,69.89,7.03,18.89,0.0,22.2,11.1,0.0
694671,Wyatt Langford,2025-06-17,4,19,94.0,111.4,39.333,1,2,1,3,0.709,1.145,0.195,3,6,73.13,6.4,13.47,33.3,66.7,33.3,50.0
694671,Wyatt Langford,2025-06-18,6,21,88.2,105.3,32.429,0,3,1,7,0.369,0.412,0.34,3,10,73.05,7.19,17.67,0.0,42.9,14.3,30.0
694671,Wyatt Langford,2025-06-19,4,16,72.9,81.1,31.0,0,0,3,5,0.663,0.732,0.152,3,8,68.59,6.39,9.73,0.0,0.0,60.0,37.5
694671,Wyatt Langford,2025-06-22,4,8,88.567,91.3,37.0,0,0,0,3,0.038,0.047,0.202,0,3,72.13,6.73,10.02,0.0,0.0,0.0,0.0
694671,Wyatt Langford,2025-06-23,4,16,88.48,111.5,27.6,1,2,2,5,0.369,0.534,0.287,1,7,75.56,7.39,19.45,20.0,40.0,40.0,14.3
694671,Wyatt Langford,2025-06-24,6,24,92.371,110.4,28.143,0,4,3,7,0.239,0.38,0.133,5,12,71.2,7.34,20.85,0.0,57.1,42.9,41.7
694671,Wyatt Langford,2025-07-05,4,16,90.925,106.2,4.0,0,2,2,4,0.692,0.802,0.499,1,5,74.78,6.9,11.79,0.0,50.0,50.0,20.0
694671,Wyatt Langford,2025-07-06,4,24,79.225,83.9,12.0,0,0,0,4,0.058,0.061,0.187,4,10,72.89,6.68,11.22,0.0,0.0,0.0,40.0
694671,Wyatt Langford,2025-07-07,4,17,82.55,96.5,35.75,0,1,2,4,0.273,0.303,0.187,3,8,72.45,7.35,17.74,0.0,25.0,50.0,37.5
694671,Wyatt Langford,2025-07-08,5,13,82.55,108.5,-8.25,1,1,0,4,0.472,1.481,0.615,1,6,66.33,7.45,20.7,25.0,25.0,0.0,16.7
694671,Wyatt Langford,2025-07-09,4,19,81.483,104.7,38.667,0,2,0,6,0.53,0.586,0.242,4,10,65.88,6.43,8.49,0.0,33.3,0.0,40.0
694671,Wyatt Langford,2025-07-10,5,21,85.483,100.7,42.5,0,1,1,6,0.238,0.336,0.425,1,8,72.81,7.36,20.25,0.0,16.7,16.7,12.5
694671,Wyatt Langford,2025-07-11,5,11,92.55,108.2,16.5,1,2,3,4,0.844,1.503,0.8,0,4,75.47,7.62,22.86,25.0,50.0,75.0,0.0
694671,Wyatt Langford,2025-07-12,5,26,83.167,101.0,15.778,0,2,1,9,0.682,0.804,0.256,3,16,69.01,7.12,13.95,0.0,22.2,11.1,18.8
694671,Wyatt Langford,2025-07-13,4,13,72.48,77.9,35.2,0,0,1,5,0.052,0.053,0.209,0,6,72.62,6.98,14.39,0.0,0.0,20.0,0.0
694671,Wyatt Langford,2025-07-18,3,15,77.95,81.0,48.5,0,0,0,2,,,0.0,4,7,71.07,6.99,16.17,0.0,0.0,0.0,57.1
694671,Wyatt Langford,2025-07-19,3,18,83.933,99.6,19.667,0,2,1,9,0.074,0.077,0.024,1,10,72.52,6.98,12.83,0.0,22.2,11.1,10.0
694671,Wyatt Langford,2025-07-20,4,12,74.7,84.4,28.0,0,0,1,2,0.164,0.17,0.075,6,8,71.25,6.86,14.28,0.0,0.0,50.0,75.0
694671,Wyatt Langford,2025-07-21,4,26,81.93,98.3,24.8,1,2,6,10,0.201,0.636,0.344,0,10,68.42,6.45,9.91,10.0,20.0,60.0,0.0
694671,Wyatt Langford,2025-07-22,4,13,88.7,90.9,31.0,0,0,0,2,0.184,0.227,0.087,3,5,69.1,7.16,17.07,0.0,0.0,0.0,60.0
694671,Wyatt Langford,2025-07-23,3,21,74.612,104.0,28.0,0,1,2,8,0.041,0.07,0.247,2,11,67.55,6.15,6.52,0.0,12.5,25.0,18.2
694671,Wyatt Langford,2025-07-25,4,13,82.94,103.1,23.8,0,1,2,5,0.641,0.941,0.341,1,7,65.3,6.87,12.7,0.0,20.0,40.0,14.3
694671,Wyatt Langford,2025-07-26,4,10,79.767,94.1,-4.0,0,0,1,3,0.162,0.324,0.103,2,5,72.86,7.44,19.92,0.0,0.0,33.3,40.0
694671,Wyatt Langford,2025-07-27,4,16,86.175,100.3,6.0,1,2,3,4,0.372,0.847,0.428,2,6,71.03,7.53,20.94,25.0,50.0,75.0,33.3
694671,Wyatt Langford,2025-07-28,4,15,79.62,97.6,11.6,0,1,2,5,0.497,0.569,0.403,2,7,66.93,6.96,15.28,0.0,20.0,40.0,28.6
694671,Wyatt Langford,2025-07-29,5,12,92.986,107.5,25.0,0,2,4,7,0.461,0.595,0.46,1,8,72.86,6.54,11.25,0.0,28.6,57.1,12.5
694671,Wyatt Langford,2025-07-30,5,15,92.533,109.6,13.667,1,3,3,6,0.51,0.974,0.5,2,9,72.37,6.94,14.36,16.7,50.0,50.0,22.2
694671,Wyatt Langford,2025-07-31,3,15,89.45,103.5,18.0,0,3,3,6,0.334,0.505,0.355,0,6,72.64,6.54,11.39,0.0,50.0,50.0,0.0
694671,Wyatt Langford,2025-08-01,4,17,92.2,109.5,20.0,1,2,1,4,0.482,0.938,0.297,2,7,74.06,6.74,17.27,25.0,50.0,25.0,28.6
694671,Wyatt Langford,2025-08-02,5,13,96.2,108.1,22.0,2,3,3,5,0.664,1.489,0.722,0,5,72.38,6.54,8.05,40.0,60.0,60.0,0.0
694671,Wyatt Langford,2025-08-03,4,19,80.2,95.4,1.286,0,2,3,7,0.348,0.39,0.16,4,13,72.58,7.08,18.64,0.0,28.6,42.9,30.8
694671,Wyatt Langford,2025-08-04,5,21,81.58,104.1,30.8,1,1,2,5,0.721,1.312,0.606,1,8,72.74,6.75,16.54,20.0,20.0,40.0,12.5
694671,Wyatt Langford,2025-08-05,4,15,80.6,100.8,21.0,0,1,0,4,0.268,0.3,0.468,1,5,73.02,6.92,17.65,0.0,25.0,0.0,20.0
694671,Wyatt Langford,2025-08-06,4,21,84.183,107.6,22.667,1,1,1,6,0.22,0.522,0.499,1,7,72.8,6.84,11.35,16.7,16.7,16.7,14.3
694671,Wyatt Langford,2025-08-08,4,21,82.86,103.5,46.0,0,1,1,5,0.038,0.103,0.028,3,9,71.28,6.94,16.54,0.0,20.0,20.0,33.3
694671,Wyatt Langford,2025-08-09,4,14,89.729,103.7,29.571,0,2,1,7,0.293,0.33,0.272,0,7,71.06,6.4,10.65,0.0,28.6,14.3,0.0
694671,Wyatt Langford,2025-08-10,4,11,75.514,90.0,23.286,0,0,1,7,0.327,0.369,0.308,1,8,71.97,6.92,17.4,0.0,0.0,14.3,12.5
694671,Wyatt Langford,2025-08-11,4,18,95.54,110.1,43.8,1,3,1,5,0.644,2.564,0.647,4,10,70.84,6.64,15.92,20.0,60.0,20.0,40.0
694671,Wyatt Langford,2025-08-12,4,20,81.625,95.8,37.75,0,1,1,4,0.172,0.211,0.428,3,7,67.17,7.41,19.09,0.0,25.0,25.0,42.9
694671,Wyatt Langford,2025-08-15,4,20,92.733,100.6,21.333,0,2,1,3,0.365,0.731,0.286,6,9,66.36,7.01,16.67,0.0,66.7,33.3,66.7
694671,Wyatt Langford,2025-08-16,5,17,86.9,94.1,13.25,0,0,2,4,0.132,0.294,0.071,1,5,72.32,6.86,17.36,0.0,0.0,50.0,20.0
694671,Wyatt Langford,2025-08-17,5,16,89.62,111.0,10.2,1,3,1,5,0.463,1.226,0.7,0,5,73.64,6.98,16.65,20.0,60.0,20.0,0.0
694671,Wyatt Langford,2025-08-18,4,20,86.317,95.7,13.333,0,1,1,6,0.482,0.578,0.232,2,11,72.62,7.07,17.95,0.0,16.7,16.7,18.2
694671,Wyatt Langford,2025-08-19,4,20,83.3,83.3,65.0,0,0,0,1,,,0.173,3,4,69.7,6.9,11.43,0.0,0.0,0.0,75.0
694671,Wyatt Langford,2025-08-20,5,26,96.933,107.6,22.667,1,2,3,3,0.664,1.93,0.842,2,7,73.7,7.29,21.57,33.3,66.7,100.0,28.6
694671,Wyatt Langford,2025-08-21,5,22,85.533,104.3,41.667,0,2,1,6,0.032,0.045,0.158,2,8,73.54,7.08,18.17,0.0,33.3,16.7,25.0
694671,Wyatt Langford,2025-08-22,4,18,94.333,104.2,37.167,1,4,0,6,0.298,0.798,0.453,2,8,72.25,6.69,12.92,16.7,66.7,0.0,25.0
694671,Wyatt Langford,2025-08-23,4,12,83.933,110.4,-0.667,0,1,2,3,0.647,0.818,0.657,0,3,74.97,7.53,23.31,0.0,33.3,66.7,0.0
694671,Wyatt Langford,2025-08-24,5,24,78.629,97.0,40.286,0,1,3,7,0.236,0.237,0.223,3,11,70.6,6.5,9.12,0.0,14.3,42.9,27.3
694671,Wyatt Langford,2025-08-25,4,19,87.671,104.5,34.0,0,2,3,7,0.478,0.626,0.36,3,10,71.67,6.99,17.72,0.0,28.6,42.9,30.0
694671,Wyatt Langford,2025-08-26,4,19,79.86,99.4,27.4,0,1,2,5,0.229,0.496,0.323,3,8,72.68,6.81,14.13,0.0,20.0,40.0,37.5
694671,Wyatt Langford,2025-08-27,5,25,79.7,94.0,15.833,0,0,3,6,0.534,0.672,0.631,1,9,74.28,6.97,18.29,0.0,0.0,50.0,11.1
694671,Wyatt Langford,2025-08-29,4,23,84.8,94.5,40.0,0,0,1,2,0.02,0.032,0.179,2,4,65.62,6.78,15.41,0.0,0.0,50.0,50.0
694671,Wyatt Langford,2025-08-30,5,18,85.55,108.5,17.5,1,3,3,6,0.361,0.609,0.407,0,6,67.34,6.62,14.99,16.7,50.0,50.0,0.0
694671,Wyatt Langford,2025-08-31,5,23,82.0,93.0,11.857,0,0,2,7,0.04,0.056,0.179,4,11,74.36,6.93,16.93,0.0,0.0,28.6,36.4
694671,Wyatt Langford,2025-09-01,5,17,95.983,112.2,24.5,1,3,1,6,0.46,1.228,0.417,1,7,74.26,6.87,15.76,16.7,50.0,16.7,14.3
694671,Wyatt Langford,2025-09-02,4,16,84.22,100.8,-3.2,0,1,0,5,0.113,0.139,0.059,2,7,72.06,7.11,16.75,0.0,20.0,0.0,28.6
694671,Wyatt Langford,2025-09-03,4,14,79.833,98.0,1.667,0,2,1,6,0.351,0.642,0.424,0,6,74.05,7.35,20.79,0.0,33.3,16.7,0.0
694671,Wyatt Langford,2025-09-05,6,30,88.143,108.3,27.143,2,3,4,7,0.33,0.777,0.537,1,9,71.23,6.81,15.48,28.6,42.9,57.1,11.1
694671,Wyatt Langford,2025-09-06,4,20,79.95,80.2,31.5,0,0,1,2,,,0.346,1,3,66.93,6.57,19.35,0.0,0.0,50.0,33.3
694671,Wyatt Langford,2025-09-07,4,22,83.75,107.2,8.75,1,1,1,4,0.53,1.583,0.389,2,7,72.99,6.96,17.59,25.0,25.0,25.0,28.6
694671,Wyatt Langford,2025-09-08,4,10,97.025,102.4,14.5,1,3,2,4,0.387,0.94,0.55,0,4,71.94,6.66,11.56,25.0,75.0,50.0,0.0
694671,Wyatt Langford,2025-09-09,4,17,91.86,106.4,23.2,1,2,2,5,0.21,0.567,0.16,1,6,71.35,6.32,13.24,20.0,40.0,40.0,16.7
694671,Wyatt Langford,2025-09-10,4,23,75.167,83.1,3.667,0,0,0,3,,,0.346,1,4,72.47,7.12,18.56,0.0,0.0,0.0,25.0
694671,Wyatt Langford,2025-09-12,5,21,90.312,103.2,14.125,0,4,3,8,0.006,0.008,0.285,1,10,71.96,7.24,21.0,0.0,50.0,37.5,10.0
694671,Wyatt Langford,2025-09-13,5,8,96.68,111.3,12.0,1,3,4,5,0.522,0.933,0.616,0,5,73.18,6.52,8.75,20.0,60.0,80.0,0.0
694671,Wyatt Langford,2025-09-14,5,22,80.475,106.7,27.25,1,1,2,4,0.202,0.507,0.254,2,7,66.1,6.59,14.37,25.0,25.0,50.0,28.6
694671,Wyatt Langford,2025-09-15,4,16,95.733,104.7,20.667,0,2,1,3,0.754,0.924,0.543,2,5,71.56,6.86,13.53,0.0,66.7,33.3,40.0
694671,Wyatt Langford,2025-09-16,5,24,82.25,93.7,39.75,0,0,1,4,0.089,0.204,0.19,4,8,63.25,6.91,16.49,0.0,0.0,25.0,50.0
694671,Wyatt Langford,2025-09-17,4,21,85.543,95.3,3.286,0,1,1,7,0.264,0.298,0.352,0,8,72.59,6.69,11.74,0.0,14.3,14.3,0.0
694671,Wyatt Langford,2025-09-21,4,20,90.167,109.6,43.667,1,1,1,3,0.972,3.896,0.839,1,4,71.88,6.85,16.15,33.3,33.3,33.3,25.0
694671,Wyatt Langford,2025-09-23,2,8,81.8,96.5,23.0,0,1,1,3,0.096,0.162,0.11,0,3,75.37,6.93,26.84,0.0,33.3,33.3,0.0
696030,Alejandro Osuna,2025-05-25,4,25,72.35,104.3,42.75,0,1,1,8,0.228,0.258,0.28,1,10,67.82,6.65,-1.38,0.0,12.5,12.5,10.0
696030,Alejandro Osuna,2025-05-26,3,11,76.325,96.2,9.5,0,1,2,4,0.591,0.686,0.559,0,4,69.1,7.45,7.44,0.0,25.0,50.0,0.0
696030,Alejandro Osuna,2025-05-27,3,15,75.033,90.0,46.833,0,0,1,6,0.97,1.134,0.54,0,6,68.98,7.2,1.53,0.0,0.0,16.7,0.0
696030,Alejandro Osuna,2025-05-28,3,13,86.15,103.5,16.5,0,1,0,2,0.208,0.23,0.293,1,3,67.4,6.67,-7.05,0.0,50.0,0.0,33.3
696030,Alejandro Osuna,2025-05-30,1,1,,,,0,0,0,0,,,0.722,0,0,,,,0.0,0.0,0.0,0.0
696030,Alejandro Osuna,2025-05-31,3,8,64.567,80.1,19.667,0,0,3,3,0.792,0.862,0.714,0,3,71.77,7.07,7.37,0.0,0.0,100.0,0.0
696030,Alejandro Osuna,2025-06-01,4,14,65.02,87.5,3.0,0,0,1,5,0.189,0.19,0.302,0,6,72.35,7.02,-3.33,0.0,0.0,20.0,0.0
696030,Alejandro Osuna,2025-06-03,2,13,89.033,99.9,11.333,0,1,2,3,0.264,0.265,0.122,0,5,69.72,6.38,-5.19,0.0,33.3,66.7,0.0
696030,Alejandro Osuna,2025-06-05,3,12,67.333,69.4,22.0,0,0,1,3,0.072,0.094,0.022,4,7,66.43,6.59,-7.54,0.0,0.0,33.3,57.1
696030,Alejandro Osuna,2025-06-06,2,3,79.45,86.7,-1.0,0,0,0,2,0.164,0.176,0.15,0,2,72.4,7.9,13.51,0.0,0.0,0.0,0.0
696030,Alejandro Osuna,2025-06-08,4,12,83.12,97.0,26.4,0,1,3,5,0.224,0.398,0.13,0,5,66.24,6.84,-2.19,0.0,20.0,60.0,0.0
696030,Alejandro Osuna,2025-06-12,1,2,74.6,74.6,-16.0,0,0,0,1,0.056,0.057,0.054,0,1,70.8,7.7,19.54,0.0,0.0,0.0,0.0
696030,Alejandro Osuna,2025-06-17,4,17,85.94,101.0,14.0,0,1,2,5,0.518,0.558,0.24,1,7,71.09,6.96,3.9,0.0,20.0,40.0,14.3
696030,Alejandro Osuna,2025-06-19,4,19,82.14,100.9,46.6,1,1,2,5,0.282,1.042,0.442,1,7,70.33,7.34,10.98,20.0,20.0,40.0,14.3
696030,Alejandro Osuna,2025-06-24,4,14,93.62,102.8,14.2,0,3,2,5,0.328,0.368,0.396,1,6,65.66,6.86,9.38,0.0,60.0,40.0,16.7
696030,Alejandro Osuna,2025-06-25,4,21,87.22,104.7,10.1,0,4,6,10,0.426,0.489,0.469,1,11,72.51,7.46,5.82,0.0,40.0,60.0,9.1
696030,Alejandro Osuna,2025-06-27,2,4,85.3,98.2,2.0,0,1,1,2,0.256,0.348,0.255,0,2,77.35,7.55,6.08,0.0,50.0,50.0,0.0
696030,Alejandro Osuna,2025-06-28,4,19,78.283,87.6,19.667,0,0,2,6,0.036,0.048,0.253,0,7,69.67,7.01,1.81,0.0,0.0,33.3,0.0
696030,Alejandro Osuna,2025-06-29,5,21,82.325,104.7,35.875,1,2,4,8,0.843,1.686,0.801,2,10,69.39,6.97,5.55,12.5,25.0,50.0,20.0
696030,Alejandro Osuna,2025-06-30,2,9,70.267,101.0,48.667,0,1,0,3,0.111,0.407,0.106,3,6,68.06,7.28,9.29,0.0,33.3,0.0,50.0
696030,Alejandro Osuna,2025-07-01,4,15,92.78,108.9,15.0,1,3,2,5,0.459,1.319,0.553,1,6,70.75,7.15,7.73,20.0,60.0,40.0,16.7
696030,Alejandro Osuna,2025-07-02,5,19,86.6,100.8,-7.25,0,2,1,4,0.563,0.675,0.579,0,4,70.07,7.07,4.26,0.0,50.0,25.0,0.0
696030,Alejandro Osuna,2025-07-04,4,17,86.66,99.7,36.8,1,1,1,5,0.3,0.659,0.299,1,6,73.72,7.15,5.82,20.0,20.0,20.0,16.7
696030,Alejandro Osuna,2025-07-10,5,20,82.943,102.5,-14.857,0,1,0,7,0.126,0.141,0.207,2,9,76.69,7.72,11.79,0.0,14.3,0.0,22.2
696030,Alejandro Osuna,2025-07-13,2,5,92.0,92.0,23.0,0,0,1,1,,,0.092,0,1,34.53,3.1,-15.87,0.0,0.0,100.0,0.0
696030,Alejandro Osuna,2025-07-19,2,9,73.9,73.9,37.0,0,0,0,1,,,0.346,0,1,64.4,6.0,-7.31,0.0,0.0,0.0,0.0
696030,Alejandro Osuna,2025-08-02,4,22,81.85,107.4,34.75,1,1,1,4,0.428,0.75,0.603,1,7,70.37,7.29,6.52,25.0,25.0,25.0,14.3
696030,Alejandro Osuna,2025-08-03,3,16,80.88,93.2,10.2,0,0,4,5,0.505,0.588,0.321,1,7,68.3,6.83,0.39,0.0,0.0,80.0,14.3
696030,Alejandro Osuna,2025-08-05,4,20,75.88,90.6,10.143,0,0,1,5,0.125,0.164,0.094,1,9,66.41,6.96,5.14,0.0,0.0,20.0,11.1
696030,Alejandro Osuna,2025-08-19,2,8,76.3,76.3,-19.0,0,0,0,1,0.069,0.07,0.032,0,1,77.6,6.8,5.68,0.0,0.0,0.0,0.0
696030,Alejandro Osuna,2025-08-22,3,9,88.875,107.8,12.25,0,2,2,4,0.562,0.629,0.349,1,5,71.24,6.64,-4.9,0.0,50.0,50.0,20.0
696030,Alejandro Osuna,2025-08-23,1,8,72.1,72.1,56.0,0,0,0,1,,,0.691,1,3,69.5,5.97,-0.94,0.0,0.0,0.0,33.3
696030,Alejandro Osuna,2025-08-25,2,8,73.167,82.5,36.333,0,0,0,3,0.249,0.322,0.114,0,3,67.9,7.03,2.6,0.0,0.0,0.0,0.0
696030,Alejandro Osuna,2025-08-27,5,19,94.675,110.2,-5.0,0,3,2,4,0.361,0.432,0.346,1,5,69.24,7.06,4.85,0.0,75.0,50.0,20.0
696030,Alejandro Osuna,2025-09-01,1,3,108.6,108.6,4.0,0,1,0,1,0.603,0.673,0.55,0,1,76.6,7.6,0.45,0.0,100.0,0.0,0.0
696030,Alejandro Osuna,2025-09-02,2,4,77.4,90.6,34.0,0,0,1,3,0.682,0.788,0.653,0,3,72.07,6.93,1.08,0.0,0.0,33.3,0.0
696030,Alejandro Osuna,2025-09-03,4,17,78.3,94.6,38.6,0,0,2,5,0.37,0.546,0.543,0,5,71.54,6.64,0.47,0.0,0.0,40.0,0.0
696030,Alejandro Osuna,2025-09-05,3,16,68.467,76.0,74.0,0,0,0,3,0.001,0.001,0.23,2,6,71.45,6.95,4.96,0.0,0.0,0.0,33.3
696030,Alejandro Osuna,2025-09-06,4,23,84.111,105.6,26.444,0,3,3,9,0.229,0.269,0.162,2,11,70.94,6.62,0.17,0.0,33.3,33.3,18.2
696030,Alejandro Osuna,2025-09-08,1,4,59.5,59.5,73.0,0,0,0,1,0.005,0.007,0.006,1,2,66.9,8.2,23.15,0.0,0.0,0.0,50.0
696030,Alejandro Osuna,2025-09-09,4,12,91.1,107.0,21.333,0,1,1,3,0.461,0.503,0.425,1,5,69.38,6.48,4.48,0.0,33.3,33.3,20.0
696030,Alejandro Osuna,2025-09-10,4,23,77.72,106.9,30.9,0,1,1,10,0.377,0.423,0.44,1,11,66.68,6.24,-0.12,0.0,10.0,10.0,9.1
696030,Alejandro Osuna,2025-09-12,5,18,68.956,95.8,10.333,0,1,2,9,0.406,0.468,0.383,1,10,68.37,6.95,3.83,0.0,11.1,22.2,10.0
696030,Alejandro Osuna,2025-09-13,2,6,89.833,104.0,18.333,0,1,1,3,0.406,0.496,0.39,0,3,73.05,6.7,0.9,0.0,33.3,33.3,0.0
696030,Alejandro Osuna,2025-09-14,2,10,80.733,88.2,20.667,0,0,1,3,0.471,0.517,0.215,2,5,67.7,6.16,-5.41,0.0,0.0,33.3,40.0
696030,Alejandro Osuna,2025-09-15,2,7,75.267,88.1,-19.333,0,0,0,3,0.194,0.215,0.179,0,3,68.07,7.93,16.81,0.0,0.0,0.0,0.0
696030,Alejandro Osuna,2025-09-16,4,16,79.74,94.1,30.0,0,0,1,5,0.339,0.412,0.414,1,7,67.69,6.93,-4.44,0.0,0.0,20.0,14.3
696030,Alejandro Osuna,2025-09-17,3,10,84.55,88.8,33.5,0,0,0,2,0.239,0.276,0.151,2,4,63.5,5.62,-4.04,0.0,0.0,0.0,50.0
696030,Alejandro Osuna,2025-09-19,3,14,73.0,79.5,19.0,0,0,2,4,0.548,0.615,0.344,2,7,70.11,6.33,3.17,0.0,0.0,50.0,28.6
696030,Alejandro Osuna,2025-09-20,4,13,78.286,101.7,-14.857,0,1,0,7,0.16,0.185,0.113,2,9,74.76,7.51,15.21,0.0,14.3,0.0,22.2
696030,Alejandro Osuna,2025-09-21,4,17,83.612,105.2,22.375,1,2,4,8,0.317,0.654,0.405,1,9,71.66,7.02,8.3,12.5,25.0,50.0,11.1
696030,Alejandro Osuna,2025-09-23,3,17,81.814,100.2,31.571,0,1,3,7,0.272,0.331,0.256,0,9,68.83,6.6,2.75,0.0,14.3,42.9,0.0
696030,Alejandro Osuna,2025-09-24,4,18,83.32,94.9,27.2,0,0,3,5,0.215,0.419,0.067,2,8,68.97,6.55,3.78,0.0,0.0,60.0,25.0
696030,Alejandro Osuna,2025-09-25,3,15,85.8,105.8,21.4,0,1,3,5,0.636,0.688,0.618,0,5,72.22,7.24,13.56,0.0,20.0,60.0,0.0
696030,Alejandro Osuna,2025-09-26,4,13,89.575,105.8,18.75,1,1,1,4,0.276,0.766,0.432,1,5,71.26,6.42,2.86,25.0,25.0,25.0,20.0
696030,Alejandro Osuna,2025-09-28,4,15,74.817,99.3,-9.667,0,1,2,6,0.15,0.324,0.15,3,9,70.31,7.21,7.81,0.0,16.7,33.3,33.3
