game_pk,game_date,game_type,batter,inning,inning_topbot,at_bat_number,events,home_team,away_team,on_1b,on_2b,on_3b
777697,2025-05-31,R,673962,9,Bot,67,strikeout,TEX,STL,,,
777697,2025-05-31,R,694671,9,Bot,66,field_out,TEX,STL,,,
777697,2025-05-31,R,608369,9,Bot,65,strikeout,TEX,STL,,,
777697,2025-05-31,R,669701,8,Bot,59,field_out,TEX,STL,,,
777697,2025-05-31,R,543309,8,Bot,58,grounded_into_double_play,TEX,STL,543760,,
777697,2025-05-31,R,543760,8,Bot,57,walk,TEX,STL,,,
777697,2025-05-31,R,664059,7,Bot,52,field_out,TEX,STL,696030,,
777697,2025-05-31,R,669394,7,Bot,51,strikeout,TEX,STL,696030,,
777697,2025-05-31,R,696030,7,Bot,50,single,TEX,STL,,,
777697,2025-05-31,R,673962,7,Bot,49,strikeout,TEX,STL,,,
777697,2025-05-31,R,694671,6,Bot,44,strikeout,TEX,STL,,,
777697,2025-05-31,R,608369,6,Bot,43,field_out,TEX,STL,,,
777697,2025-05-31,R,669701,6,Bot,42,strikeout,TEX,STL,,,
777697,2025-05-31,R,543309,5,Bot,37,field_out,TEX,STL,543760,,664059
777697,2025-05-31,R,543760,5,Bot,36,single,TEX,STL,664059,,
777697,2025-05-31,R,664059,5,Bot,35,force_out,TEX,STL,669394,,
777697,2025-05-31,R,669394,5,Bot,34,single,TEX,STL,,,
777697,2025-05-31,R,696030,5,Bot,33,field_out,TEX,STL,,,
777697,2025-05-31,R,673962,4,Bot,28,field_out,TEX,STL,,,
777697,2025-05-31,R,694671,4,Bot,27,field_out,TEX,STL,,,
777697,2025-05-31,R,608369,4,Bot,26,field_out,TEX,STL,,,
777697,2025-05-31,R,669701,3,Bot,20,strikeout,TEX,STL,,,
777697,2025-05-31,R,543309,3,Bot,19,strikeout,TEX,STL,,,
777697,2025-05-31,R,543760,3,Bot,18,strikeout,TEX,STL,,,
777697,2025-05-31,R,664059,2,Bot,14,strikeout,TEX,STL,,,
777697,2025-05-31,R,669394,2,Bot,13,field_out,TEX,STL,696030,,
777697,2025-05-31,R,696030,2,Bot,12,walk,TEX,STL,,,
777697,2025-05-31,R,673962,1,Bot,7,strikeout,TEX,STL,608369,,
777697,2025-05-31,R,694671,1,Bot,6,strikeout,TEX,STL,608369,,
777697,2025-05-31,R,608369,1,Bot,5,single,TEX,STL,,,
777697,2025-05-31,R,669701,1,Bot,4,field_out,TEX,STL,,,
777709,2025-05-30,R,669394,8,Bot,73,field_out,TEX,STL,,,696030
777709,2025-05-30,R,571466,8,Bot,72,grounded_into_double_play,TEX,STL,673962,696030,
777709,2025-05-30,R,673962,8,Bot,71,single,TEX,STL,696030,,
777709,2025-05-30,R,696030,8,Bot,70,hit_by_pitch,TEX,STL,,,
777709,2025-05-30,R,694671,7,Bot,64,strikeout,TEX,STL,664059,,
777709,2025-05-30,R,664059,7,Bot,63,single,TEX,STL,,,
777709,2025-05-30,R,677649,7,Bot,62,field_out,TEX,STL,,,
777709,2025-05-30,R,543760,7,Bot,61,home_run,TEX,STL,543309,,
777709,2025-05-30,R,543309,7,Bot,60,single,TEX,STL,,,
777709,2025-05-30,R,669394,7,Bot,59,field_out,TEX,STL,,,
777709,2025-05-30,R,641680,6,Bot,55,field_out,TEX,STL,673962,694671,
777709,2025-05-30,R,673962,6,Bot,54,single,TEX,STL,694671,664059,543760
777709,2025-05-30,R,608369,6,Bot,53,strikeout,TEX,STL,694671,664059,543760
777709,2025-05-30,R,694671,6,Bot,52,walk,TEX,STL,664059,,543760
777709,2025-05-30,R,664059,6,Bot,51,single,TEX,STL,543760,543309,
777709,2025-05-30,R,677649,6,Bot,50,field_out,TEX,STL,543760,543309,
777709,2025-05-30,R,543760,6,Bot,49,single,TEX,STL,543309,669394,
777709,2025-05-30,R,543309,6,Bot,48,walk,TEX,STL,669394,,
777709,2025-05-30,R,669394,6,Bot,47,single,TEX,STL,,,
777709,2025-05-30,R,641680,5,Bot,42,grounded_into_double_play,TEX,STL,608369,,
777709,2025-05-30,R,673962,5,Bot,41,field_out,TEX,STL,608369,,
777709,2025-05-30,R,608369,5,Bot,40,single,TEX,STL,,,
777709,2025-05-30,R,694671,4,Bot,34,strikeout,TEX,STL,664059,543760,
777709,2025-05-30,R,664059,4,Bot,33,walk,TEX,STL,,543760,
777709,2025-05-30,R,677649,4,Bot,32,field_out,TEX,STL,543760,,
777709,2025-05-30,R,543760,4,Bot,31,single,TEX,STL,,,
777709,2025-05-30,R,543309,4,Bot,30,strikeout,TEX,STL,,,
777709,2025-05-30,R,669394,3,Bot,26,field_out,TEX,STL,,,
777709,2025-05-30,R,641680,3,Bot,25,strikeout,TEX,STL,,,
777709,2025-05-30,R,673962,3,Bot,24,strikeout,TEX,STL,,,
777709,2025-05-30,R,608369,2,Bot,20,field_out,TEX,STL,,,
777709,2025-05-30,R,694671,2,Bot,19,home_run,TEX,STL,,,664059
777709,2025-05-30,R,664059,2,Bot,18,triple,TEX,STL,543760,543309,
777709,2025-05-30,R,677649,2,Bot,17,field_out,TEX,STL,543760,543309,
777709,2025-05-30,R,543760,2,Bot,16,single,TEX,STL,543309,,
777709,2025-05-30,R,543309,2,Bot,15,single,TEX,STL,,,
777709,2025-05-30,R,669394,2,Bot,14,field_out,TEX,STL,,,
777709,2025-05-30,R,641680,1,Bot,8,field_out,TEX,STL,673962,,
777709,2025-05-30,R,673962,1,Bot,7,single,TEX,STL,,664059,
777709,2025-05-30,R,608369,1,Bot,6,strikeout,TEX,STL,,664059,
777709,2025-05-30,R,694671,1,Bot,5,field_out,TEX,STL,664059,,
777709,2025-05-30,R,664059,1,Bot,4,field_error,TEX,STL,,,
777724,2025-05-28,R,673962,9,Bot,68,field_out,TEX,TOR,,,
777724,2025-05-28,R,608369,9,Bot,67,strikeout,TEX,TOR,,,
777724,2025-05-28,R,694671,9,Bot,66,field_out,TEX,TOR,,,
777724,2025-05-28,R,669701,8,Bot,60,strikeout,TEX,TOR,,,
777724,2025-05-28,R,641680,8,Bot,59,strikeout,TEX,TOR,,,
777724,2025-05-28,R,543760,8,Bot,58,field_out,TEX,TOR,,,
777724,2025-05-28,R,666969,7,Bot,53,strikeout,TEX,TOR,669394,,
777724,2025-05-28,R,669394,7,Bot,52,force_out,TEX,TOR,696030,,
777724,2025-05-28,R,696030,7,Bot,51,walk,TEX,TOR,,,
777724,2025-05-28,R,673962,7,Bot,50,strikeout,TEX,TOR,,,
777724,2025-05-28,R,608369,6,Bot,45,force_out,TEX,TOR,669701,,
777724,2025-05-28,R,694671,6,Bot,44,field_out,TEX,TOR,669701,,
777724,2025-05-28,R,669701,6,Bot,43,walk,TEX,TOR,,,
777724,2025-05-28,R,543309,6,Bot,42,strikeout,TEX,TOR,,,
777724,2025-05-28,R,543760,5,Bot,36,field_out,TEX,TOR,,,
777724,2025-05-28,R,666969,5,Bot,35,strikeout,TEX,TOR,,,
777724,2025-05-28,R,669394,5,Bot,34,strikeout,TEX,TOR,,,
777724,2025-05-28,R,696030,4,Bot,29,field_out,TEX,TOR,,,
777724,2025-05-28,R,673962,4,Bot,28,field_out,TEX,TOR,,,
777724,2025-05-28,R,608369,4,Bot,27,field_out,TEX,TOR,,,
777724,2025-05-28,R,694671,3,Bot,21,strikeout,TEX,TOR,,669701,
777724,2025-05-28,R,669701,3,Bot,20,walk,TEX,TOR,,,
777724,2025-05-28,R,543309,3,Bot,19,field_out,TEX,TOR,,,
777724,2025-05-28,R,543760,3,Bot,18,strikeout,TEX,TOR,,,
777724,2025-05-28,R,666969,2,Bot,14,field_out,TEX,TOR,,,
777724,2025-05-28,R,669394,2,Bot,13,field_out,TEX,TOR,,,
777724,2025-05-28,R,696030,2,Bot,12,strikeout,TEX,TOR,,,
777724,2025-05-28,R,673962,1,Bot,7,strikeout,TEX,TOR,669701,,
777724,2025-05-28,R,608369,1,Bot,6,strikeout,TEX,TOR,669701,,
777724,2025-05-28,R,694671,1,Bot,5,field_out,TEX,TOR,669701,,
777724,2025-05-28,R,669701,1,Bot,4,single,TEX,TOR,,,
777741,2025-05-27,R,669394,8,Bot,66,strikeout,TEX,TOR,,,673962
777741,2025-05-27,R,673962,8,Bot,65,single,TEX,TOR,694671,664059,
777741,2025-05-27,R,694671,8,Bot,64,intent_walk,TEX,TOR,,664059,
777741,2025-05-27,R,669701,8,Bot,63,field_out,TEX,TOR,,664059,
777741,2025-05-27,R,543309,8,Bot,62,single,TEX,TOR,,,
777741,2025-05-27,R,543760,8,Bot,61,field_out,TEX,TOR,,,
777741,2025-05-27,R,641680,7,Bot,55,field_error,TEX,TOR,,696030,
777741,2025-05-27,R,666969,7,Bot,54,field_out,TEX,TOR,696030,,
777741,2025-05-27,R,696030,7,Bot,53,single,TEX,TOR,,,
777741,2025-05-27,R,669394,7,Bot,52,strikeout,TEX,TOR,,,
777741,2025-05-27,R,673962,6,Bot,46,field_out,TEX,TOR,,,
777741,2025-05-27,R,694671,6,Bot,45,field_out,TEX,TOR,,,
777741,2025-05-27,R,669701,6,Bot,44,single,TEX,TOR,,,
777741,2025-05-27,R,543309,5,Bot,39,field_out,TEX,TOR,543760,,696030
777741,2025-05-27,R,543760,5,Bot,38,single,TEX,TOR,696030,,
777741,2025-05-27,R,641680,5,Bot,37,strikeout,TEX,TOR,696030,,
777741,2025-05-27,R,666969,5,Bot,36,strikeout,TEX,TOR,696030,,
777741,2025-05-27,R,696030,5,Bot,35,walk,TEX,TOR,,,
777741,2025-05-27,R,669394,4,Bot,29,field_out,TEX,TOR,,,
777741,2025-05-27,R,673962,4,Bot,28,strikeout,TEX,TOR,,,
777741,2025-05-27,R,694671,4,Bot,27,field_out,TEX,TOR,,,
777741,2025-05-27,R,669701,3,Bot,22,field_out,TEX,TOR,,,
777741,2025-05-27,R,543309,3,Bot,21,field_out,TEX,TOR,,,
777741,2025-05-27,R,543760,3,Bot,20,field_out,TEX,TOR,,,
777741,2025-05-27,R,641680,2,Bot,16,strikeout,TEX,TOR,,,
777741,2025-05-27,R,666969,2,Bot,15,field_out,TEX,TOR,,,
777741,2025-05-27,R,696030,2,Bot,14,strikeout,TEX,TOR,,,
777741,2025-05-27,R,669394,1,Bot,8,strikeout,TEX,TOR,,694671,
777741,2025-05-27,R,673962,1,Bot,7,field_out,TEX,TOR,694671,,
777741,2025-05-27,R,694671,1,Bot,6,single,TEX,TOR,,,
777741,2025-05-27,R,669701,1,Bot,5,field_out,TEX,TOR,,,
777759,2025-05-26,R,669394,9,Bot,71,field_out,TEX,TOR,,,
777759,2025-05-26,R,673962,9,Bot,70,field_out,TEX,TOR,,,
777759,2025-05-26,R,694671,9,Bot,69,field_out,TEX,TOR,,,
777759,2025-05-26,R,669701,8,Bot,63,field_out,TEX,TOR,,,
777759,2025-05-26,R,664059,8,Bot,62,field_out,TEX,TOR,,,
777759,2025-05-26,R,543760,8,Bot,61,field_out,TEX,TOR,,,
777759,2025-05-26,R,666969,7,Bot,55,strikeout,TEX,TOR,696030,,
777759,2025-05-26,R,696030,7,Bot,54,single,TEX,TOR,,,
777759,2025-05-26,R,641680,7,Bot,53,field_out,TEX,TOR,,,
777759,2025-05-26,R,669394,7,Bot,52,field_out,TEX,TOR,,,
777759,2025-05-26,R,673962,6,Bot,48,strikeout,TEX,TOR,,,
777759,2025-05-26,R,694671,6,Bot,47,strikeout,TEX,TOR,,,
777759,2025-05-26,R,669701,6,Bot,46,field_out,TEX,TOR,,,
777759,2025-05-26,R,664059,5,Bot,40,strikeout,TEX,TOR,696030,,641680
777759,2025-05-26,R,543760,5,Bot,39,field_out,TEX,TOR,696030,641680,
777759,2025-05-26,R,666969,5,Bot,38,strikeout,TEX,TOR,696030,641680,
777759,2025-05-26,R,696030,5,Bot,37,single,TEX,TOR,641680,,
777759,2025-05-26,R,641680,5,Bot,36,single,TEX,TOR,,,
777759,2025-05-26,R,669394,4,Bot,30,field_out,TEX,TOR,,,
777759,2025-05-26,R,673962,4,Bot,29,strikeout,TEX,TOR,,,
777759,2025-05-26,R,694671,4,Bot,28,home_run,TEX,TOR,,,
777759,2025-05-26,R,669701,4,Bot,27,field_out,TEX,TOR,,,
777759,2025-05-26,R,664059,3,Bot,20,field_out,TEX,TOR,666969,,
777759,2025-05-26,R,543760,3,Bot,19,field_out,TEX,TOR,666969,,
777759,2025-05-26,R,666969,3,Bot,18,single,TEX,TOR,,,
777759,2025-05-26,R,696030,3,Bot,17,field_out,TEX,TOR,,,
777759,2025-05-26,R,641680,2,Bot,13,field_out,TEX,TOR,,,
777759,2025-05-26,R,669394,2,Bot,12,field_out,TEX,TOR,,,
777759,2025-05-26,R,673962,2,Bot,11,field_out,TEX,TOR,,,
777759,2025-05-26,R,694671,1,Bot,7,field_out,TEX,TOR,,,
777759,2025-05-26,R,669701,1,Bot,6,field_out,TEX,TOR,,,
777759,2025-05-26,R,664059,1,Bot,5,field_out,TEX,TOR,,,
777777,2025-05-25,R,664059,9,Top,69,field_out,CWS,TEX,,666969,
777777,2025-05-25,R,543760,9,Top,68,strikeout,CWS,TEX,,666969,
777777,2025-05-25,R,666969,9,Top,67,double,CWS,TEX,543309,669394,
777777,2025-05-25,R,543309,9,Top,66,single,CWS,TEX,,669394,673962
777777,2025-05-25,R,696030,9,Top,65,strikeout,CWS,TEX,,669394,673962
777777,2025-05-25,R,669394,9,Top,64,double,CWS,TEX,673962,,
777777,2025-05-25,R,673962,9,Top,63,hit_by_pitch,CWS,TEX,,,
777777,2025-05-25,R,694671,8,Top,59,strikeout,CWS,TEX,,,
777777,2025-05-25,R,641680,8,Top,58,strikeout,CWS,TEX,,,
777777,2025-05-25,R,664059,8,Top,57,field_out,CWS,TEX,,,
777777,2025-05-25,R,543760,7,Top,52,grounded_into_double_play,CWS,TEX,543309,,
777777,2025-05-25,R,666969,7,Top,51,strikeout,CWS,TEX,543309,,
777777,2025-05-25,R,543309,7,Top,50,walk,CWS,TEX,,,
777777,2025-05-25,R,696030,6,Top,43,field_out,CWS,TEX,,694671,669701
777777,2025-05-25,R,669394,6,Top,42,field_out,CWS,TEX,694671,669701,
777777,2025-05-25,R,673962,6,Top,41,field_out,CWS,TEX,694671,669701,
777777,2025-05-25,R,694671,6,Top,40,single,CWS,TEX,669701,,
777777,2025-05-25,R,669701,6,Top,39,walk,CWS,TEX,,,
777777,2025-05-25,R,664059,5,Top,33,field_out,CWS,TEX,543760,,
777777,2025-05-25,R,543760,5,Top,32,single,CWS,TEX,,,
777777,2025-05-25,R,666969,5,Top,31,field_out,CWS,TEX,,,
777777,2025-05-25,R,543309,5,Top,30,strikeout,CWS,TEX,,,
777777,2025-05-25,R,696030,4,Top,25,field_out,CWS,TEX,673962,,
777777,2025-05-25,R,669394,4,Top,24,field_out,CWS,TEX,673962,,
777777,2025-05-25,R,673962,4,Top,23,single,CWS,TEX,,,
777777,2025-05-25,R,694671,4,Top,22,field_out,CWS,TEX,,,
777777,2025-05-25,R,669701,3,Top,18,field_out,CWS,TEX,,,
777777,2025-05-25,R,664059,3,Top,17,field_out,CWS,TEX,,,
777777,2025-05-25,R,543760,3,Top,16,field_out,CWS,TEX,,,
777777,2025-05-25,R,666969,2,Top,11,strikeout_double_play,CWS,TEX,696030,,
777777,2025-05-25,R,543309,2,Top,10,field_out,CWS,TEX,696030,,
777777,2025-05-25,R,696030,2,Top,9,walk,CWS,TEX,,,
777777,2025-05-25,R,669394,2,Top,8,home_run,CWS,TEX,673962,,
777777,2025-05-25,R,673962,2,Top,7,walk,CWS,TEX,,,
777777,2025-05-25,R,694671,1,Top,3,field_out,CWS,TEX,,,
777777,2025-05-25,R,669701,1,Top,2,field_out,CWS,TEX,,,
777777,2025-05-25,R,664059,1,Top,1,field_out,CWS,TEX,,,
777792,2025-05-24,R,673962,9,Top,88,field_out,CWS,TEX,,,
777792,2025-05-24,R,694671,9,Top,87,strikeout,CWS,TEX,,,
777792,2025-05-24,R,669701,9,Top,86,strikeout,CWS,TEX,,,
777792,2025-05-24,R,664059,8,Top,81,field_out,CWS,TEX,,,
777792,2025-05-24,R,543760,8,Top,80,field_out,CWS,TEX,,,
777792,2025-05-24,R,666969,8,Top,79,home_run,CWS,TEX,,,
777792,2025-05-24,R,641680,8,Top,78,field_out,CWS,TEX,,,
777792,2025-05-24,R,543309,7,Top,71,field_out,CWS,TEX,,,
777792,2025-05-24,R,669394,7,Top,70,field_out,CWS,TEX,,,
777792,2025-05-24,R,673962,7,Top,69,strikeout,CWS,TEX,,,
777792,2025-05-24,R,694671,6,Top,56,force_out,CWS,TEX,669701,,
777792,2025-05-24,R,669701,6,Top,55,walk,CWS,TEX,,,
777792,2025-05-24,R,664059,6,Top,54,field_out,CWS,TEX,,,
777792,2025-05-24,R,543760,6,Top,53,field_out,CWS,TEX,,,
777792,2025-05-24,R,666969,5,Top,47,field_out,CWS,TEX,543309,673962,
777792,2025-05-24,R,641680,5,Top,46,field_out,CWS,TEX,543309,673962,
777792,2025-05-24,R,543309,5,Top,45,single,CWS,TEX,673962,694671,
777792,2025-05-24,R,669394,5,Top,44,strikeout,CWS,TEX,673962,694671,
777792,2025-05-24,R,673962,5,Top,43,fielders_choice,CWS,TEX,694671,,
777792,2025-05-24,R,694671,5,Top,42,single,CWS,TEX,,,
777792,2025-05-24,R,669701,4,Top,33,field_out,CWS,TEX,664059,,
777792,2025-05-24,R,664059,4,Top,32,field_error,CWS,TEX,,,641680
777792,2025-05-24,R,543760,4,Top,31,sac_fly,CWS,TEX,,641680,592626
777792,2025-05-24,R,666969,4,Top,30,field_out,CWS,TEX,641680,592626,
777792,2025-05-24,R,641680,4,Top,29,single,CWS,TEX,592626,,
777792,2025-05-24,R,592626,4,Top,28,hit_by_pitch,CWS,TEX,,,
777792,2025-05-24,R,669394,3,Top,23,field_out,CWS,TEX,,,
777792,2025-05-24,R,673962,3,Top,22,field_out,CWS,TEX,,,
777792,2025-05-24,R,694671,3,Top,21,strikeout,CWS,TEX,,,
777792,2025-05-24,R,669701,2,Top,15,field_out,CWS,TEX,664059,543760,
777792,2025-05-24,R,664059,2,Top,14,walk,CWS,TEX,,543760,
777792,2025-05-24,R,543760,2,Top,13,walk,CWS,TEX,,,
777792,2025-05-24,R,666969,2,Top,12,strikeout,CWS,TEX,,,
777792,2025-05-24,R,641680,2,Top,11,strikeout,CWS,TEX,,,
777792,2025-05-24,R,592626,1,Top,6,field_out,CWS,TEX,673962,,669701
777792,2025-05-24,R,669394,1,Top,5,strikeout,CWS,TEX,673962,,669701
777792,2025-05-24,R,673962,1,Top,4,single,CWS,TEX,,669701,
777792,2025-05-24,R,694671,1,Top,3,field_out,CWS,TEX,,669701,
777792,2025-05-24,R,669701,1,Top,2,double,CWS,TEX,,664059,
777792,2025-05-24,R,664059,1,Top,1,single,CWS,TEX,,,
777805,2025-05-23,R,543309,9,Top,67,field_out,CWS,TEX,673962,,
777805,2025-05-23,R,669394,9,Top,66,field_out,CWS,TEX,673962,,
777805,2025-05-23,R,673962,9,Top,65,walk,CWS,TEX,,,
777805,2025-05-23,R,694671,9,Top,64,field_out,CWS,TEX,,,
777805,2025-05-23,R,669701,8,Top,60,field_out,CWS,TEX,,,
777805,2025-05-23,R,664059,8,Top,59,field_out,CWS,TEX,,,
777805,2025-05-23,R,543760,8,Top,58,field_out,CWS,TEX,,,
777805,2025-05-23,R,666969,7,Top,53,field_out,CWS,TEX,,,
777805,2025-05-23,R,641680,7,Top,52,field_out,CWS,TEX,,,
777805,2025-05-23,R,607680,7,Top,51,strikeout,CWS,TEX,,,
777805,2025-05-23,R,669394,6,Top,45,double,CWS,TEX,673962,694671,
777805,2025-05-23,R,673962,6,Top,44,walk,CWS,TEX,694671,,
777805,2025-05-23,R,694671,6,Top,43,single,CWS,TEX,,,
777805,2025-05-23,R,669701,6,Top,42,field_out,CWS,TEX,,,
777805,2025-05-23,R,664059,6,Top,41,field_out,CWS,TEX,,,
777805,2025-05-23,R,543760,5,Top,36,field_out,CWS,TEX,,,
777805,2025-05-23,R,666969,5,Top,35,field_out,CWS,TEX,,,
777805,2025-05-23,R,641680,5,Top,34,strikeout,CWS,TEX,,,
777805,2025-05-23,R,592626,4,Top,30,field_out,CWS,TEX,,673962,
777805,2025-05-23,R,669394,4,Top,29,field_out,CWS,TEX,,673962,
777805,2025-05-23,R,673962,4,Top,28,double,CWS,TEX,,,
777805,2025-05-23,R,694671,4,Top,27,strikeout,CWS,TEX,,,
777805,2025-05-23,R,669701,3,Top,18,field_out,CWS,TEX,,,
777805,2025-05-23,R,664059,3,Top,17,field_out,CWS,TEX,,,
777805,2025-05-23,R,543760,3,Top,16,field_out,CWS,TEX,,,
777805,2025-05-23,R,666969,2,Top,11,field_out,CWS,TEX,,,
777805,2025-05-23,R,641680,2,Top,10,strikeout,CWS,TEX,,,
777805,2025-05-23,R,592626,2,Top,9,field_out,CWS,TEX,,,
777805,2025-05-23,R,669394,1,Top,5,strikeout,CWS,TEX,673962,664059,
777805,2025-05-23,R,673962,1,Top,4,walk,CWS,TEX,664059,,
777805,2025-05-23,R,694671,1,Top,3,strikeout,CWS,TEX,664059,,
777805,2025-05-23,R,669701,1,Top,2,strikeout,CWS,TEX,664059,,
777805,2025-05-23,R,664059,1,Top,1,walk,CWS,TEX,,,
777818,2025-05-22,R,641680,9,Top,64,strikeout,NYY,TEX,,,
777818,2025-05-22,R,543760,9,Top,63,field_out,NYY,TEX,,,
777818,2025-05-22,R,669394,9,Top,62,field_out,NYY,TEX,,,
777818,2025-05-22,R,673962,8,Top,58,field_out,NYY,TEX,,,
777818,2025-05-22,R,694671,8,Top,57,strikeout,NYY,TEX,,,
777818,2025-05-22,R,664059,8,Top,56,field_out,NYY,TEX,,,
777818,2025-05-22,R,669701,7,Top,52,strikeout,NYY,TEX,,592626,543760
777818,2025-05-22,R,592626,7,Top,51,single,NYY,TEX,,543760,
777818,2025-05-22,R,666969,7,Top,50,field_out,NYY,TEX,,543760,
777818,2025-05-22,R,641680,7,Top,49,strikeout,NYY,TEX,,543760,
777818,2025-05-22,R,543760,7,Top,48,single,NYY,TEX,,,
777818,2025-05-22,R,669394,6,Top,43,strikeout,NYY,TEX,,,694671
777818,2025-05-22,R,673962,6,Top,42,strikeout,NYY,TEX,,694671,
777818,2025-05-22,R,694671,6,Top,41,walk,NYY,TEX,,,
777818,2025-05-22,R,664059,6,Top,40,field_out,NYY,TEX,,,
777818,2025-05-22,R,677649,5,Top,34,strikeout,NYY,TEX,,,
777818,2025-05-22,R,543309,5,Top,33,strikeout,NYY,TEX,,,
777818,2025-05-22,R,666969,5,Top,32,strikeout,NYY,TEX,,,
777818,2025-05-22,R,641680,4,Top,28,field_out,NYY,TEX,,,
777818,2025-05-22,R,543760,4,Top,27,field_out,NYY,TEX,,,
777818,2025-05-22,R,669394,4,Top,26,field_out,NYY,TEX,,,
777818,2025-05-22,R,673962,3,Top,22,force_out,NYY,TEX,694671,664059,
777818,2025-05-22,R,694671,3,Top,21,walk,NYY,TEX,,664059,
777818,2025-05-22,R,664059,3,Top,20,double,NYY,TEX,,,
777818,2025-05-22,R,677649,3,Top,19,strikeout,NYY,TEX,,,
777818,2025-05-22,R,543309,3,Top,18,strikeout,NYY,TEX,,,
777818,2025-05-22,R,666969,2,Top,12,field_out,NYY,TEX,,,
777818,2025-05-22,R,641680,2,Top,11,field_out,NYY,TEX,,,
777818,2025-05-22,R,543760,2,Top,10,field_out,NYY,TEX,,,
777818,2025-05-22,R,669394,1,Top,4,field_out,NYY,TEX,673962,,
777818,2025-05-22,R,673962,1,Top,3,single,NYY,TEX,,,
777818,2025-05-22,R,694671,1,Top,2,field_out,NYY,TEX,,,
777818,2025-05-22,R,664059,1,Top,1,strikeout,NYY,TEX,,,
777835,2025-05-21,R,673962,9,Top,69,field_out,NYY,TEX,664059,,
777835,2025-05-21,R,694671,9,Top,68,field_out,NYY,TEX,664059,,
777835,2025-05-21,R,664059,9,Top,67,single,NYY,TEX,,,
777835,2025-05-21,R,669701,8,Top,61,field_out,NYY,TEX,592626,669394,543760
777835,2025-05-21,R,592626,8,Top,60,walk,NYY,TEX,,669394,543760
777835,2025-05-21,R,669394,8,Top,59,single,NYY,TEX,543760,,
777835,2025-05-21,R,571466,8,Top,58,strikeout,NYY,TEX,543760,,
777835,2025-05-21,R,543760,8,Top,57,single,NYY,TEX,,,
777835,2025-05-21,R,666969,8,Top,56,field_out,NYY,TEX,,,
777835,2025-05-21,R,673962,7,Top,51,strikeout,NYY,TEX,694671,,
777835,2025-05-21,R,694671,7,Top,50,single,NYY,TEX,,,
777835,2025-05-21,R,664059,7,Top,49,home_run,NYY,TEX,,,
777835,2025-05-21,R,669701,7,Top,48,strikeout,NYY,TEX,,,
777835,2025-05-21,R,543309,7,Top,47,field_out,NYY,TEX,,,
777835,2025-05-21,R,669394,7,Top,46,home_run,NYY,TEX,,,
777835,2025-05-21,R,571466,6,Top,42,field_out,NYY,TEX,543760,666969,673962
777835,2025-05-21,R,543760,6,Top,41,hit_by_pitch,NYY,TEX,666969,673962,
777835,2025-05-21,R,666969,6,Top,40,walk,NYY,TEX,673962,,
777835,2025-05-21,R,673962,6,Top,39,single,NYY,TEX,,,
777835,2025-05-21,R,694671,6,Top,38,field_out,NYY,TEX,,,
777835,2025-05-21,R,664059,6,Top,37,field_out,NYY,TEX,,,
777835,2025-05-21,R,669701,5,Top,33,strikeout,NYY,TEX,,,
777835,2025-05-21,R,543309,5,Top,32,field_out,NYY,TEX,,,
777835,2025-05-21,R,669394,5,Top,31,home_run,NYY,TEX,,,
777835,2025-05-21,R,571466,5,Top,30,strikeout,NYY,TEX,,,
777835,2025-05-21,R,543760,4,Top,26,field_out,NYY,TEX,,,
777835,2025-05-21,R,666969,4,Top,25,strikeout,NYY,TEX,,,
777835,2025-05-21,R,673962,4,Top,24,field_out,NYY,TEX,,,
777835,2025-05-21,R,694671,3,Top,20,strikeout,NYY,TEX,,669701,
777835,2025-05-21,R,664059,3,Top,19,strikeout,NYY,TEX,669701,,
777835,2025-05-21,R,669701,3,Top,18,single,NYY,TEX,,,
777835,2025-05-21,R,543309,3,Top,17,field_out,NYY,TEX,,,
777835,2025-05-21,R,669394,2,Top,12,force_out,NYY,TEX,641680,,
777835,2025-05-21,R,641680,2,Top,11,single,NYY,TEX,,,
777835,2025-05-21,R,543760,2,Top,10,strikeout,NYY,TEX,,,
777835,2025-05-21,R,666969,2,Top,9,strikeout,NYY,TEX,,,
777835,2025-05-21,R,673962,1,Top,3,strikeout,NYY,TEX,,,
777835,2025-05-21,R,694671,1,Top,2,field_out,NYY,TEX,,,
777835,2025-05-21,R,664059,1,Top,1,field_out,NYY,TEX,,,
777849,2025-05-20,R,669701,9,Top,72,field_out,NYY,TEX,,,664059
777849,2025-05-20,R,664059,9,Top,71,triple,NYY,TEX,,,
777849,2025-05-20,R,641680,9,Top,70,home_run,NYY,TEX,592626,,
777849,2025-05-20,R,669394,9,Top,69,field_out,NYY,TEX,592626,,
777849,2025-05-20,R,592626,9,Top,68,walk,NYY,TEX,,,
777849,2025-05-20,R,543760,9,Top,67,field_out,NYY,TEX,,,
777849,2025-05-20,R,666969,8,Top,60,strikeout,NYY,TEX,,,694671
777849,2025-05-20,R,673962,8,Top,59,strikeout,NYY,TEX,,694671,
777849,2025-05-20,R,694671,8,Top,58,double,NYY,TEX,,,
777849,2025-05-20,R,669701,8,Top,57,field_out,NYY,TEX,,,
777849,2025-05-20,R,664059,7,Top,52,strikeout,NYY,TEX,,,
777849,2025-05-20,R,641680,7,Top,51,field_out,NYY,TEX,,,
777849,2025-05-20,R,669394,7,Top,50,field_out,NYY,TEX,,,
777849,2025-05-20,R,592626,6,Top,43,strikeout,NYY,TEX,666969,673962,694671
777849,2025-05-20,R,543760,6,Top,42,strikeout,NYY,TEX,666969,673962,694671
777849,2025-05-20,R,666969,6,Top,41,single,NYY,TEX,673962,694671,
777849,2025-05-20,R,673962,6,Top,40,single,NYY,TEX,694671,,
777849,2025-05-20,R,694671,6,Top,39,walk,NYY,TEX,,,
777849,2025-05-20,R,669701,6,Top,38,field_out,NYY,TEX,,,
777849,2025-05-20,R,664059,5,Top,34,strikeout,NYY,TEX,,641680,
777849,2025-05-20,R,641680,5,Top,33,double,NYY,TEX,,,
777849,2025-05-20,R,669394,5,Top,32,field_out,NYY,TEX,,,
777849,2025-05-20,R,592626,5,Top,31,field_out,NYY,TEX,,,
777849,2025-05-20,R,543760,4,Top,25,strikeout,NYY,TEX,673962,,
777849,2025-05-20,R,666969,4,Top,24,strikeout,NYY,TEX,673962,,
777849,2025-05-20,R,673962,4,Top,23,single,NYY,TEX,,,
777849,2025-05-20,R,694671,4,Top,22,strikeout,NYY,TEX,,,
777849,2025-05-20,R,669701,3,Top,17,field_out,NYY,TEX,,,
777849,2025-05-20,R,664059,3,Top,16,field_out,NYY,TEX,,,
777849,2025-05-20,R,641680,3,Top,15,field_out,NYY,TEX,,,
777849,2025-05-20,R,669394,2,Top,10,strikeout,NYY,TEX,543760,,
777849,2025-05-20,R,592626,2,Top,9,strikeout,NYY,TEX,543760,,
777849,2025-05-20,R,543760,2,Top,8,single,NYY,TEX,,,
777849,2025-05-20,R,666969,2,Top,7,strikeout,NYY,TEX,,,
777849,2025-05-20,R,673962,1,Top,3,strikeout_double_play,NYY,TEX,669701,,
777849,2025-05-20,R,694671,1,Top,2,field_out,NYY,TEX,669701,,
777849,2025-05-20,R,669701,1,Top,1,strikeout,NYY,TEX,,,
777869,2025-05-18,R,677649,9,Bot,70,strikeout,TEX,HOU,,,
777869,2025-05-18,R,607680,9,Bot,69,strikeout,TEX,HOU,,,
777869,2025-05-18,R,669394,9,Bot,68,field_out,TEX,HOU,,,
777869,2025-05-18,R,641680,8,Bot,63,field_out,TEX,HOU,543760,666969,
777869,2025-05-18,R,543760,8,Bot,62,walk,TEX,HOU,666969,,
777869,2025-05-18,R,666969,8,Bot,61,single,TEX,HOU,,,
777869,2025-05-18,R,673962,8,Bot,60,field_out,TEX,HOU,,,
777869,2025-05-18,R,694671,8,Bot,59,field_out,TEX,HOU,,,
777869,2025-05-18,R,664059,7,Bot,51,field_out,TEX,HOU,677649,,607680
777869,2025-05-18,R,677649,7,Bot,50,single,TEX,HOU,607680,,
777869,2025-05-18,R,607680,7,Bot,49,fielders_choice_out,TEX,HOU,,641680,
777869,2025-05-18,R,669394,7,Bot,48,field_out,TEX,HOU,,641680,
777869,2025-05-18,R,641680,7,Bot,47,single,TEX,HOU,,,
777869,2025-05-18,R,543760,6,Bot,42,field_out,TEX,HOU,,,
777869,2025-05-18,R,666969,6,Bot,41,strikeout,TEX,HOU,,,
777869,2025-05-18,R,673962,6,Bot,40,field_out,TEX,HOU,,,
777869,2025-05-18,R,694671,5,Bot,36,strikeout,TEX,HOU,,,
777869,2025-05-18,R,664059,5,Bot,35,field_out,TEX,HOU,,,
777869,2025-05-18,R,677649,5,Bot,34,strikeout,TEX,HOU,,,
777869,2025-05-18,R,607680,4,Bot,30,field_out,TEX,HOU,669394,,543760
777869,2025-05-18,R,669394,4,Bot,29,single,TEX,HOU,543760,,673962
777869,2025-05-18,R,641680,4,Bot,28,sac_fly,TEX,HOU,543760,673962,694671
777869,2025-05-18,R,543760,4,Bot,27,walk,TEX,HOU,,673962,694671
777869,2025-05-18,R,666969,4,Bot,26,strikeout,TEX,HOU,673962,694671,
777869,2025-05-18,R,673962,4,Bot,25,single,TEX,HOU,694671,664059,
777869,2025-05-18,R,694671,4,Bot,24,single,TEX,HOU,664059,,
777869,2025-05-18,R,664059,4,Bot,23,single,TEX,HOU,,,
777869,2025-05-18,R,677649,3,Bot,19,field_out,TEX,HOU,,,
777869,2025-05-18,R,607680,3,Bot,18,field_out,TEX,HOU,,,
777869,2025-05-18,R,669394,3,Bot,17,field_out,TEX,HOU,,,
777869,2025-05-18,R,641680,2,Bot,13,field_out,TEX,HOU,,,
777869,2025-05-18,R,543760,2,Bot,12,strikeout,TEX,HOU,,,
777869,2025-05-18,R,666969,2,Bot,11,strikeout,TEX,HOU,,,
777869,2025-05-18,R,673962,1,Bot,7,strikeout,TEX,HOU,,,
777869,2025-05-18,R,694671,1,Bot,6,strikeout,TEX,HOU,,,
777869,2025-05-18,R,664059,1,Bot,5,field_out,TEX,HOU,,,
777882,2025-05-17,R,669701,8,Bot,69,strikeout,TEX,HOU,543309,592626,543760
777882,2025-05-17,R,664059,8,Bot,68,field_out,TEX,HOU,543309,592626,543760
777882,2025-05-17,R,543309,8,Bot,67,fielders_choice,TEX,HOU,592626,543760,
777882,2025-05-17,R,669394,8,Bot,66,field_out,TEX,HOU,592626,543760,
777882,2025-05-17,R,592626,8,Bot,65,walk,TEX,HOU,543760,,
777882,2025-05-17,R,543760,8,Bot,64,walk,TEX,HOU,,,
777882,2025-05-17,R,666969,7,Bot,60,strikeout,TEX,HOU,,,
777882,2025-05-17,R,673962,7,Bot,59,field_out,TEX,HOU,,,
777882,2025-05-17,R,694671,7,Bot,58,home_run,TEX,HOU,,,
777882,2025-05-17,R,669701,7,Bot,57,sac_fly,TEX,HOU,,,664059
777882,2025-05-17,R,664059,7,Bot,56,walk,TEX,HOU,,,
777882,2025-05-17,R,543309,6,Bot,50,strikeout,TEX,HOU,,,
777882,2025-05-17,R,669394,6,Bot,49,strikeout,TEX,HOU,,,
777882,2025-05-17,R,592626,6,Bot,48,home_run,TEX,HOU,543760,,
777882,2025-05-17,R,543760,6,Bot,47,single,TEX,HOU,,,
777882,2025-05-17,R,666969,6,Bot,46,field_out,TEX,HOU,,,
777882,2025-05-17,R,673962,5,Bot,42,field_out,TEX,HOU,,,
777882,2025-05-17,R,694671,5,Bot,41,field_out,TEX,HOU,,,
777882,2025-05-17,R,669701,5,Bot,40,field_out,TEX,HOU,,,
777882,2025-05-17,R,664059,4,Bot,35,field_out,TEX,HOU,,669394,
777882,2025-05-17,R,543309,4,Bot,34,field_out,TEX,HOU,,669394,
777882,2025-05-17,R,669394,4,Bot,33,double,TEX,HOU,,,
777882,2025-05-17,R,592626,4,Bot,32,field_out,TEX,HOU,,,
777882,2025-05-17,R,543760,3,Bot,27,field_out,TEX,HOU,666969,694671,664059
777882,2025-05-17,R,666969,3,Bot,26,walk,TEX,HOU,,694671,664059
777882,2025-05-17,R,673962,3,Bot,25,strikeout,TEX,HOU,694671,,664059
777882,2025-05-17,R,694671,3,Bot,24,single,TEX,HOU,,664059,543309
777882,2025-05-17,R,669701,3,Bot,23,field_out,TEX,HOU,,664059,543309
777882,2025-05-17,R,664059,3,Bot,22,double,TEX,HOU,543309,,
777882,2025-05-17,R,543309,3,Bot,21,walk,TEX,HOU,,,
777882,2025-05-17,R,669394,2,Bot,15,field_out,TEX,HOU,592626,,
777882,2025-05-17,R,592626,2,Bot,14,walk,TEX,HOU,,,
777882,2025-05-17,R,543760,2,Bot,13,strikeout,TEX,HOU,,,
777882,2025-05-17,R,666969,2,Bot,12,field_out,TEX,HOU,,,
777882,2025-05-17,R,673962,1,Bot,8,field_out,TEX,HOU,,,
777882,2025-05-17,R,694671,1,Bot,7,strikeout,TEX,HOU,,,
777882,2025-05-17,R,669701,1,Bot,6,field_out,TEX,HOU,,,
777895,2025-05-16,R,669394,9,Bot,76,field_out,TEX,HOU,,,
777895,2025-05-16,R,664059,9,Bot,75,field_out,TEX,HOU,,,
777895,2025-05-16,R,673962,9,Bot,74,home_run,TEX,HOU,,,
777895,2025-05-16,R,543760,9,Bot,73,strikeout,TEX,HOU,,,
777895,2025-05-16,R,666969,8,Bot,69,field_out,TEX,HOU,,,
777895,2025-05-16,R,592626,8,Bot,68,field_out,TEX,HOU,,,
777895,2025-05-16,R,694671,8,Bot,67,field_out,TEX,HOU,,,
777895,2025-05-16,R,669701,7,Bot,62,field_out,TEX,HOU,,,
777895,2025-05-16,R,641680,7,Bot,61,field_out,TEX,HOU,,,
777895,2025-05-16,R,669394,7,Bot,60,strikeout,TEX,HOU,,,
777895,2025-05-16,R,694497,6,Bot,48,field_out,TEX,HOU,,,
777895,2025-05-16,R,673962,6,Bot,47,strikeout,TEX,HOU,,,
777895,2025-05-16,R,543760,6,Bot,46,field_out,TEX,HOU,,,
777895,2025-05-16,R,666969,5,Bot,41,field_out,TEX,HOU,,,
777895,2025-05-16,R,592626,5,Bot,40,strikeout,TEX,HOU,,,
777895,2025-05-16,R,694671,5,Bot,39,strikeout,TEX,HOU,,,
777895,2025-05-16,R,669701,4,Bot,35,field_out,TEX,HOU,,669394,
777895,2025-05-16,R,641680,4,Bot,34,field_out,TEX,HOU,669394,,
777895,2025-05-16,R,669394,4,Bot,33,single,TEX,HOU,,,
777895,2025-05-16,R,694497,4,Bot,32,strikeout,TEX,HOU,,,
777895,2025-05-16,R,673962,3,Bot,27,field_out,TEX,HOU,,,543760
777895,2025-05-16,R,543760,3,Bot,26,hit_by_pitch,TEX,HOU,,,
777895,2025-05-16,R,666969,3,Bot,25,field_out,TEX,HOU,,,
777895,2025-05-16,R,592626,3,Bot,24,strikeout,TEX,HOU,,,
777895,2025-05-16,R,694671,2,Bot,20,field_out,TEX,HOU,669701,641680,
777895,2025-05-16,R,669701,2,Bot,19,single,TEX,HOU,641680,,
777895,2025-05-16,R,641680,2,Bot,18,single,TEX,HOU,,694497,673962
777895,2025-05-16,R,669394,2,Bot,17,field_out,TEX,HOU,,694497,673962
777895,2025-05-16,R,694497,2,Bot,16,fielders_choice,TEX,HOU,673962,,
777895,2025-05-16,R,673962,2,Bot,15,single,TEX,HOU,,,
777895,2025-05-16,R,543760,2,Bot,14,field_out,TEX,HOU,,,
777895,2025-05-16,R,666969,1,Bot,9,field_out,TEX,HOU,592626,,
777895,2025-05-16,R,592626,1,Bot,8,walk,TEX,HOU,,,
777895,2025-05-16,R,694671,1,Bot,7,field_out,TEX,HOU,,,
777895,2025-05-16,R,669701,1,Bot,6,field_out,TEX,HOU,,,
777910,2025-05-15,R,641680,8,Bot,57,field_out,TEX,HOU,669394,,
777910,2025-05-15,R,669394,8,Bot,56,single,TEX,HOU,,,
777910,2025-05-15,R,694497,8,Bot,55,field_out,TEX,HOU,,,
777910,2025-05-15,R,673962,8,Bot,54,field_out,TEX,HOU,,,
777910,2025-05-15,R,543760,7,Bot,50,field_out,TEX,HOU,,,
777910,2025-05-15,R,666969,7,Bot,49,strikeout,TEX,HOU,,,
777910,2025-05-15,R,592626,7,Bot,48,field_out,TEX,HOU,,,
777910,2025-05-15,R,694671,6,Bot,43,strikeout,TEX,HOU,,,
777910,2025-05-15,R,669701,6,Bot,42,field_out,TEX,HOU,,,
777910,2025-05-15,R,641680,6,Bot,41,strikeout,TEX,HOU,,,
777910,2025-05-15,R,669394,6,Bot,40,home_run,TEX,HOU,,,
777910,2025-05-15,R,694497,5,Bot,36,field_out,TEX,HOU,,666969,
777910,2025-05-15,R,673962,5,Bot,35,strikeout,TEX,HOU,,666969,
777910,2025-05-15,R,543760,5,Bot,34,strikeout,TEX,HOU,,666969,
777910,2025-05-15,R,666969,5,Bot,33,double,TEX,HOU,,,
777910,2025-05-15,R,592626,4,Bot,28,field_out,TEX,HOU,,,
777910,2025-05-15,R,694671,4,Bot,27,field_out,TEX,HOU,,,
777910,2025-05-15,R,669701,4,Bot,26,field_out,TEX,HOU,,,
777910,2025-05-15,R,641680,3,Bot,20,strikeout,TEX,HOU,,,
777910,2025-05-15,R,669394,3,Bot,19,field_out,TEX,HOU,,,
777910,2025-05-15,R,694497,3,Bot,18,strikeout,TEX,HOU,,,
777910,2025-05-15,R,673962,2,Bot,14,field_out,TEX,HOU,,,
777910,2025-05-15,R,543760,2,Bot,13,strikeout,TEX,HOU,,,
777910,2025-05-15,R,666969,2,Bot,12,field_out,TEX,HOU,,,
777910,2025-05-15,R,592626,1,Bot,6,field_out,TEX,HOU,,,
777910,2025-05-15,R,694671,1,Bot,5,field_out,TEX,HOU,,,
777910,2025-05-15,R,669701,1,Bot,4,strikeout,TEX,HOU,,,
777918,2025-05-14,R,543760,8,Bot,73,strikeout,TEX,COL,,,
777918,2025-05-14,R,666969,8,Bot,72,field_out,TEX,COL,,,
777918,2025-05-14,R,592626,8,Bot,71,field_out,TEX,COL,,,
777918,2025-05-14,R,694671,7,Bot,66,field_out,TEX,COL,669701,669394,694497
777918,2025-05-14,R,669701,7,Bot,65,force_out,TEX,COL,669394,694497,673962
777918,2025-05-14,R,543309,7,Bot,64,strikeout,TEX,COL,669394,694497,673962
777918,2025-05-14,R,669394,7,Bot,63,walk,TEX,COL,694497,673962,
777918,2025-05-14,R,694497,7,Bot,62,walk,TEX,COL,673962,,
777918,2025-05-14,R,673962,7,Bot,61,single,TEX,COL,,,
777918,2025-05-14,R,543760,6,Bot,56,field_out,TEX,COL,,,
777918,2025-05-14,R,666969,6,Bot,55,home_run,TEX,COL,592626,,
777918,2025-05-14,R,592626,6,Bot,54,walk,TEX,COL,,,
777918,2025-05-14,R,694671,6,Bot,53,field_out,TEX,COL,,,
777918,2025-05-14,R,669701,6,Bot,52,field_out,TEX,COL,,,
777918,2025-05-14,R,543309,5,Bot,46,field_out,TEX,COL,,669394,
777918,2025-05-14,R,669394,5,Bot,45,double,TEX,COL,694497,673962,
777918,2025-05-14,R,694497,5,Bot,44,walk,TEX,COL,673962,,
777918,2025-05-14,R,673962,5,Bot,43,single,TEX,COL,,,
777918,2025-05-14,R,543760,5,Bot,42,field_out,TEX,COL,,,
777918,2025-05-14,R,666969,5,Bot,41,field_out,TEX,COL,,,
777918,2025-05-14,R,592626,4,Bot,37,strikeout,TEX,COL,694671,669701,
777918,2025-05-14,R,694671,4,Bot,36,walk,TEX,COL,669701,,
777918,2025-05-14,R,669701,4,Bot,35,single,TEX,COL,,,
777918,2025-05-14,R,543309,4,Bot,34,field_out,TEX,COL,,,
777918,2025-05-14,R,669394,4,Bot,33,field_out,TEX,COL,,,
777918,2025-05-14,R,694497,3,Bot,29,field_out,TEX,COL,666969,,
777918,2025-05-14,R,673962,3,Bot,28,field_out,TEX,COL,666969,,
777918,2025-05-14,R,543760,3,Bot,27,strikeout,TEX,COL,666969,,
777918,2025-05-14,R,666969,3,Bot,26,walk,TEX,COL,,,
777918,2025-05-14,R,592626,2,Bot,20,field_out,TEX,COL,543309,,
777918,2025-05-14,R,694671,2,Bot,19,strikeout,TEX,COL,543309,,
777918,2025-05-14,R,669701,2,Bot,18,field_out,TEX,COL,543309,,
777918,2025-05-14,R,543309,2,Bot,17,single,TEX,COL,,,
777918,2025-05-14,R,669394,1,Bot,11,grounded_into_double_play,TEX,COL,694497,,543760
777918,2025-05-14,R,694497,1,Bot,10,force_out,TEX,COL,673962,543760,666969
777918,2025-05-14,R,673962,1,Bot,9,walk,TEX,COL,543760,666969,592626
777918,2025-05-14,R,543760,1,Bot,8,single,TEX,COL,666969,592626,
777918,2025-05-14,R,666969,1,Bot,7,single,TEX,COL,592626,,
777918,2025-05-14,R,592626,1,Bot,6,single,TEX,COL,,,
777918,2025-05-14,R,694671,1,Bot,5,home_run,TEX,COL,669701,,
777918,2025-05-14,R,669701,1,Bot,4,single,TEX,COL,,,
777934,2025-05-13,R,669701,8,Bot,65,field_out,TEX,COL,592626,669394,666969
777934,2025-05-13,R,592626,8,Bot,64,walk,TEX,COL,669394,,666969
777934,2025-05-13,R,669394,8,Bot,63,walk,TEX,COL,,,666969
777934,2025-05-13,R,641680,8,Bot,62,strikeout,TEX,COL,,,666969
777934,2025-05-13,R,543760,8,Bot,61,field_out,TEX,COL,,666969,
777934,2025-05-13,R,666969,8,Bot,60,double,TEX,COL,,,
777934,2025-05-13,R,673962,8,Bot,59,home_run,TEX,COL,,,
777934,2025-05-13,R,694671,7,Bot,55,field_out,TEX,COL,694497,,
777934,2025-05-13,R,694497,7,Bot,54,hit_by_pitch,TEX,COL,,,
777934,2025-05-13,R,669701,7,Bot,53,field_out,TEX,COL,,,
777934,2025-05-13,R,592626,7,Bot,52,field_out,TEX,COL,,,
777934,2025-05-13,R,669394,6,Bot,47,strikeout,TEX,COL,,,
777934,2025-05-13,R,641680,6,Bot,46,field_out,TEX,COL,,,
777934,2025-05-13,R,543760,6,Bot,45,strikeout,TEX,COL,,,
777934,2025-05-13,R,666969,5,Bot,41,field_out,TEX,COL,673962,,
777934,2025-05-13,R,673962,5,Bot,40,single,TEX,COL,,,
777934,2025-05-13,R,694671,5,Bot,39,field_out,TEX,COL,,,
777934,2025-05-13,R,664059,5,Bot,38,field_out,TEX,COL,,,
777934,2025-05-13,R,677649,4,Bot,32,strikeout,TEX,COL,669394,,641680
777934,2025-05-13,R,543309,4,Bot,31,field_out,TEX,COL,669394,641680,
777934,2025-05-13,R,669394,4,Bot,30,single,TEX,COL,641680,,
777934,2025-05-13,R,641680,4,Bot,29,force_out,TEX,COL,543760,,
777934,2025-05-13,R,543760,4,Bot,28,single,TEX,COL,,,
777934,2025-05-13,R,666969,3,Bot,24,field_out,TEX,COL,,,
777934,2025-05-13,R,673962,3,Bot,23,field_out,TEX,COL,,,
777934,2025-05-13,R,694671,3,Bot,22,field_out,TEX,COL,,,
777934,2025-05-13,R,664059,2,Bot,18,field_out,TEX,COL,,,
777934,2025-05-13,R,677649,2,Bot,17,field_out,TEX,COL,,,
777934,2025-05-13,R,543309,2,Bot,16,field_out,TEX,COL,,,
777934,2025-05-13,R,669394,1,Bot,12,strikeout,TEX,COL,,543760,
777934,2025-05-13,R,641680,1,Bot,11,strikeout,TEX,COL,,543760,
777934,2025-05-13,R,543760,1,Bot,10,walk,TEX,COL,,,
777934,2025-05-13,R,666969,1,Bot,9,field_out,TEX,COL,,,
777934,2025-05-13,R,673962,1,Bot,8,home_run,TEX,COL,694671,,664059
777934,2025-05-13,R,694671,1,Bot,7,single,TEX,COL,664059,,
777934,2025-05-13,R,664059,1,Bot,6,single,TEX,COL,,,
777949,2025-05-12,R,694671,8,Bot,58,field_out,TEX,COL,,,
777949,2025-05-12,R,694497,8,Bot,57,field_out,TEX,COL,,,
777949,2025-05-12,R,677649,8,Bot,56,strikeout,TEX,COL,,,
777949,2025-05-12,R,571466,7,Bot,52,grounded_into_double_play,TEX,COL,669394,673962,
777949,2025-05-12,R,669394,7,Bot,51,single,TEX,COL,673962,,
777949,2025-05-12,R,673962,7,Bot,50,single,TEX,COL,,,
777949,2025-05-12,R,543760,7,Bot,49,field_out,TEX,COL,,,
777949,2025-05-12,R,666969,6,Bot,43,strikeout,TEX,COL,592626,,
777949,2025-05-12,R,592626,6,Bot,42,walk,TEX,COL,,,
777949,2025-05-12,R,694671,6,Bot,41,home_run,TEX,COL,677649,,
777949,2025-05-12,R,694497,6,Bot,40,strikeout,TEX,COL,677649,,
777949,2025-05-12,R,677649,6,Bot,39,force_out,TEX,COL,571466,,
777949,2025-05-12,R,571466,6,Bot,38,walk,TEX,COL,,,
777949,2025-05-12,R,669394,5,Bot,34,field_out,TEX,COL,,,
777949,2025-05-12,R,673962,5,Bot,33,field_out,TEX,COL,,,
777949,2025-05-12,R,543760,5,Bot,32,field_out,TEX,COL,,,
777949,2025-05-12,R,666969,4,Bot,28,field_out,TEX,COL,,,
777949,2025-05-12,R,592626,4,Bot,27,field_out,TEX,COL,,,
777949,2025-05-12,R,694671,4,Bot,26,field_out,TEX,COL,,,
777949,2025-05-12,R,694497,3,Bot,22,field_out,TEX,COL,,,
777949,2025-05-12,R,677649,3,Bot,21,field_out,TEX,COL,,,
777949,2025-05-12,R,571466,3,Bot,20,field_out,TEX,COL,,,
777949,2025-05-12,R,669394,2,Bot,15,strikeout,TEX,COL,,,
777949,2025-05-12,R,673962,2,Bot,14,strikeout,TEX,COL,,,
777949,2025-05-12,R,543760,2,Bot,13,strikeout,TEX,COL,,,
777949,2025-05-12,R,666969,1,Bot,7,strikeout,TEX,COL,,,694497
777949,2025-05-12,R,592626,1,Bot,6,field_out,TEX,COL,,694497,
777949,2025-05-12,R,694671,1,Bot,5,strikeout,TEX,COL,694497,,
777949,2025-05-12,R,694497,1,Bot,4,walk,TEX,COL,,,
777969,2025-05-11,R,694497,9,Top,69,strikeout,DET,TEX,,,
777969,2025-05-11,R,543760,9,Top,68,field_out,DET,TEX,,,
777969,2025-05-11,R,666969,9,Top,67,field_out,DET,TEX,,,
777969,2025-05-11,R,664059,8,Top,63,field_out,DET,TEX,694671,669701,
777969,2025-05-11,R,694671,8,Top,62,walk,DET,TEX,669701,,
777969,2025-05-11,R,669701,8,Top,61,single,DET,TEX,,,
777969,2025-05-11,R,677649,8,Top,60,strikeout,DET,TEX,,,
777969,2025-05-11,R,641680,8,Top,59,home_run,DET,TEX,,,
777969,2025-05-11,R,673962,8,Top,58,strikeout,DET,TEX,,,
777969,2025-05-11,R,694497,7,Top,54,field_out,DET,TEX,,,
777969,2025-05-11,R,543760,7,Top,53,field_out,DET,TEX,,,
777969,2025-05-11,R,666969,7,Top,52,field_error,DET,TEX,,,
777969,2025-05-11,R,592626,6,Top,48,field_out,DET,TEX,,694671,
777969,2025-05-11,R,694671,6,Top,47,double,DET,TEX,,,
777969,2025-05-11,R,669701,6,Top,46,field_out,DET,TEX,,,
777969,2025-05-11,R,677649,6,Top,45,field_out,DET,TEX,,,
777969,2025-05-11,R,641680,5,Top,41,field_out,DET,TEX,,,
777969,2025-05-11,R,673962,5,Top,40,home_run,DET,TEX,694497,,
777969,2025-05-11,R,694497,5,Top,39,single,DET,TEX,,,
777969,2025-05-11,R,543760,5,Top,38,field_out,DET,TEX,,,
777969,2025-05-11,R,666969,5,Top,37,field_out,DET,TEX,,,
777969,2025-05-11,R,592626,4,Top,32,field_out,DET,TEX,669701,677649,
777969,2025-05-11,R,694671,4,Top,31,strikeout,DET,TEX,669701,677649,
777969,2025-05-11,R,669701,4,Top,30,hit_by_pitch,DET,TEX,,677649,
777969,2025-05-11,R,677649,4,Top,29,double,DET,TEX,,,
777969,2025-05-11,R,641680,4,Top,28,field_out,DET,TEX,,,
777969,2025-05-11,R,673962,3,Top,23,strikeout,DET,TEX,,694497,
777969,2025-05-11,R,694497,3,Top,22,single,DET,TEX,,666969,
777969,2025-05-11,R,543760,3,Top,21,strikeout,DET,TEX,666969,,
777969,2025-05-11,R,666969,3,Top,20,single,DET,TEX,,,
777969,2025-05-11,R,592626,3,Top,19,field_out,DET,TEX,,,
777969,2025-05-11,R,694671,2,Top,14,field_out,DET,TEX,669701,677649,673962
777969,2025-05-11,R,669701,2,Top,13,walk,DET,TEX,677649,,673962
777969,2025-05-11,R,677649,2,Top,12,single,DET,TEX,673962,,
777969,2025-05-11,R,641680,2,Top,11,field_out,DET,TEX,673962,,
777969,2025-05-11,R,673962,2,Top,10,single,DET,TEX,,,
777969,2025-05-11,R,694497,2,Top,9,strikeout,DET,TEX,,,
777969,2025-05-11,R,543760,2,Top,8,home_run,DET,TEX,,666969,
777969,2025-05-11,R,666969,2,Top,7,double,DET,TEX,,,
777969,2025-05-11,R,592626,1,Top,3,field_out,DET,TEX,,,
777969,2025-05-11,R,694671,1,Top,2,strikeout,DET,TEX,,,
777969,2025-05-11,R,669701,1,Top,1,field_out,DET,TEX,,,
777987,2025-05-10,R,664059,9,Top,73,strikeout,DET,TEX,666969,,
777987,2025-05-10,R,666969,9,Top,72,force_out,DET,TEX,543760,,677649
777987,2025-05-10,R,543760,9,Top,71,single,DET,TEX,677649,,694671
777987,2025-05-10,R,592626,9,Top,70,field_out,DET,TEX,677649,694671,
777987,2025-05-10,R,677649,9,Top,69,single,DET,TEX,694671,,
777987,2025-05-10,R,694671,9,Top,68,walk,DET,TEX,,,
777987,2025-05-10,R,669701,8,Top,63,field_out,DET,TEX,,664059,
777987,2025-05-10,R,673962,8,Top,62,strikeout,DET,TEX,,664059,
777987,2025-05-10,R,641680,8,Top,61,field_out,DET,TEX,664059,,
777987,2025-05-10,R,664059,8,Top,60,single,DET,TEX,,,
777987,2025-05-10,R,666969,7,Top,55,strikeout,DET,TEX,,,
777987,2025-05-10,R,543760,7,Top,54,field_out,DET,TEX,,,
777987,2025-05-10,R,592626,7,Top,53,field_out,DET,TEX,,,
777987,2025-05-10,R,608369,7,Top,52,home_run,DET,TEX,,,
777987,2025-05-10,R,694671,6,Top,48,strikeout,DET,TEX,673962,,
777987,2025-05-10,R,669701,6,Top,47,strikeout,DET,TEX,673962,,
777987,2025-05-10,R,673962,6,Top,46,single,DET,TEX,,,
777987,2025-05-10,R,641680,6,Top,45,field_out,DET,TEX,,,
777987,2025-05-10,R,694497,5,Top,41,field_out,DET,TEX,543760,,592626
777987,2025-05-10,R,666969,5,Top,40,sac_fly,DET,TEX,543760,592626,608369
777987,2025-05-10,R,543760,5,Top,39,walk,DET,TEX,592626,608369,
777987,2025-05-10,R,592626,5,Top,38,walk,DET,TEX,,608369,
777987,2025-05-10,R,608369,5,Top,37,double,DET,TEX,694671,,
777987,2025-05-10,R,694671,5,Top,36,walk,DET,TEX,,,
777987,2025-05-10,R,669701,5,Top,35,field_out,DET,TEX,,,
777987,2025-05-10,R,673962,4,Top,30,field_out,DET,TEX,,,
777987,2025-05-10,R,641680,4,Top,29,field_out,DET,TEX,,,
777987,2025-05-10,R,694497,4,Top,28,field_out,DET,TEX,,,
777987,2025-05-10,R,666969,3,Top,22,strikeout,DET,TEX,,,
777987,2025-05-10,R,543760,3,Top,21,strikeout,DET,TEX,,,
777987,2025-05-10,R,592626,3,Top,20,home_run,DET,TEX,694671,,
777987,2025-05-10,R,608369,3,Top,19,field_out,DET,TEX,694671,,
777987,2025-05-10,R,694671,3,Top,18,walk,DET,TEX,,,
777987,2025-05-10,R,669701,2,Top,14,field_out,DET,TEX,,,
777987,2025-05-10,R,673962,2,Top,13,field_out,DET,TEX,,,
777987,2025-05-10,R,641680,2,Top,12,strikeout,DET,TEX,,,
777987,2025-05-10,R,694497,2,Top,11,home_run,DET,TEX,,,
777987,2025-05-10,R,666969,1,Top,6,field_out,DET,TEX,543760,,
777987,2025-05-10,R,543760,1,Top,5,walk,DET,TEX,,,
777987,2025-05-10,R,592626,1,Top,4,strikeout,DET,TEX,,,
777987,2025-05-10,R,608369,1,Top,3,home_run,DET,TEX,,,
777987,2025-05-10,R,694671,1,Top,2,field_out,DET,TEX,,,
777987,2025-05-10,R,669701,1,Top,1,home_run,DET,TEX,,,
777996,2025-05-09,R,666969,9,Top,62,field_out,DET,TEX,,,
777996,2025-05-09,R,641680,9,Top,61,strikeout,DET,TEX,,,
777996,2025-05-09,R,694671,9,Top,60,field_out,DET,TEX,,,
777996,2025-05-09,R,664059,8,Top,55,field_out,DET,TEX,694497,,
777996,2025-05-09,R,592626,8,Top,54,field_out,DET,TEX,694497,,
777996,2025-05-09,R,694497,8,Top,53,single,DET,TEX,,,
777996,2025-05-09,R,669701,8,Top,52,field_out,DET,TEX,,,
777996,2025-05-09,R,673962,7,Top,47,field_out,DET,TEX,,,
777996,2025-05-09,R,543760,7,Top,46,strikeout,DET,TEX,,,
777996,2025-05-09,R,666969,7,Top,45,strikeout,DET,TEX,,,
777996,2025-05-09,R,641680,6,Top,41,force_out,DET,TEX,664059,677649,
777996,2025-05-09,R,694671,6,Top,40,strikeout,DET,TEX,664059,677649,
777996,2025-05-09,R,664059,6,Top,39,single,DET,TEX,677649,669701,
777996,2025-05-09,R,688760,6,Top,38,strikeout,DET,TEX,677649,669701,
777996,2025-05-09,R,677649,6,Top,37,hit_by_pitch,DET,TEX,669701,,
777996,2025-05-09,R,669701,6,Top,36,single,DET,TEX,,,
777996,2025-05-09,R,673962,5,Top,31,strikeout,DET,TEX,,,
777996,2025-05-09,R,543760,5,Top,30,field_out,DET,TEX,,,
777996,2025-05-09,R,666969,5,Top,29,strikeout,DET,TEX,,,
777996,2025-05-09,R,641680,4,Top,23,strikeout,DET,TEX,,,
777996,2025-05-09,R,694671,4,Top,22,strikeout,DET,TEX,,,
777996,2025-05-09,R,664059,4,Top,21,field_out,DET,TEX,,,
777996,2025-05-09,R,688760,3,Top,17,field_out,DET,TEX,,,
777996,2025-05-09,R,677649,3,Top,16,strikeout,DET,TEX,,,
777996,2025-05-09,R,669701,3,Top,15,field_out,DET,TEX,,,
777996,2025-05-09,R,673962,2,Top,9,field_out,DET,TEX,,,
777996,2025-05-09,R,543760,2,Top,8,strikeout,DET,TEX,,,
777996,2025-05-09,R,666969,2,Top,7,field_out,DET,TEX,,,
777996,2025-05-09,R,641680,1,Top,3,field_out,DET,TEX,,,
777996,2025-05-09,R,694671,1,Top,2,strikeout,DET,TEX,,,
777996,2025-05-09,R,664059,1,Top,1,strikeout,DET,TEX,,,
778006,2025-05-08,R,669701,9,Top,72,field_out,BOS,TEX,571466,,
778006,2025-05-08,R,571466,9,Top,71,hit_by_pitch,BOS,TEX,,,
778006,2025-05-08,R,687957,9,Top,70,field_out,BOS,TEX,,,
778006,2025-05-08,R,673962,9,Top,69,field_out,BOS,TEX,,,
778006,2025-05-08,R,694497,8,Top,65,field_out,BOS,TEX,,,
778006,2025-05-08,R,543760,8,Top,64,field_out,BOS,TEX,,,
778006,2025-05-08,R,666969,8,Top,63,field_out,BOS,TEX,,,
778006,2025-05-08,R,592626,7,Top,58,field_out,BOS,TEX,,669701,571466
778006,2025-05-08,R,694671,7,Top,57,strikeout,BOS,TEX,669701,571466,
778006,2025-05-08,R,669701,7,Top,56,walk,BOS,TEX,571466,,
778006,2025-05-08,R,571466,7,Top,55,single,BOS,TEX,,,
778006,2025-05-08,R,687957,7,Top,54,strikeout,BOS,TEX,,,
778006,2025-05-08,R,673962,6,Top,47,field_out,BOS,TEX,,,
778006,2025-05-08,R,694497,6,Top,46,field_out,BOS,TEX,,,
778006,2025-05-08,R,543760,6,Top,45,field_out,BOS,TEX,,,
778006,2025-05-08,R,666969,5,Top,39,field_out,BOS,TEX,592626,694671,
778006,2025-05-08,R,592626,5,Top,38,walk,BOS,TEX,,694671,
778006,2025-05-08,R,694671,5,Top,37,force_out,BOS,TEX,571466,,
778006,2025-05-08,R,669701,5,Top,36,field_out,BOS,TEX,571466,,
778006,2025-05-08,R,571466,5,Top,35,single,BOS,TEX,,,
778006,2025-05-08,R,687957,4,Top,31,field_out,BOS,TEX,,,
778006,2025-05-08,R,673962,4,Top,30,field_out,BOS,TEX,,,
778006,2025-05-08,R,694497,4,Top,29,field_out,BOS,TEX,,,
778006,2025-05-08,R,543760,3,Top,25,field_out,BOS,TEX,666969,592626,694671
778006,2025-05-08,R,666969,3,Top,24,walk,BOS,TEX,592626,694671,
778006,2025-05-08,R,592626,3,Top,23,walk,BOS,TEX,,694671,
778006,2025-05-08,R,694671,3,Top,22,double_play,BOS,TEX,669701,571466,
778006,2025-05-08,R,669701,3,Top,21,single,BOS,TEX,571466,,
778006,2025-05-08,R,571466,3,Top,20,single,BOS,TEX,,,
778006,2025-05-08,R,687957,2,Top,13,grounded_into_double_play,BOS,TEX,673962,,
778006,2025-05-08,R,673962,2,Top,12,walk,BOS,TEX,,,
778006,2025-05-08,R,694497,2,Top,11,field_out,BOS,TEX,,,
778006,2025-05-08,R,543760,1,Top,5,strikeout,BOS,TEX,666969,,694671
778006,2025-05-08,R,666969,1,Top,4,force_out,BOS,TEX,592626,694671,
778006,2025-05-08,R,592626,1,Top,3,walk,BOS,TEX,694671,,
778006,2025-05-08,R,694671,1,Top,2,single,BOS,TEX,,,
778006,2025-05-08,R,669701,1,Top,1,field_out,BOS,TEX,,,
778018,2025-05-07,R,688760,9,Top,75,strikeout,BOS,TEX,694671,,
778018,2025-05-07,R,608369,9,Top,74,field_out,BOS,TEX,694671,,
778018,2025-05-07,R,694671,9,Top,73,walk,BOS,TEX,,,
778018,2025-05-07,R,669701,9,Top,72,field_out,BOS,TEX,,,
778018,2025-05-07,R,673962,9,Top,71,home_run,BOS,TEX,,,
778018,2025-05-07,R,641680,8,Top,66,field_out,BOS,TEX,,,
778018,2025-05-07,R,694497,8,Top,65,field_out,BOS,TEX,,,
778018,2025-05-07,R,666969,8,Top,64,field_out,BOS,TEX,,,
778018,2025-05-07,R,543760,7,Top,57,field_out,BOS,TEX,,,
778018,2025-05-07,R,688760,7,Top,56,field_out,BOS,TEX,,,
778018,2025-05-07,R,608369,7,Top,55,field_out,BOS,TEX,,,
778018,2025-05-07,R,694671,6,Top,49,strikeout,BOS,TEX,,641680,
778018,2025-05-07,R,669701,6,Top,48,strikeout,BOS,TEX,,641680,
778018,2025-05-07,R,673962,6,Top,47,field_out,BOS,TEX,641680,,
778018,2025-05-07,R,641680,6,Top,46,single,BOS,TEX,,,
778018,2025-05-07,R,694497,5,Top,40,field_out,BOS,TEX,,,592626
778018,2025-05-07,R,666969,5,Top,39,sac_fly,BOS,TEX,,592626,608369
778018,2025-05-07,R,543760,5,Top,38,field_out,BOS,TEX,,592626,608369
778018,2025-05-07,R,592626,5,Top,37,double,BOS,TEX,608369,,
778018,2025-05-07,R,608369,5,Top,36,single,BOS,TEX,,,
778018,2025-05-07,R,694671,4,Top,30,field_out,BOS,TEX,669701,641680,
778018,2025-05-07,R,669701,4,Top,29,single,BOS,TEX,641680,,
778018,2025-05-07,R,673962,4,Top,28,field_out,BOS,TEX,641680,,
778018,2025-05-07,R,641680,4,Top,27,hit_by_pitch,BOS,TEX,,,
778018,2025-05-07,R,694497,4,Top,26,field_out,BOS,TEX,,,
778018,2025-05-07,R,666969,4,Top,25,home_run,BOS,TEX,,,
778018,2025-05-07,R,543760,3,Top,20,force_out,BOS,TEX,592626,694671,673962
778018,2025-05-07,R,592626,3,Top,19,walk,BOS,TEX,,694671,673962
778018,2025-05-07,R,608369,3,Top,18,field_out,BOS,TEX,694671,673962,641680
778018,2025-05-07,R,694671,3,Top,17,field_error,BOS,TEX,,673962,641680
778018,2025-05-07,R,669701,3,Top,16,strikeout,BOS,TEX,,673962,641680
778018,2025-05-07,R,673962,3,Top,15,double,BOS,TEX,641680,,
778018,2025-05-07,R,641680,3,Top,14,walk,BOS,TEX,,,
778018,2025-05-07,R,694497,2,Top,10,field_out,BOS,TEX,,592626,
778018,2025-05-07,R,666969,2,Top,9,field_out,BOS,TEX,592626,,
778018,2025-05-07,R,543760,2,Top,8,field_out,BOS,TEX,592626,,
778018,2025-05-07,R,592626,2,Top,7,single,BOS,TEX,,,
778018,2025-05-07,R,608369,1,Top,3,field_out,BOS,TEX,,,
778018,2025-05-07,R,694671,1,Top,2,strikeout,BOS,TEX,,,
778018,2025-05-07,R,669701,1,Top,1,field_out,BOS,TEX,,,
778037,2025-05-06,R,694497,9,Top,73,field_out,BOS,TEX,666969,,
778037,2025-05-06,R,666969,9,Top,72,single,BOS,TEX,,,
778037,2025-05-06,R,543760,9,Top,71,field_out,BOS,TEX,,,
778037,2025-05-06,R,688760,9,Top,70,field_out,BOS,TEX,,,
778037,2025-05-06,R,608369,8,Top,66,field_out,BOS,TEX,,694671,
778037,2025-05-06,R,694671,8,Top,65,force_out,BOS,TEX,669701,,
778037,2025-05-06,R,669701,8,Top,64,single,BOS,TEX,,,
778037,2025-05-06,R,673962,8,Top,63,strikeout,BOS,TEX,,,
778037,2025-05-06,R,641680,7,Top,59,field_out,BOS,TEX,694497,666969,
778037,2025-05-06,R,694497,7,Top,58,single,BOS,TEX,666969,,
778037,2025-05-06,R,666969,7,Top,57,single,BOS,TEX,,,
778037,2025-05-06,R,543760,7,Top,56,strikeout,BOS,TEX,,,
778037,2025-05-06,R,688760,7,Top,55,field_out,BOS,TEX,,,
778037,2025-05-06,R,608369,6,Top,49,field_out,BOS,TEX,,669701,
778037,2025-05-06,R,694671,6,Top,48,strikeout,BOS,TEX,,669701,
778037,2025-05-06,R,669701,6,Top,47,walk,BOS,TEX,,,
778037,2025-05-06,R,673962,6,Top,46,field_out,BOS,TEX,,,
778037,2025-05-06,R,641680,5,Top,41,strikeout,BOS,TEX,666969,543760,
778037,2025-05-06,R,694497,5,Top,40,strikeout,BOS,TEX,666969,543760,
778037,2025-05-06,R,666969,5,Top,39,single,BOS,TEX,543760,,
778037,2025-05-06,R,543760,5,Top,38,single,BOS,TEX,,,
778037,2025-05-06,R,592626,5,Top,37,strikeout,BOS,TEX,,,
778037,2025-05-06,R,608369,4,Top,32,strikeout,BOS,TEX,694671,669701,
778037,2025-05-06,R,694671,4,Top,31,single,BOS,TEX,669701,,641680
778037,2025-05-06,R,669701,4,Top,30,single,BOS,TEX,641680,,694497
778037,2025-05-06,R,673962,4,Top,29,field_out,BOS,TEX,641680,,694497
778037,2025-05-06,R,641680,4,Top,28,single,BOS,TEX,694497,543760,
778037,2025-05-06,R,694497,4,Top,27,single,BOS,TEX,543760,,
778037,2025-05-06,R,666969,4,Top,26,sac_fly,BOS,TEX,543760,,592626
778037,2025-05-06,R,543760,4,Top,25,single,BOS,TEX,,592626,
778037,2025-05-06,R,592626,4,Top,24,double,BOS,TEX,,608369,
778037,2025-05-06,R,608369,4,Top,23,double,BOS,TEX,,,
778037,2025-05-06,R,694671,3,Top,19,field_out,BOS,TEX,641680,,
778037,2025-05-06,R,669701,3,Top,18,field_out,BOS,TEX,641680,,
778037,2025-05-06,R,673962,3,Top,17,strikeout,BOS,TEX,641680,,
778037,2025-05-06,R,641680,3,Top,16,single,BOS,TEX,,,
778037,2025-05-06,R,694497,2,Top,12,double_play,BOS,TEX,666969,,
778037,2025-05-06,R,666969,2,Top,11,walk,BOS,TEX,,,
778037,2025-05-06,R,543760,2,Top,10,field_out,BOS,TEX,,,
778037,2025-05-06,R,543760,1,Top,5,truncated_pa,BOS,TEX,592626,,694671
778037,2025-05-06,R,592626,1,Top,4,single,BOS,TEX,694671,,
778037,2025-05-06,R,608369,1,Top,3,strikeout,BOS,TEX,694671,,
778037,2025-05-06,R,694671,1,Top,2,force_out,BOS,TEX,669701,,
778037,2025-05-06,R,669701,1,Top,1,single,BOS,TEX,,,
778052,2025-05-04,R,608369,8,Bot,70,field_out,TEX,SEA,,,
778052,2025-05-04,R,694671,8,Bot,69,sac_fly,TEX,SEA,,,669701
778052,2025-05-04,R,669701,8,Bot,68,triple,TEX,SEA,673962,,
778052,2025-05-04,R,688760,8,Bot,67,strikeout,TEX,SEA,673962,,
778052,2025-05-04,R,673962,8,Bot,66,walk,TEX,SEA,,,
778052,2025-05-04,R,666969,7,Bot,62,field_out,TEX,SEA,,,
778052,2025-05-04,R,641680,7,Bot,61,strikeout,TEX,SEA,,,
778052,2025-05-04,R,543760,7,Bot,60,field_out,TEX,SEA,,,
778052,2025-05-04,R,592626,6,Bot,56,field_out,TEX,SEA,694671,688760,
778052,2025-05-04,R,608369,6,Bot,55,field_out,TEX,SEA,694671,688760,
778052,2025-05-04,R,694671,6,Bot,54,walk,TEX,SEA,688760,,
778052,2025-05-04,R,669701,6,Bot,53,field_out,TEX,SEA,688760,,
778052,2025-05-04,R,688760,6,Bot,52,hit_by_pitch,TEX,SEA,,,
778052,2025-05-04,R,673962,5,Bot,47,field_out,TEX,SEA,641680,,
778052,2025-05-04,R,666969,5,Bot,46,strikeout,TEX,SEA,641680,,
778052,2025-05-04,R,641680,5,Bot,45,single,TEX,SEA,,,
778052,2025-05-04,R,543760,5,Bot,44,strikeout,TEX,SEA,,,
778052,2025-05-04,R,592626,4,Bot,40,strikeout,TEX,SEA,608369,,
778052,2025-05-04,R,608369,4,Bot,39,single,TEX,SEA,,,
778052,2025-05-04,R,694671,4,Bot,38,grounded_into_double_play,TEX,SEA,669701,,
778052,2025-05-04,R,669701,4,Bot,37,single,TEX,SEA,,,
778052,2025-05-04,R,688760,3,Bot,33,strikeout,TEX,SEA,673962,666969,
778052,2025-05-04,R,673962,3,Bot,32,single,TEX,SEA,666969,,641680
778052,2025-05-04,R,666969,3,Bot,31,single,TEX,SEA,641680,543760,608369
778052,2025-05-04,R,641680,3,Bot,30,walk,TEX,SEA,543760,608369,
778052,2025-05-04,R,543760,3,Bot,29,single,TEX,SEA,608369,,694671
778052,2025-05-04,R,592626,3,Bot,28,field_out,TEX,SEA,608369,,694671
778052,2025-05-04,R,608369,3,Bot,27,single,TEX,SEA,694671,669701,688760
778052,2025-05-04,R,694671,3,Bot,26,fielders_choice,TEX,SEA,669701,688760,
778052,2025-05-04,R,669701,3,Bot,25,single,TEX,SEA,688760,,
778052,2025-05-04,R,688760,3,Bot,24,walk,TEX,SEA,,,
778052,2025-05-04,R,673962,3,Bot,23,field_out,TEX,SEA,,,
778052,2025-05-04,R,666969,2,Bot,14,single,TEX,SEA,,,
778052,2025-05-04,R,641680,2,Bot,13,field_out,TEX,SEA,,,
778052,2025-05-04,R,543760,2,Bot,12,strikeout,TEX,SEA,,,
778052,2025-05-04,R,592626,1,Bot,8,field_out,TEX,SEA,,,669701
778052,2025-05-04,R,608369,1,Bot,7,field_out,TEX,SEA,,669701,
778052,2025-05-04,R,694671,1,Bot,6,field_out,TEX,SEA,669701,,
778052,2025-05-04,R,669701,1,Bot,5,single,TEX,SEA,,,
778070,2025-05-03,R,666969,9,Bot,71,strikeout,TEX,SEA,,543760,
778070,2025-05-03,R,641680,9,Bot,70,field_out,TEX,SEA,543760,,
778070,2025-05-03,R,543760,9,Bot,69,walk,TEX,SEA,,,
778070,2025-05-03,R,592626,9,Bot,68,field_out,TEX,SEA,,,
778070,2025-05-03,R,608369,8,Bot,62,field_out,TEX,SEA,694671,,
778070,2025-05-03,R,694671,8,Bot,61,walk,TEX,SEA,,,
778070,2025-05-03,R,669701,8,Bot,60,field_out,TEX,SEA,,,
778070,2025-05-03,R,607680,8,Bot,59,field_out,TEX,SEA,,,
778070,2025-05-03,R,673962,7,Bot,54,grounded_into_double_play,TEX,SEA,641680,,
778070,2025-05-03,R,666969,7,Bot,53,strikeout,TEX,SEA,641680,,
778070,2025-05-03,R,641680,7,Bot,52,single,TEX,SEA,,,
778070,2025-05-03,R,543760,6,Bot,47,field_out,TEX,SEA,,,
778070,2025-05-03,R,592626,6,Bot,46,field_out,TEX,SEA,,,
778070,2025-05-03,R,608369,6,Bot,45,field_out,TEX,SEA,,,
778070,2025-05-03,R,694671,5,Bot,39,strikeout,TEX,SEA,,687957,
778070,2025-05-03,R,669701,5,Bot,38,field_out,TEX,SEA,687957,,
778070,2025-05-03,R,687957,5,Bot,37,walk,TEX,SEA,,,
778070,2025-05-03,R,673962,5,Bot,36,field_out,TEX,SEA,,,
778070,2025-05-03,R,666969,4,Bot,32,field_out,TEX,SEA,641680,,
778070,2025-05-03,R,641680,4,Bot,31,single,TEX,SEA,,608369,
778070,2025-05-03,R,543760,4,Bot,30,field_out,TEX,SEA,,608369,
778070,2025-05-03,R,592626,4,Bot,29,field_out,TEX,SEA,608369,,
778070,2025-05-03,R,608369,4,Bot,28,single,TEX,SEA,,,
778070,2025-05-03,R,694671,3,Bot,24,force_out,TEX,SEA,669701,,673962
778070,2025-05-03,R,669701,3,Bot,23,force_out,TEX,SEA,687957,673962,
778070,2025-05-03,R,687957,3,Bot,22,walk,TEX,SEA,673962,,
778070,2025-05-03,R,673962,3,Bot,21,single,TEX,SEA,,,
778070,2025-05-03,R,666969,3,Bot,20,field_out,TEX,SEA,,,
778070,2025-05-03,R,641680,2,Bot,16,field_out,TEX,SEA,,,
778070,2025-05-03,R,543760,2,Bot,15,field_out,TEX,SEA,,,
778070,2025-05-03,R,592626,2,Bot,14,field_out,TEX,SEA,,,
778070,2025-05-03,R,608369,1,Bot,9,strikeout_double_play,TEX,SEA,694671,,
778070,2025-05-03,R,694671,1,Bot,8,single,TEX,SEA,,,
778070,2025-05-03,R,669701,1,Bot,7,field_out,TEX,SEA,,,
778083,2025-05-02,R,571466,9,Bot,78,strikeout,TEX,SEA,694671,,
778083,2025-05-02,R,694671,9,Bot,77,single,TEX,SEA,,,
778083,2025-05-02,R,669701,9,Bot,76,home_run,TEX,SEA,,,
778083,2025-05-02,R,665750,9,Bot,75,field_out,TEX,SEA,,,
778083,2025-05-02,R,688760,9,Bot,74,strikeout,TEX,SEA,,,
778083,2025-05-02,R,673962,8,Bot,66,field_out,TEX,SEA,,,
778083,2025-05-02,R,641680,8,Bot,65,field_out,TEX,SEA,,,
778083,2025-05-02,R,680716,8,Bot,64,field_out,TEX,SEA,,,
778083,2025-05-02,R,687957,7,Bot,59,field_out,TEX,SEA,,,
778083,2025-05-02,R,592626,7,Bot,58,field_out,TEX,SEA,,,
778083,2025-05-02,R,694671,7,Bot,57,strikeout,TEX,SEA,,,
778083,2025-05-02,R,669701,6,Bot,52,field_out,TEX,SEA,,,
778083,2025-05-02,R,665750,6,Bot,51,strikeout,TEX,SEA,,,
778083,2025-05-02,R,688760,6,Bot,50,field_out,TEX,SEA,,,
778083,2025-05-02,R,673962,5,Bot,44,strikeout,TEX,SEA,641680,,
778083,2025-05-02,R,641680,5,Bot,43,single,TEX,SEA,,,
778083,2025-05-02,R,543760,5,Bot,42,strikeout,TEX,SEA,,,
778083,2025-05-02,R,666969,5,Bot,41,strikeout,TEX,SEA,,,
778083,2025-05-02,R,592626,4,Bot,29,field_out,TEX,SEA,,,
778083,2025-05-02,R,694671,4,Bot,28,strikeout,TEX,SEA,,,
778083,2025-05-02,R,669701,4,Bot,27,field_out,TEX,SEA,,,
778083,2025-05-02,R,665750,3,Bot,21,strikeout,TEX,SEA,,,
778083,2025-05-02,R,688760,3,Bot,20,strikeout,TEX,SEA,,,
778083,2025-05-02,R,673962,3,Bot,19,field_out,TEX,SEA,,,
778083,2025-05-02,R,641680,2,Bot,15,field_out,TEX,SEA,,,
778083,2025-05-02,R,543760,2,Bot,14,field_out,TEX,SEA,,,
778083,2025-05-02,R,666969,2,Bot,13,field_out,TEX,SEA,,,
778083,2025-05-02,R,592626,1,Bot,8,field_out,TEX,SEA,,,
778083,2025-05-02,R,694671,1,Bot,7,field_out,TEX,SEA,,,
778083,2025-05-02,R,669701,1,Bot,6,field_out,TEX,SEA,,,
778096,2025-05-01,R,543760,9,Bot,72,strikeout,TEX,ATH,,,
778096,2025-05-01,R,641680,9,Bot,71,field_out,TEX,ATH,,,
778096,2025-05-01,R,673962,9,Bot,70,field_out,TEX,ATH,,,
778096,2025-05-01,R,694671,8,Bot,65,field_out,TEX,ATH,,,
778096,2025-05-01,R,665750,8,Bot,64,strikeout,TEX,ATH,,,
778096,2025-05-01,R,571466,8,Bot,63,field_out,TEX,ATH,,,
778096,2025-05-01,R,669701,7,Bot,56,strikeout,TEX,ATH,669394,543760,
778096,2025-05-01,R,669394,7,Bot,55,single,TEX,ATH,543760,,
778096,2025-05-01,R,666969,7,Bot,54,field_out,TEX,ATH,543760,,
778096,2025-05-01,R,543760,7,Bot,53,walk,TEX,ATH,,,
778096,2025-05-01,R,641680,7,Bot,52,field_out,TEX,ATH,,,
778096,2025-05-01,R,673962,6,Bot,45,field_out,TEX,ATH,,,
778096,2025-05-01,R,694671,6,Bot,44,field_out,TEX,ATH,,,
778096,2025-05-01,R,607680,6,Bot,43,field_out,TEX,ATH,,,
778096,2025-05-01,R,571466,5,Bot,37,strikeout,TEX,ATH,,605113,543760
778096,2025-05-01,R,605113,5,Bot,36,field_error,TEX,ATH,,543760,
778096,2025-05-01,R,669394,5,Bot,35,field_out,TEX,ATH,,543760,
778096,2025-05-01,R,666969,5,Bot,34,field_out,TEX,ATH,543760,,
778096,2025-05-01,R,543760,5,Bot,33,single,TEX,ATH,,,
778096,2025-05-01,R,641680,4,Bot,29,field_out,TEX,ATH,694671,,
778096,2025-05-01,R,673962,4,Bot,28,field_out,TEX,ATH,694671,,
778096,2025-05-01,R,694671,4,Bot,27,single,TEX,ATH,,,
778096,2025-05-01,R,607680,4,Bot,26,field_out,TEX,ATH,,,
778096,2025-05-01,R,571466,3,Bot,22,field_out,TEX,ATH,,,
778096,2025-05-01,R,605113,3,Bot,21,field_out,TEX,ATH,,,
778096,2025-05-01,R,669394,3,Bot,20,field_out,TEX,ATH,,,
778096,2025-05-01,R,666969,2,Bot,16,double_play,TEX,ATH,543760,,
778096,2025-05-01,R,543760,2,Bot,15,walk,TEX,ATH,,,
778096,2025-05-01,R,641680,2,Bot,14,field_out,TEX,ATH,,,
778096,2025-05-01,R,673962,1,Bot,9,field_out,TEX,ATH,,,
778096,2025-05-01,R,694671,1,Bot,8,field_out,TEX,ATH,,,
778096,2025-05-01,R,607680,1,Bot,7,field_out,TEX,ATH,,,
778106,2025-04-30,R,669394,9,Bot,77,strikeout,TEX,ATH,,,
778106,2025-04-30,R,669701,9,Bot,76,field_out,TEX,ATH,,,
778106,2025-04-30,R,694671,9,Bot,75,field_out,TEX,ATH,,,
778106,2025-04-30,R,665750,8,Bot,65,strikeout,TEX,ATH,673962,543760,
778106,2025-04-30,R,641680,8,Bot,64,field_out,TEX,ATH,673962,543760,
778106,2025-04-30,R,666969,8,Bot,63,field_out,TEX,ATH,673962,543760,
778106,2025-04-30,R,673962,8,Bot,62,single,TEX,ATH,543760,,
778106,2025-04-30,R,543760,8,Bot,61,walk,TEX,ATH,,,
778106,2025-04-30,R,592626,7,Bot,57,field_out,TEX,ATH,,,
778106,2025-04-30,R,669394,7,Bot,56,strikeout,TEX,ATH,,,
778106,2025-04-30,R,669701,7,Bot,55,field_out,TEX,ATH,,,
778106,2025-04-30,R,694671,6,Bot,51,strikeout,TEX,ATH,641680,673962,543760
778106,2025-04-30,R,665750,6,Bot,50,field_out,TEX,ATH,641680,673962,543760
778106,2025-04-30,R,641680,6,Bot,49,walk,TEX,ATH,673962,543760,
778106,2025-04-30,R,666969,6,Bot,48,strikeout,TEX,ATH,673962,543760,
778106,2025-04-30,R,673962,6,Bot,47,single,TEX,ATH,543760,,
778106,2025-04-30,R,543760,6,Bot,46,single,TEX,ATH,,,
778106,2025-04-30,R,592626,5,Bot,40,field_out,TEX,ATH,669701,665750,
778106,2025-04-30,R,669394,5,Bot,39,strikeout,TEX,ATH,669701,665750,
778106,2025-04-30,R,669701,5,Bot,38,single,TEX,ATH,665750,,
778106,2025-04-30,R,694671,5,Bot,37,field_out,TEX,ATH,665750,,
778106,2025-04-30,R,665750,5,Bot,36,single,TEX,ATH,,,
778106,2025-04-30,R,641680,4,Bot,32,field_out,TEX,ATH,666969,,
778106,2025-04-30,R,666969,4,Bot,31,single,TEX,ATH,,543760,
778106,2025-04-30,R,673962,4,Bot,30,field_out,TEX,ATH,543760,,
778106,2025-04-30,R,543760,4,Bot,29,force_out,TEX,ATH,592626,,
778106,2025-04-30,R,592626,4,Bot,28,single,TEX,ATH,,,
778106,2025-04-30,R,669394,3,Bot,24,strikeout,TEX,ATH,669701,641680,666969
778106,2025-04-30,R,669701,3,Bot,23,walk,TEX,ATH,,641680,666969
778106,2025-04-30,R,694671,3,Bot,22,strikeout,TEX,ATH,,641680,666969
778106,2025-04-30,R,665750,3,Bot,21,sac_bunt,TEX,ATH,641680,666969,
778106,2025-04-30,R,641680,3,Bot,20,single,TEX,ATH,666969,,
778106,2025-04-30,R,666969,3,Bot,19,single,TEX,ATH,,,
778106,2025-04-30,R,673962,2,Bot,13,field_out,TEX,ATH,,,
778106,2025-04-30,R,543760,2,Bot,12,strikeout,TEX,ATH,,,
778106,2025-04-30,R,592626,2,Bot,11,field_out,TEX,ATH,,,
778106,2025-04-30,R,669394,1,Bot,6,field_out,TEX,ATH,,,
778106,2025-04-30,R,669701,1,Bot,5,field_out,TEX,ATH,,,
778106,2025-04-30,R,694671,1,Bot,4,field_out,TEX,ATH,,,
778122,2025-04-29,R,641680,8,Bot,80,field_out,TEX,ATH,,543309,
778122,2025-04-29,R,543309,8,Bot,79,double,TEX,ATH,605113,669394,666969
778122,2025-04-29,R,605113,8,Bot,78,walk,TEX,ATH,,669394,666969
778122,2025-04-29,R,687957,8,Bot,77,strikeout,TEX,ATH,,669394,666969
778122,2025-04-29,R,665750,8,Bot,76,field_out,TEX,ATH,,669394,666969
778122,2025-04-29,R,669394,8,Bot,75,double,TEX,ATH,666969,,
778122,2025-04-29,R,666969,8,Bot,74,single,TEX,ATH,,,
778122,2025-04-29,R,673962,7,Bot,68,strikeout,TEX,ATH,,,
778122,2025-04-29,R,543760,7,Bot,67,field_out,TEX,ATH,,,
778122,2025-04-29,R,641680,7,Bot,66,field_out,TEX,ATH,,,
778122,2025-04-29,R,543309,6,Bot,59,grounded_into_double_play,TEX,ATH,669701,,
778122,2025-04-29,R,669701,6,Bot,58,single,TEX,ATH,,694671,
778122,2025-04-29,R,694671,6,Bot,57,double,TEX,ATH,665750,669394,666969
778122,2025-04-29,R,665750,6,Bot,56,walk,TEX,ATH,669394,666969,
778122,2025-04-29,R,669394,6,Bot,55,walk,TEX,ATH,,666969,
778122,2025-04-29,R,666969,6,Bot,54,double,TEX,ATH,673962,543760,641680
778122,2025-04-29,R,673962,6,Bot,53,walk,TEX,ATH,543760,,641680
778122,2025-04-29,R,543760,6,Bot,52,single,TEX,ATH,,641680,669701
778122,2025-04-29,R,641680,6,Bot,51,single,TEX,ATH,669701,,
778122,2025-04-29,R,543309,6,Bot,50,field_out,TEX,ATH,669701,,
778122,2025-04-29,R,669701,6,Bot,49,single,TEX,ATH,,,
778122,2025-04-29,R,694671,5,Bot,45,grounded_into_double_play,TEX,ATH,665750,,
778122,2025-04-29,R,665750,5,Bot,44,single,TEX,ATH,,,
778122,2025-04-29,R,669394,5,Bot,43,field_out,TEX,ATH,,,
778122,2025-04-29,R,666969,4,Bot,38,strikeout,TEX,ATH,,673962,543760
778122,2025-04-29,R,673962,4,Bot,37,single,TEX,ATH,543760,641680,
778122,2025-04-29,R,543760,4,Bot,36,single,TEX,ATH,641680,,
778122,2025-04-29,R,641680,4,Bot,35,walk,TEX,ATH,,,
778122,2025-04-29,R,543309,4,Bot,34,field_out,TEX,ATH,,,
778122,2025-04-29,R,669701,4,Bot,33,strikeout,TEX,ATH,,,
778122,2025-04-29,R,694671,3,Bot,29,field_out,TEX,ATH,665750,669394,
778122,2025-04-29,R,665750,3,Bot,28,single,TEX,ATH,669394,,543760
778122,2025-04-29,R,669394,3,Bot,27,single,TEX,ATH,543760,641680,
778122,2025-04-29,R,666969,3,Bot,26,strikeout,TEX,ATH,543760,641680,
778122,2025-04-29,R,673962,3,Bot,25,strikeout,TEX,ATH,543760,641680,
778122,2025-04-29,R,543760,3,Bot,24,single,TEX,ATH,641680,,
778122,2025-04-29,R,641680,3,Bot,23,single,TEX,ATH,,,
778122,2025-04-29,R,543309,2,Bot,19,field_out,TEX,ATH,,669701,665750
778122,2025-04-29,R,669701,2,Bot,18,single,TEX,ATH,665750,669394,
778122,2025-04-29,R,694671,2,Bot,17,field_out,TEX,ATH,665750,669394,
778122,2025-04-29,R,665750,2,Bot,16,single,TEX,ATH,669394,666969,
778122,2025-04-29,R,669394,2,Bot,15,hit_by_pitch,TEX,ATH,666969,,
778122,2025-04-29,R,666969,2,Bot,14,walk,TEX,ATH,,,
778122,2025-04-29,R,673962,1,Bot,9,strikeout,TEX,ATH,543760,669701,694671
778122,2025-04-29,R,543760,1,Bot,8,walk,TEX,ATH,,669701,694671
778122,2025-04-29,R,641680,1,Bot,7,field_out,TEX,ATH,669701,694671,
778122,2025-04-29,R,543309,1,Bot,6,strikeout,TEX,ATH,669701,694671,
778122,2025-04-29,R,669701,1,Bot,5,walk,TEX,ATH,694671,,
778122,2025-04-29,R,694671,1,Bot,4,walk,TEX,ATH,,,
778143,2025-04-28,R,687957,9,Bot,72,field_out,TEX,ATH,,543760,
778143,2025-04-28,R,666969,9,Bot,71,strikeout,TEX,ATH,,543760,
778143,2025-04-28,R,673962,9,Bot,70,field_out,TEX,ATH,543760,,
778143,2025-04-28,R,543760,9,Bot,69,walk,TEX,ATH,,,
778143,2025-04-28,R,641680,8,Bot,63,field_out,TEX,ATH,,,
778143,2025-04-28,R,694671,8,Bot,62,field_out,TEX,ATH,,,
778143,2025-04-28,R,592626,8,Bot,61,field_out,TEX,ATH,,,
778143,2025-04-28,R,607680,7,Bot,57,field_out,TEX,ATH,,,
778143,2025-04-28,R,669701,7,Bot,56,field_out,TEX,ATH,,,
778143,2025-04-28,R,669394,7,Bot,55,field_out,TEX,ATH,,,
778143,2025-04-28,R,666969,6,Bot,50,field_out,TEX,ATH,673962,543760,641680
778143,2025-04-28,R,673962,6,Bot,49,walk,TEX,ATH,,543760,641680
778143,2025-04-28,R,543760,6,Bot,48,single,TEX,ATH,641680,,
778143,2025-04-28,R,641680,6,Bot,47,single,TEX,ATH,,543309,
778143,2025-04-28,R,694671,6,Bot,46,field_out,TEX,ATH,,543309,
778143,2025-04-28,R,543309,6,Bot,45,double,TEX,ATH,,,
778143,2025-04-28,R,607680,6,Bot,44,strikeout,TEX,ATH,,,
778143,2025-04-28,R,669701,5,Bot,40,strikeout,TEX,ATH,669394,,
778143,2025-04-28,R,669394,5,Bot,39,single,TEX,ATH,,,
778143,2025-04-28,R,666969,5,Bot,38,field_out,TEX,ATH,,,
778143,2025-04-28,R,673962,5,Bot,37,strikeout,TEX,ATH,,,
778143,2025-04-28,R,543760,4,Bot,30,field_out,TEX,ATH,,,
778143,2025-04-28,R,641680,4,Bot,29,field_out,TEX,ATH,,,
778143,2025-04-28,R,694671,4,Bot,28,strikeout,TEX,ATH,,,
778143,2025-04-28,R,543309,3,Bot,23,field_out,TEX,ATH,,,
778143,2025-04-28,R,607680,3,Bot,22,field_out,TEX,ATH,,,
778143,2025-04-28,R,669701,3,Bot,21,strikeout,TEX,ATH,,,
778143,2025-04-28,R,669394,2,Bot,16,field_out,TEX,ATH,673962,641680,
778143,2025-04-28,R,666969,2,Bot,15,field_out,TEX,ATH,673962,641680,
778143,2025-04-28,R,673962,2,Bot,14,single,TEX,ATH,641680,,
778143,2025-04-28,R,543760,2,Bot,13,strikeout,TEX,ATH,641680,,
778143,2025-04-28,R,641680,2,Bot,12,single,TEX,ATH,,,
778143,2025-04-28,R,694671,1,Bot,7,field_out,TEX,ATH,,,
778143,2025-04-28,R,543309,1,Bot,6,strikeout,TEX,ATH,,,
778143,2025-04-28,R,607680,1,Bot,5,field_out,TEX,ATH,,,
778151,2025-04-27,R,687957,9,Top,67,field_out,SF,TEX,,,
778151,2025-04-27,R,641680,9,Top,66,strikeout,SF,TEX,,,
778151,2025-04-27,R,605113,9,Top,65,strikeout,SF,TEX,,,
778151,2025-04-27,R,543760,8,Top,61,strikeout,SF,TEX,666969,,
778151,2025-04-27,R,666969,8,Top,60,single,SF,TEX,,,
778151,2025-04-27,R,592626,8,Top,59,strikeout,SF,TEX,,,
778151,2025-04-27,R,669394,8,Top,58,strikeout,SF,TEX,,,
778151,2025-04-27,R,669701,7,Top,53,field_out,SF,TEX,,665750,
778151,2025-04-27,R,665750,7,Top,52,double,SF,TEX,,,
778151,2025-04-27,R,687957,7,Top,51,field_out,SF,TEX,,,
778151,2025-04-27,R,641680,7,Top,50,strikeout,SF,TEX,,,
778151,2025-04-27,R,605113,6,Top,46,field_out,SF,TEX,,,592626
778151,2025-04-27,R,543760,6,Top,45,field_out,SF,TEX,,,592626
778151,2025-04-27,R,666969,6,Top,44,strikeout,SF,TEX,,,592626
778151,2025-04-27,R,592626,6,Top,43,triple,SF,TEX,,,
778151,2025-04-27,R,669394,5,Top,39,strikeout,SF,TEX,,,665750
778151,2025-04-27,R,669701,5,Top,38,field_out,SF,TEX,,665750,
778151,2025-04-27,R,665750,5,Top,37,double,SF,TEX,,,
778151,2025-04-27,R,687957,5,Top,36,field_out,SF,TEX,,,
778151,2025-04-27,R,641680,4,Top,30,single,SF,TEX,,,
778151,2025-04-27,R,673962,4,Top,29,field_out,SF,TEX,,,
778151,2025-04-27,R,543760,4,Top,28,field_out,SF,TEX,,,
778151,2025-04-27,R,666969,3,Top,23,field_out,SF,TEX,,,
778151,2025-04-27,R,592626,3,Top,22,strikeout,SF,TEX,,,
778151,2025-04-27,R,669394,3,Top,21,field_out,SF,TEX,,,
778151,2025-04-27,R,669701,2,Top,17,double_play,SF,TEX,665750,,
778151,2025-04-27,R,665750,2,Top,16,force_out,SF,TEX,687957,,
778151,2025-04-27,R,687957,2,Top,15,single,SF,TEX,,,
778151,2025-04-27,R,641680,1,Top,7,force_out,SF,TEX,673962,543760,
778151,2025-04-27,R,673962,1,Top,6,single,SF,TEX,543760,,
778151,2025-04-27,R,543760,1,Top,5,single,SF,TEX,,592626,669394
778151,2025-04-27,R,666969,1,Top,4,strikeout,SF,TEX,,592626,669394
778151,2025-04-27,R,592626,1,Top,3,double,SF,TEX,,669394,
778151,2025-04-27,R,669394,1,Top,2,double,SF,TEX,,,
778151,2025-04-27,R,669701,1,Top,1,field_out,SF,TEX,,,
778159,2025-04-26,R,592626,9,Top,69,strikeout,SF,TEX,641680,543760,
778159,2025-04-26,R,669701,9,Top,68,strikeout,SF,TEX,641680,543760,
778159,2025-04-26,R,543309,9,Top,67,field_out,SF,TEX,641680,543760,
778159,2025-04-26,R,641680,9,Top,66,single,SF,TEX,543760,,
778159,2025-04-26,R,543760,9,Top,65,single,SF,TEX,,,
778159,2025-04-26,R,669394,8,Top,60,field_out,SF,TEX,673962,,
778159,2025-04-26,R,673962,8,Top,59,single,SF,TEX,,,
778159,2025-04-26,R,694671,8,Top,58,field_out,SF,TEX,,,
778159,2025-04-26,R,607680,8,Top,57,field_out,SF,TEX,,,
778159,2025-04-26,R,605113,7,Top,53,field_out,SF,TEX,669701,,
778159,2025-04-26,R,669701,7,Top,52,single,SF,TEX,,,
778159,2025-04-26,R,543309,7,Top,51,field_out,SF,TEX,,,
778159,2025-04-26,R,641680,7,Top,50,strikeout,SF,TEX,,,
778159,2025-04-26,R,543760,6,Top,45,strikeout,SF,TEX,,,
778159,2025-04-26,R,669394,6,Top,44,strikeout,SF,TEX,,,
778159,2025-04-26,R,673962,6,Top,43,field_out,SF,TEX,,,
778159,2025-04-26,R,694671,5,Top,36,strikeout,SF,TEX,,,
778159,2025-04-26,R,607680,5,Top,35,field_out,SF,TEX,,,
778159,2025-04-26,R,605113,5,Top,34,strikeout,SF,TEX,,,
778159,2025-04-26,R,669701,4,Top,30,field_out,SF,TEX,,,
778159,2025-04-26,R,543309,4,Top,29,field_out,SF,TEX,,,
778159,2025-04-26,R,641680,4,Top,28,strikeout,SF,TEX,,,
778159,2025-04-26,R,543760,3,Top,23,strikeout,SF,TEX,,673962,
778159,2025-04-26,R,669394,3,Top,22,sac_fly,SF,TEX,,673962,607680
778159,2025-04-26,R,673962,3,Top,21,walk,SF,TEX,,607680,
778159,2025-04-26,R,694671,3,Top,20,strikeout,SF,TEX,607680,,
778159,2025-04-26,R,607680,3,Top,19,single,SF,TEX,,,
778159,2025-04-26,R,605113,2,Top,13,field_out,SF,TEX,,543309,
778159,2025-04-26,R,669701,2,Top,12,sac_bunt,SF,TEX,543309,,
778159,2025-04-26,R,543309,2,Top,11,single,SF,TEX,,,
778159,2025-04-26,R,641680,2,Top,10,field_out,SF,TEX,,,
778159,2025-04-26,R,543760,1,Top,5,field_out,SF,TEX,673962,,
778159,2025-04-26,R,669394,1,Top,4,sac_fly,SF,TEX,673962,,694671
778159,2025-04-26,R,673962,1,Top,3,single,SF,TEX,,694671,
778159,2025-04-26,R,694671,1,Top,2,double,SF,TEX,,,
778159,2025-04-26,R,607680,1,Top,1,field_out,SF,TEX,,,
778171,2025-04-25,R,673962,9,Top,62,strikeout,SF,TEX,,,
778171,2025-04-25,R,543760,9,Top,61,field_out,SF,TEX,,,
778171,2025-04-25,R,666969,9,Top,60,strikeout,SF,TEX,,,
778171,2025-04-25,R,592626,8,Top,56,strikeout,SF,TEX,694671,,
778171,2025-04-25,R,694671,8,Top,55,single,SF,TEX,,,
778171,2025-04-25,R,669701,8,Top,54,field_out,SF,TEX,,,
778171,2025-04-25,R,543309,8,Top,53,strikeout,SF,TEX,,,
778171,2025-04-25,R,669394,7,Top,48,strikeout_double_play,SF,TEX,673962,,
778171,2025-04-25,R,687957,7,Top,47,field_out,SF,TEX,673962,,
778171,2025-04-25,R,673962,7,Top,46,single,SF,TEX,,,
778171,2025-04-25,R,543760,6,Top,42,grounded_into_double_play,SF,TEX,592626,,694671
778171,2025-04-25,R,666969,6,Top,41,strikeout,SF,TEX,592626,,694671
778171,2025-04-25,R,592626,6,Top,40,single,SF,TEX,,694671,669701
778171,2025-04-25,R,694671,6,Top,39,double,SF,TEX,669701,,
778171,2025-04-25,R,669701,6,Top,38,field_error,SF,TEX,,,
778171,2025-04-25,R,543309,5,Top,33,field_out,SF,TEX,,,
778171,2025-04-25,R,669394,5,Top,32,strikeout,SF,TEX,,,
778171,2025-04-25,R,687957,5,Top,31,field_out,SF,TEX,,,
778171,2025-04-25,R,673962,4,Top,27,field_out,SF,TEX,,,
778171,2025-04-25,R,543760,4,Top,26,field_out,SF,TEX,,,
778171,2025-04-25,R,666969,4,Top,25,field_out,SF,TEX,,,
778171,2025-04-25,R,592626,3,Top,20,field_out,SF,TEX,,694671,
778171,2025-04-25,R,694671,3,Top,19,double,SF,TEX,,,669394
778171,2025-04-25,R,669701,3,Top,18,field_out,SF,TEX,,669394,
778171,2025-04-25,R,543309,3,Top,17,field_out,SF,TEX,,669394,
778171,2025-04-25,R,669394,3,Top,16,double,SF,TEX,,,
778171,2025-04-25,R,687957,2,Top,11,strikeout,SF,TEX,,,
778171,2025-04-25,R,673962,2,Top,10,field_out,SF,TEX,,,
778171,2025-04-25,R,543760,2,Top,9,strikeout,SF,TEX,,,
778171,2025-04-25,R,666969,1,Top,4,field_out,SF,TEX,592626,,
778171,2025-04-25,R,592626,1,Top,3,walk,SF,TEX,,,
778171,2025-04-25,R,694671,1,Top,2,field_out,SF,TEX,,,
778171,2025-04-25,R,669701,1,Top,1,strikeout,SF,TEX,,,
778192,2025-04-24,R,694671,9,Top,71,field_out,ATH,TEX,,,
778192,2025-04-24,R,669701,9,Top,70,field_out,ATH,TEX,,,
778192,2025-04-24,R,665750,9,Top,69,field_out,ATH,TEX,,,
778192,2025-04-24,R,669394,8,Top,64,field_out,ATH,TEX,,,
778192,2025-04-24,R,641680,8,Top,63,field_out,ATH,TEX,,,
778192,2025-04-24,R,673962,8,Top,62,field_out,ATH,TEX,,,
778192,2025-04-24,R,543760,7,Top,57,field_out,ATH,TEX,666969,,
778192,2025-04-24,R,666969,7,Top,56,single,ATH,TEX,,,
778192,2025-04-24,R,592626,7,Top,55,field_out,ATH,TEX,,,
778192,2025-04-24,R,694671,7,Top,54,field_out,ATH,TEX,,,
778192,2025-04-24,R,669701,6,Top,48,field_out,ATH,TEX,,,
778192,2025-04-24,R,665750,6,Top,47,strikeout,ATH,TEX,,,
778192,2025-04-24,R,669394,6,Top,46,strikeout,ATH,TEX,,,
778192,2025-04-24,R,641680,5,Top,41,strikeout,ATH,TEX,,,
778192,2025-04-24,R,673962,5,Top,40,field_out,ATH,TEX,,,
778192,2025-04-24,R,543760,5,Top,39,strikeout,ATH,TEX,,,
778192,2025-04-24,R,666969,4,Top,35,field_out,ATH,TEX,592626,694671,669701
778192,2025-04-24,R,592626,4,Top,34,walk,ATH,TEX,694671,669701,
778192,2025-04-24,R,694671,4,Top,33,single,ATH,TEX,669701,,
778192,2025-04-24,R,669701,4,Top,32,walk,ATH,TEX,,,
778192,2025-04-24,R,665750,4,Top,31,home_run,ATH,TEX,,,
778192,2025-04-24,R,669394,4,Top,30,field_out,ATH,TEX,,,
778192,2025-04-24,R,641680,4,Top,29,home_run,ATH,TEX,,,
778192,2025-04-24,R,673962,4,Top,28,home_run,ATH,TEX,,,
778192,2025-04-24,R,543760,4,Top,27,field_out,ATH,TEX,,,
778192,2025-04-24,R,666969,3,Top,20,field_out,ATH,TEX,694671,,
778192,2025-04-24,R,592626,3,Top,19,field_out,ATH,TEX,694671,,
778192,2025-04-24,R,694671,3,Top,18,single,ATH,TEX,,,
778192,2025-04-24,R,669701,3,Top,17,field_out,ATH,TEX,,,
778192,2025-04-24,R,665750,2,Top,12,strikeout,ATH,TEX,,,
778192,2025-04-24,R,669394,2,Top,11,field_out,ATH,TEX,,,
778192,2025-04-24,R,641680,2,Top,10,field_out,ATH,TEX,,,
778192,2025-04-24,R,673962,1,Top,6,field_out,ATH,TEX,543760,592626,694671
778192,2025-04-24,R,543760,1,Top,5,walk,ATH,TEX,592626,694671,
778192,2025-04-24,R,666969,1,Top,4,strikeout,ATH,TEX,592626,694671,
778192,2025-04-24,R,592626,1,Top,3,hit_by_pitch,ATH,TEX,,694671,
778192,2025-04-24,R,694671,1,Top,2,single,ATH,TEX,,,
778192,2025-04-24,R,669701,1,Top,1,field_out,ATH,TEX,,,
778197,2025-04-23,R,641680,9,Top,72,strikeout,ATH,TEX,,592626,
778197,2025-04-23,R,592626,9,Top,71,double,ATH,TEX,,,
778197,2025-04-23,R,543760,9,Top,70,strikeout,ATH,TEX,,,
778197,2025-04-23,R,666969,9,Top,69,strikeout,ATH,TEX,,,
778197,2025-04-23,R,673962,8,Top,65,field_out,ATH,TEX,,,
778197,2025-04-23,R,694671,8,Top,64,strikeout,ATH,TEX,,,
778197,2025-04-23,R,687957,8,Top,63,strikeout,ATH,TEX,,,
778197,2025-04-23,R,669701,7,Top,58,field_out,ATH,TEX,543309,,
778197,2025-04-23,R,543309,7,Top,57,single,ATH,TEX,,,
778197,2025-04-23,R,641680,7,Top,56,strikeout,ATH,TEX,,,
778197,2025-04-23,R,669394,7,Top,55,field_out,ATH,TEX,,,
778197,2025-04-23,R,543760,6,Top,51,field_out,ATH,TEX,,694671,
778197,2025-04-23,R,666969,6,Top,50,field_out,ATH,TEX,694671,,607680
778197,2025-04-23,R,673962,6,Top,49,field_out,ATH,TEX,694671,607680,
778197,2025-04-23,R,694671,6,Top,48,walk,ATH,TEX,607680,,
778197,2025-04-23,R,607680,6,Top,47,single,ATH,TEX,,,
778197,2025-04-23,R,605113,5,Top,42,grounded_into_double_play,ATH,TEX,543309,,641680
778197,2025-04-23,R,543309,5,Top,41,single,ATH,TEX,,641680,
778197,2025-04-23,R,641680,5,Top,40,double,ATH,TEX,,,
778197,2025-04-23,R,669394,5,Top,39,strikeout,ATH,TEX,,,
778197,2025-04-23,R,543760,4,Top,34,strikeout,ATH,TEX,,673962,
778197,2025-04-23,R,666969,4,Top,33,field_out,ATH,TEX,,673962,
778197,2025-04-23,R,673962,4,Top,32,double,ATH,TEX,,,
778197,2025-04-23,R,694671,4,Top,31,home_run,ATH,TEX,,,
778197,2025-04-23,R,607680,4,Top,30,field_out,ATH,TEX,,,
778197,2025-04-23,R,605113,3,Top,26,strikeout,ATH,TEX,,,
778197,2025-04-23,R,543309,3,Top,25,strikeout,ATH,TEX,,,
778197,2025-04-23,R,641680,3,Top,24,field_out,ATH,TEX,,,
778197,2025-04-23,R,641680,2,Top,16,truncated_pa,ATH,TEX,669394,,
778197,2025-04-23,R,669394,2,Top,15,force_out,ATH,TEX,666969,,
778197,2025-04-23,R,543760,2,Top,14,field_out,ATH,TEX,666969,,
778197,2025-04-23,R,666969,2,Top,13,field_error,ATH,TEX,,,
778197,2025-04-23,R,673962,1,Top,3,field_out,ATH,TEX,,,
778197,2025-04-23,R,694671,1,Top,2,strikeout,ATH,TEX,,,
778197,2025-04-23,R,607680,1,Top,1,field_out,ATH,TEX,,,
778213,2025-04-22,R,673962,9,Top,82,field_out,ATH,TEX,,,
778213,2025-04-22,R,641680,9,Top,81,field_out,ATH,TEX,,,
778213,2025-04-22,R,543760,9,Top,80,field_out,ATH,TEX,,,
778213,2025-04-22,R,666969,8,Top,74,strikeout,ATH,TEX,,694671,
778213,2025-04-22,R,665750,8,Top,73,strikeout,ATH,TEX,694671,,
778213,2025-04-22,R,694671,8,Top,72,walk,ATH,TEX,,,
778213,2025-04-22,R,669701,8,Top,71,strikeout,ATH,TEX,,,
778213,2025-04-22,R,543309,7,Top,64,strikeout,ATH,TEX,669394,641680,543760
778213,2025-04-22,R,669394,7,Top,63,walk,ATH,TEX,641680,543760,
778213,2025-04-22,R,673962,7,Top,62,field_out,ATH,TEX,641680,543760,
778213,2025-04-22,R,641680,7,Top,61,walk,ATH,TEX,543760,,
778213,2025-04-22,R,543760,7,Top,60,single,ATH,TEX,,,
778213,2025-04-22,R,666969,7,Top,59,strikeout,ATH,TEX,,,
778213,2025-04-22,R,608369,6,Top,52,force_out,ATH,TEX,694671,,
778213,2025-04-22,R,694671,6,Top,51,single,ATH,TEX,,,
778213,2025-04-22,R,669701,6,Top,50,field_out,ATH,TEX,,,
778213,2025-04-22,R,543309,6,Top,49,field_out,ATH,TEX,,,
778213,2025-04-22,R,669394,6,Top,48,home_run,ATH,TEX,,,
778213,2025-04-22,R,673962,5,Top,42,field_out,ATH,TEX,,,
778213,2025-04-22,R,592626,5,Top,41,field_out,ATH,TEX,,,
778213,2025-04-22,R,543760,5,Top,40,home_run,ATH,TEX,666969,608369,
778213,2025-04-22,R,666969,5,Top,39,single,ATH,TEX,608369,,
778213,2025-04-22,R,608369,5,Top,38,single,ATH,TEX,,,
778213,2025-04-22,R,694671,5,Top,37,strikeout,ATH,TEX,,,
778213,2025-04-22,R,669701,5,Top,36,home_run,ATH,TEX,,,
778213,2025-04-22,R,543309,4,Top,30,field_out,ATH,TEX,,,
778213,2025-04-22,R,669394,4,Top,29,field_out,ATH,TEX,,,
778213,2025-04-22,R,673962,4,Top,28,field_out,ATH,TEX,,,
778213,2025-04-22,R,592626,3,Top,23,field_out,ATH,TEX,543760,,
778213,2025-04-22,R,543760,3,Top,22,walk,ATH,TEX,,,
778213,2025-04-22,R,666969,3,Top,21,field_out,ATH,TEX,,,
778213,2025-04-22,R,608369,3,Top,20,field_out,ATH,TEX,,,
778213,2025-04-22,R,694671,3,Top,19,home_run,ATH,TEX,,,
778213,2025-04-22,R,669701,2,Top,14,field_out,ATH,TEX,673962,,
778213,2025-04-22,R,543309,2,Top,13,field_out,ATH,TEX,673962,,
778213,2025-04-22,R,669394,2,Top,12,field_out,ATH,TEX,673962,,
778213,2025-04-22,R,673962,2,Top,11,walk,ATH,TEX,,,
778213,2025-04-22,R,592626,1,Top,6,strikeout,ATH,TEX,,666969,
778213,2025-04-22,R,543760,1,Top,5,sac_fly,ATH,TEX,,666969,608369
778213,2025-04-22,R,666969,1,Top,4,double,ATH,TEX,608369,,669701
778213,2025-04-22,R,608369,1,Top,3,force_out,ATH,TEX,694671,669701,
778213,2025-04-22,R,694671,1,Top,2,single,ATH,TEX,669701,,
778213,2025-04-22,R,669701,1,Top,1,walk,ATH,TEX,,,
778234,2025-04-20,R,669394,9,Bot,69,truncated_pa,TEX,LAD,694671,,
778234,2025-04-20,R,673962,9,Bot,68,field_out,TEX,LAD,694671,,
778234,2025-04-20,R,607680,9,Bot,67,field_out,TEX,LAD,694671,,
778234,2025-04-20,R,694671,9,Bot,66,single,TEX,LAD,,,
778234,2025-04-20,R,666969,8,Bot,62,strikeout,TEX,LAD,,543760,
778234,2025-04-20,R,669701,8,Bot,61,strikeout,TEX,LAD,,543760,
778234,2025-04-20,R,608369,8,Bot,60,field_out,TEX,LAD,543760,,
778234,2025-04-20,R,543760,8,Bot,59,walk,TEX,LAD,,,
778234,2025-04-20,R,641680,7,Bot,53,field_out,TEX,LAD,,,
778234,2025-04-20,R,669394,7,Bot,52,strikeout,TEX,LAD,,,
778234,2025-04-20,R,673962,7,Bot,51,field_out,TEX,LAD,,,
778234,2025-04-20,R,687957,6,Bot,46,field_out,TEX,LAD,,669701,
778234,2025-04-20,R,694671,6,Bot,45,field_out,TEX,LAD,669701,,
778234,2025-04-20,R,666969,6,Bot,44,strikeout,TEX,LAD,669701,,
778234,2025-04-20,R,669701,6,Bot,43,single,TEX,LAD,,,
778234,2025-04-20,R,608369,5,Bot,39,field_out,TEX,LAD,641680,,
778234,2025-04-20,R,543760,5,Bot,38,field_out,TEX,LAD,641680,,
778234,2025-04-20,R,641680,5,Bot,37,walk,TEX,LAD,,,
778234,2025-04-20,R,669394,5,Bot,36,strikeout,TEX,LAD,,,
778234,2025-04-20,R,673962,4,Bot,32,strikeout,TEX,LAD,,,
778234,2025-04-20,R,687957,4,Bot,31,strikeout,TEX,LAD,,,
778234,2025-04-20,R,694671,4,Bot,30,strikeout,TEX,LAD,,,
778234,2025-04-20,R,666969,3,Bot,25,field_out,TEX,LAD,669701,641680,
778234,2025-04-20,R,669701,3,Bot,24,single,TEX,LAD,641680,,
778234,2025-04-20,R,608369,3,Bot,23,field_out,TEX,LAD,641680,,
778234,2025-04-20,R,543760,3,Bot,22,strikeout,TEX,LAD,641680,,
778234,2025-04-20,R,641680,3,Bot,21,single,TEX,LAD,,,
778234,2025-04-20,R,669394,2,Bot,15,field_out,TEX,LAD,,694671,
778234,2025-04-20,R,673962,2,Bot,14,strikeout,TEX,LAD,694671,,
778234,2025-04-20,R,687957,2,Bot,13,strikeout,TEX,LAD,694671,,
778234,2025-04-20,R,694671,2,Bot,12,walk,TEX,LAD,,,
778234,2025-04-20,R,666969,1,Bot,8,field_out,TEX,LAD,669701,,
778234,2025-04-20,R,669701,1,Bot,7,single,TEX,LAD,,,
778234,2025-04-20,R,608369,1,Bot,6,field_out,TEX,LAD,,,
778234,2025-04-20,R,543760,1,Bot,5,field_out,TEX,LAD,,,
778251,2025-04-19,R,666969,9,Bot,64,home_run,TEX,LAD,,669701,
778251,2025-04-19,R,669701,9,Bot,63,double,TEX,LAD,,,
778251,2025-04-19,R,608369,8,Bot,59,strikeout,TEX,LAD,543760,,
778251,2025-04-19,R,543760,8,Bot,58,single,TEX,LAD,,,
778251,2025-04-19,R,665750,8,Bot,57,strikeout,TEX,LAD,,,
778251,2025-04-19,R,543309,8,Bot,56,strikeout,TEX,LAD,,,
778251,2025-04-19,R,687957,7,Bot,52,field_out,TEX,LAD,,,
778251,2025-04-19,R,673962,7,Bot,51,field_out,TEX,LAD,,,
778251,2025-04-19,R,669394,7,Bot,50,field_out,TEX,LAD,,,
778251,2025-04-19,R,666969,6,Bot,45,grounded_into_double_play,TEX,LAD,669701,,
778251,2025-04-19,R,669701,6,Bot,44,walk,TEX,LAD,,,
778251,2025-04-19,R,608369,6,Bot,43,field_out,TEX,LAD,,,
778251,2025-04-19,R,543760,5,Bot,39,field_out,TEX,LAD,543309,,
778251,2025-04-19,R,665750,5,Bot,38,field_out,TEX,LAD,543309,,
778251,2025-04-19,R,543309,5,Bot,37,single,TEX,LAD,,,
778251,2025-04-19,R,687957,5,Bot,36,strikeout,TEX,LAD,,,
778251,2025-04-19,R,673962,4,Bot,32,field_out,TEX,LAD,,,
778251,2025-04-19,R,592626,4,Bot,31,field_out,TEX,LAD,,,
778251,2025-04-19,R,666969,4,Bot,30,strikeout,TEX,LAD,,,
778251,2025-04-19,R,669701,3,Bot,22,force_out,TEX,LAD,608369,,
778251,2025-04-19,R,608369,3,Bot,21,walk,TEX,LAD,,,
778251,2025-04-19,R,543760,3,Bot,20,field_out,TEX,LAD,,,
778251,2025-04-19,R,665750,3,Bot,19,field_out,TEX,LAD,,,
778251,2025-04-19,R,543309,3,Bot,18,home_run,TEX,LAD,687957,,
778251,2025-04-19,R,687957,3,Bot,17,walk,TEX,LAD,,,
778251,2025-04-19,R,673962,2,Bot,12,field_out,TEX,LAD,,,
778251,2025-04-19,R,592626,2,Bot,11,strikeout,TEX,LAD,,,
778251,2025-04-19,R,666969,2,Bot,10,field_out,TEX,LAD,,,
778251,2025-04-19,R,669701,1,Bot,6,strikeout,TEX,LAD,,,
778251,2025-04-19,R,608369,1,Bot,5,field_out,TEX,LAD,,,
778251,2025-04-19,R,543760,1,Bot,4,field_out,TEX,LAD,,,
778263,2025-04-18,R,673962,9,Bot,66,grounded_into_double_play,TEX,LAD,666969,607680,
778263,2025-04-18,R,666969,9,Bot,65,single,TEX,LAD,607680,,
778263,2025-04-18,R,607680,9,Bot,64,force_out,TEX,LAD,608369,,
778263,2025-04-18,R,608369,9,Bot,63,single,TEX,LAD,,,
778263,2025-04-18,R,543760,8,Bot,55,strikeout,TEX,LAD,,,
778263,2025-04-18,R,665750,8,Bot,54,field_out,TEX,LAD,,,
778263,2025-04-18,R,641680,8,Bot,53,strikeout,TEX,LAD,,,
778263,2025-04-18,R,669394,7,Bot,49,strikeout_double_play,TEX,LAD,687957,,
778263,2025-04-18,R,687957,7,Bot,48,single,TEX,LAD,,,
778263,2025-04-18,R,673962,7,Bot,47,strikeout,TEX,LAD,,,
778263,2025-04-18,R,666969,6,Bot,43,field_out,TEX,LAD,,,
778263,2025-04-18,R,592626,6,Bot,42,field_out,TEX,LAD,,,
778263,2025-04-18,R,608369,6,Bot,41,field_out,TEX,LAD,,,
778263,2025-04-18,R,543760,5,Bot,37,field_out,TEX,LAD,,,
778263,2025-04-18,R,665750,5,Bot,36,field_out,TEX,LAD,,,
778263,2025-04-18,R,641680,5,Bot,35,strikeout,TEX,LAD,,,
778263,2025-04-18,R,669394,4,Bot,31,strikeout,TEX,LAD,,687957,
778263,2025-04-18,R,687957,4,Bot,30,double,TEX,LAD,,,
778263,2025-04-18,R,673962,4,Bot,29,strikeout,TEX,LAD,,,
778263,2025-04-18,R,666969,4,Bot,28,field_out,TEX,LAD,,,
778263,2025-04-18,R,592626,3,Bot,24,field_out,TEX,LAD,,608369,543760
778263,2025-04-18,R,608369,3,Bot,23,double,TEX,LAD,543760,,
778263,2025-04-18,R,543760,3,Bot,22,single,TEX,LAD,,,
778263,2025-04-18,R,665750,3,Bot,21,field_out,TEX,LAD,,,
778263,2025-04-18,R,641680,3,Bot,20,field_out,TEX,LAD,,,
778263,2025-04-18,R,669394,2,Bot,15,strikeout,TEX,LAD,,673962,
778263,2025-04-18,R,687957,2,Bot,14,strikeout,TEX,LAD,,673962,
778263,2025-04-18,R,673962,2,Bot,13,double,TEX,LAD,,,
778263,2025-04-18,R,666969,2,Bot,12,strikeout,TEX,LAD,,,
778263,2025-04-18,R,592626,1,Bot,7,field_out,TEX,LAD,,,
778263,2025-04-18,R,608369,1,Bot,6,strikeout,TEX,LAD,,,
778263,2025-04-18,R,543760,1,Bot,5,strikeout,TEX,LAD,,,
778281,2025-04-17,R,543309,8,Bot,65,double_play,TEX,LAA,669394,,
778281,2025-04-17,R,669394,8,Bot,64,single,TEX,LAA,,,
778281,2025-04-17,R,687957,8,Bot,63,field_out,TEX,LAA,,,
778281,2025-04-17,R,673962,7,Bot,59,strikeout,TEX,LAA,,,
778281,2025-04-17,R,666969,7,Bot,58,strikeout,TEX,LAA,,,
778281,2025-04-17,R,592626,7,Bot,57,strikeout,TEX,LAA,,,
778281,2025-04-17,R,608369,7,Bot,56,home_run,TEX,LAA,,,
778281,2025-04-17,R,543760,6,Bot,52,field_out,TEX,LAA,665750,,
778281,2025-04-17,R,665750,6,Bot,51,force_out,TEX,LAA,543309,,
778281,2025-04-17,R,543309,6,Bot,50,single,TEX,LAA,,,
778281,2025-04-17,R,669394,6,Bot,49,strikeout,TEX,LAA,,,
778281,2025-04-17,R,687957,5,Bot,45,field_out,TEX,LAA,673962,,
778281,2025-04-17,R,673962,5,Bot,44,single,TEX,LAA,,,
778281,2025-04-17,R,666969,5,Bot,43,strikeout,TEX,LAA,,,
778281,2025-04-17,R,592626,5,Bot,42,field_out,TEX,LAA,,,
778281,2025-04-17,R,608369,4,Bot,34,field_out,TEX,LAA,,,
778281,2025-04-17,R,543760,4,Bot,33,field_out,TEX,LAA,,,
778281,2025-04-17,R,665750,4,Bot,32,field_out,TEX,LAA,,,
778281,2025-04-17,R,543309,3,Bot,28,field_out,TEX,LAA,687957,,
778281,2025-04-17,R,669394,3,Bot,27,field_out,TEX,LAA,687957,,
778281,2025-04-17,R,687957,3,Bot,26,single,TEX,LAA,,,
778281,2025-04-17,R,673962,3,Bot,25,field_out,TEX,LAA,,,
778281,2025-04-17,R,666969,3,Bot,24,home_run,TEX,LAA,,,
778281,2025-04-17,R,592626,2,Bot,20,field_out,TEX,LAA,608369,665750,
778281,2025-04-17,R,608369,2,Bot,19,intent_walk,TEX,LAA,,665750,
778281,2025-04-17,R,543760,2,Bot,18,field_out,TEX,LAA,,665750,
778281,2025-04-17,R,665750,2,Bot,17,double,TEX,LAA,543309,669394,687957
778281,2025-04-17,R,543309,2,Bot,16,single,TEX,LAA,669394,687957,
778281,2025-04-17,R,669394,2,Bot,15,hit_by_pitch,TEX,LAA,687957,,
778281,2025-04-17,R,687957,2,Bot,14,single,TEX,LAA,,,
778281,2025-04-17,R,673962,1,Bot,10,field_out,TEX,LAA,,608369,
778281,2025-04-17,R,666969,1,Bot,9,sac_fly,TEX,LAA,608369,,543760
778281,2025-04-17,R,592626,1,Bot,8,field_out,TEX,LAA,608369,,543760
778281,2025-04-17,R,608369,1,Bot,7,single,TEX,LAA,543760,,
778281,2025-04-17,R,543760,1,Bot,6,single,TEX,LAA,,,
778289,2025-04-16,R,665750,8,Bot,66,field_out,TEX,LAA,,,
778289,2025-04-16,R,641680,8,Bot,65,field_out,TEX,LAA,,,
778289,2025-04-16,R,669394,8,Bot,64,field_out,TEX,LAA,,,
778289,2025-04-16,R,687957,7,Bot,60,strikeout,TEX,LAA,,,666969
778289,2025-04-16,R,673962,7,Bot,59,strikeout,TEX,LAA,,,666969
778289,2025-04-16,R,666969,7,Bot,58,double,TEX,LAA,,,
778289,2025-04-16,R,607680,7,Bot,57,strikeout,TEX,LAA,,,
778289,2025-04-16,R,608369,6,Bot,51,field_out,TEX,LAA,543760,665750,
778289,2025-04-16,R,543760,6,Bot,50,single,TEX,LAA,665750,,
778289,2025-04-16,R,665750,6,Bot,49,force_out,TEX,LAA,641680,,
778289,2025-04-16,R,641680,6,Bot,48,force_out,TEX,LAA,669394,,
778289,2025-04-16,R,669394,6,Bot,47,single,TEX,LAA,,,
778289,2025-04-16,R,687957,5,Bot,40,field_out,TEX,LAA,673962,608369,
778289,2025-04-16,R,673962,5,Bot,39,field_error,TEX,LAA,608369,,
778289,2025-04-16,R,666969,5,Bot,38,field_out,TEX,LAA,608369,,
778289,2025-04-16,R,592626,5,Bot,37,field_out,TEX,LAA,608369,,
778289,2025-04-16,R,608369,5,Bot,36,single,TEX,LAA,,,
778289,2025-04-16,R,543760,4,Bot,32,field_out,TEX,LAA,665750,,
778289,2025-04-16,R,665750,4,Bot,31,single,TEX,LAA,,,
778289,2025-04-16,R,641680,4,Bot,30,grounded_into_double_play,TEX,LAA,669394,,
778289,2025-04-16,R,669394,4,Bot,29,single,TEX,LAA,,,
778289,2025-04-16,R,687957,3,Bot,25,strikeout,TEX,LAA,,,
778289,2025-04-16,R,673962,3,Bot,24,grounded_into_double_play,TEX,LAA,666969,,
778289,2025-04-16,R,666969,3,Bot,23,single,TEX,LAA,,,
778289,2025-04-16,R,592626,2,Bot,19,strikeout,TEX,LAA,608369,,543760
778289,2025-04-16,R,608369,2,Bot,18,single,TEX,LAA,543760,665750,669394
778289,2025-04-16,R,543760,2,Bot,17,walk,TEX,LAA,665750,,669394
778289,2025-04-16,R,665750,2,Bot,16,force_out,TEX,LAA,641680,669394,
778289,2025-04-16,R,641680,2,Bot,15,walk,TEX,LAA,669394,,
778289,2025-04-16,R,669394,2,Bot,14,single,TEX,LAA,,687957,
778289,2025-04-16,R,687957,2,Bot,13,double,TEX,LAA,,,
778289,2025-04-16,R,673962,2,Bot,12,field_out,TEX,LAA,,,
778289,2025-04-16,R,666969,1,Bot,7,grounded_into_double_play,TEX,LAA,608369,,543760
778289,2025-04-16,R,592626,1,Bot,6,field_out,TEX,LAA,608369,543760,
778289,2025-04-16,R,608369,1,Bot,5,single,TEX,LAA,543760,,
778289,2025-04-16,R,543760,1,Bot,4,field_error,TEX,LAA,,,
778306,2025-04-15,R,641680,8,Bot,62,strikeout,TEX,LAA,607680,,
778306,2025-04-15,R,607680,8,Bot,61,single,TEX,LAA,673962,,
778306,2025-04-15,R,666969,8,Bot,60,strikeout,TEX,LAA,673962,,
778306,2025-04-15,R,673962,8,Bot,59,single,TEX,LAA,,608369,
778306,2025-04-15,R,608369,8,Bot,58,double,TEX,LAA,,,
778306,2025-04-15,R,543760,8,Bot,57,field_out,TEX,LAA,,,
778306,2025-04-15,R,665750,7,Bot,53,field_out,TEX,LAA,,543309,
778306,2025-04-15,R,677649,7,Bot,52,field_out,TEX,LAA,,543309,
778306,2025-04-15,R,543309,7,Bot,51,double,TEX,LAA,,641680,
778306,2025-04-15,R,641680,7,Bot,50,double,TEX,LAA,,,
778306,2025-04-15,R,607680,7,Bot,49,field_out,TEX,LAA,,,
778306,2025-04-15,R,666969,6,Bot,44,field_out,TEX,LAA,673962,,
778306,2025-04-15,R,673962,6,Bot,43,force_out,TEX,LAA,608369,,
778306,2025-04-15,R,608369,6,Bot,42,single,TEX,LAA,,,
778306,2025-04-15,R,543760,6,Bot,41,sac_fly,TEX,LAA,,,665750
778306,2025-04-15,R,665750,6,Bot,40,single,TEX,LAA,,,
778306,2025-04-15,R,677649,5,Bot,35,field_out,TEX,LAA,,,
778306,2025-04-15,R,543309,5,Bot,34,strikeout_double_play,TEX,LAA,641680,,
778306,2025-04-15,R,641680,5,Bot,33,walk,TEX,LAA,,,
778306,2025-04-15,R,607680,4,Bot,29,strikeout,TEX,LAA,608369,,
778306,2025-04-15,R,666969,4,Bot,28,field_out,TEX,LAA,608369,,
778306,2025-04-15,R,673962,4,Bot,27,strikeout,TEX,LAA,608369,,
778306,2025-04-15,R,608369,4,Bot,26,walk,TEX,LAA,,,
778306,2025-04-15,R,543760,3,Bot,20,field_out,TEX,LAA,,,
778306,2025-04-15,R,665750,3,Bot,19,field_out,TEX,LAA,,,
778306,2025-04-15,R,677649,3,Bot,18,field_out,TEX,LAA,,,
778306,2025-04-15,R,543309,2,Bot,14,field_out,TEX,LAA,,607680,
778306,2025-04-15,R,641680,2,Bot,13,strikeout,TEX,LAA,,607680,
778306,2025-04-15,R,607680,2,Bot,12,double,TEX,LAA,,,
778306,2025-04-15,R,666969,2,Bot,11,strikeout,TEX,LAA,,,
778306,2025-04-15,R,673962,1,Bot,6,strikeout,TEX,LAA,,,
778306,2025-04-15,R,608369,1,Bot,5,field_out,TEX,LAA,,,
778306,2025-04-15,R,543760,1,Bot,4,field_out,TEX,LAA,,,
778334,2025-04-13,R,673962,9,Top,64,strikeout,SEA,TEX,669701,,
778334,2025-04-13,R,666969,9,Top,63,strikeout,SEA,TEX,669701,,
778334,2025-04-13,R,669701,9,Top,62,single,SEA,TEX,,,
778334,2025-04-13,R,608369,9,Top,61,field_out,SEA,TEX,,,
778334,2025-04-13,R,592626,8,Top,56,field_out,SEA,TEX,,,
778334,2025-04-13,R,665750,8,Top,55,strikeout,SEA,TEX,,,
778334,2025-04-13,R,543309,8,Top,54,field_out,SEA,TEX,,,
778334,2025-04-13,R,669394,7,Top,50,strikeout,SEA,TEX,,,
778334,2025-04-13,R,687957,7,Top,49,field_out,SEA,TEX,,,
778334,2025-04-13,R,673962,7,Top,48,field_out,SEA,TEX,,,
778334,2025-04-13,R,666969,6,Top,40,field_out,SEA,TEX,,,
778334,2025-04-13,R,669701,6,Top,39,field_out,SEA,TEX,,,
778334,2025-04-13,R,608369,6,Top,38,field_out,SEA,TEX,,,
778334,2025-04-13,R,592626,5,Top,34,field_out,SEA,TEX,,,669394
778334,2025-04-13,R,665750,5,Top,33,field_out,SEA,TEX,,669394,
778334,2025-04-13,R,543309,5,Top,32,field_out,SEA,TEX,,669394,
778334,2025-04-13,R,669394,5,Top,31,double,SEA,TEX,,,
778334,2025-04-13,R,687957,4,Top,27,field_out,SEA,TEX,,,
778334,2025-04-13,R,673962,4,Top,26,strikeout,SEA,TEX,,,
778334,2025-04-13,R,666969,4,Top,25,strikeout,SEA,TEX,,,
778334,2025-04-13,R,669701,3,Top,20,field_out,SEA,TEX,,,
778334,2025-04-13,R,608369,3,Top,19,field_out,SEA,TEX,,,
778334,2025-04-13,R,592626,3,Top,18,strikeout,SEA,TEX,,,
778334,2025-04-13,R,665750,2,Top,14,field_out,SEA,TEX,,,
778334,2025-04-13,R,543309,2,Top,13,strikeout,SEA,TEX,,,
778334,2025-04-13,R,669394,2,Top,12,strikeout,SEA,TEX,,,
778334,2025-04-13,R,687957,2,Top,11,home_run,SEA,TEX,,,
778334,2025-04-13,R,673962,1,Top,5,strikeout,SEA,TEX,666969,,608369
778334,2025-04-13,R,666969,1,Top,4,walk,SEA,TEX,,,608369
778334,2025-04-13,R,669701,1,Top,3,field_out,SEA,TEX,,608369,
778334,2025-04-13,R,608369,1,Top,2,single,SEA,TEX,,,
778334,2025-04-13,R,592626,1,Top,1,strikeout,SEA,TEX,,,
778341,2025-04-12,R,641680,9,Top,72,grounded_into_double_play,SEA,TEX,669394,,
778341,2025-04-12,R,669394,9,Top,71,single,SEA,TEX,,673962,
778341,2025-04-12,R,673962,9,Top,70,double,SEA,TEX,,,
778341,2025-04-12,R,592626,9,Top,69,field_out,SEA,TEX,,,
778341,2025-04-12,R,666969,8,Top,64,field_out,SEA,TEX,669701,,
778341,2025-04-12,R,669701,8,Top,63,single,SEA,TEX,,,
778341,2025-04-12,R,608369,8,Top,62,field_out,SEA,TEX,,,
778341,2025-04-12,R,543760,8,Top,61,field_out,SEA,TEX,,,
778341,2025-04-12,R,665750,7,Top,53,strikeout,SEA,TEX,,,
778341,2025-04-12,R,641680,7,Top,52,field_out,SEA,TEX,,,
778341,2025-04-12,R,669394,7,Top,51,field_out,SEA,TEX,,,
778341,2025-04-12,R,673962,6,Top,46,field_out,SEA,TEX,,,
778341,2025-04-12,R,592626,6,Top,45,strikeout,SEA,TEX,,,
778341,2025-04-12,R,666969,6,Top,44,strikeout,SEA,TEX,,,
778341,2025-04-12,R,669701,5,Top,39,field_out,SEA,TEX,,,
778341,2025-04-12,R,608369,5,Top,38,field_out,SEA,TEX,,,
778341,2025-04-12,R,543760,5,Top,37,field_out,SEA,TEX,,,
778341,2025-04-12,R,665750,4,Top,33,field_out,SEA,TEX,,673962,
778341,2025-04-12,R,641680,4,Top,32,strikeout,SEA,TEX,,673962,
778341,2025-04-12,R,669394,4,Top,31,field_out,SEA,TEX,673962,,
778341,2025-04-12,R,673962,4,Top,30,single,SEA,TEX,,,
778341,2025-04-12,R,592626,3,Top,21,grounded_into_double_play,SEA,TEX,666969,608369,
778341,2025-04-12,R,666969,3,Top,20,single,SEA,TEX,608369,,
778341,2025-04-12,R,669701,3,Top,19,field_out,SEA,TEX,608369,,
778341,2025-04-12,R,608369,3,Top,18,single,SEA,TEX,,,
778341,2025-04-12,R,543760,2,Top,13,field_out,SEA,TEX,,,
778341,2025-04-12,R,665750,2,Top,12,field_out,SEA,TEX,,,
778341,2025-04-12,R,641680,2,Top,11,strikeout,SEA,TEX,,,
778341,2025-04-12,R,669394,1,Top,7,strikeout,SEA,TEX,666969,669701,608369
778341,2025-04-12,R,673962,1,Top,6,strikeout,SEA,TEX,666969,669701,608369
778341,2025-04-12,R,592626,1,Top,5,field_out,SEA,TEX,666969,669701,608369
778341,2025-04-12,R,666969,1,Top,4,single,SEA,TEX,669701,608369,
778341,2025-04-12,R,669701,1,Top,3,single,SEA,TEX,608369,543760,
778341,2025-04-12,R,608369,1,Top,2,single,SEA,TEX,543760,,
778341,2025-04-12,R,543760,1,Top,1,walk,SEA,TEX,,,
778360,2025-04-11,R,543760,9,Top,70,grounded_into_double_play,SEA,TEX,641680,,
778360,2025-04-11,R,687957,9,Top,69,strikeout,SEA,TEX,641680,,
778360,2025-04-11,R,641680,9,Top,68,single,SEA,TEX,,,
778360,2025-04-11,R,669394,8,Top,62,field_out,SEA,TEX,,,666969
778360,2025-04-11,R,673962,8,Top,61,field_out,SEA,TEX,,666969,
778360,2025-04-11,R,592626,8,Top,60,field_out,SEA,TEX,,666969,
778360,2025-04-11,R,666969,8,Top,59,double,SEA,TEX,,,
778360,2025-04-11,R,669701,7,Top,55,strikeout,SEA,TEX,,,543760
778360,2025-04-11,R,608369,7,Top,54,field_out,SEA,TEX,,543760,
778360,2025-04-11,R,543760,7,Top,53,double,SEA,TEX,,,
778360,2025-04-11,R,607680,7,Top,52,strikeout,SEA,TEX,,,
778360,2025-04-11,R,641680,6,Top,48,field_out,SEA,TEX,669394,,
778360,2025-04-11,R,669394,6,Top,47,single,SEA,TEX,,,
778360,2025-04-11,R,673962,6,Top,46,home_run,SEA,TEX,,,669701
778360,2025-04-11,R,592626,6,Top,45,grounded_into_double_play,SEA,TEX,666969,669701,
778360,2025-04-11,R,666969,6,Top,44,hit_by_pitch,SEA,TEX,,669701,
778360,2025-04-11,R,669701,6,Top,43,double,SEA,TEX,,,
778360,2025-04-11,R,608369,5,Top,39,field_out,SEA,TEX,,,
778360,2025-04-11,R,543760,5,Top,38,field_out,SEA,TEX,,,
778360,2025-04-11,R,665750,5,Top,37,field_out,SEA,TEX,,,
778360,2025-04-11,R,641680,4,Top,31,strikeout,SEA,TEX,,673962,
778360,2025-04-11,R,669394,4,Top,30,strikeout,SEA,TEX,,673962,
778360,2025-04-11,R,673962,4,Top,29,single,SEA,TEX,,666969,
778360,2025-04-11,R,592626,4,Top,28,strikeout,SEA,TEX,666969,,
778360,2025-04-11,R,666969,4,Top,27,walk,SEA,TEX,,,
778360,2025-04-11,R,669701,3,Top,22,field_out,SEA,TEX,,,
778360,2025-04-11,R,608369,3,Top,21,field_out,SEA,TEX,,,
778360,2025-04-11,R,543760,3,Top,20,field_out,SEA,TEX,,,
778360,2025-04-11,R,665750,2,Top,13,strikeout,SEA,TEX,,,
778360,2025-04-11,R,641680,2,Top,12,field_out,SEA,TEX,,,
778360,2025-04-11,R,669394,2,Top,11,strikeout,SEA,TEX,,,
778360,2025-04-11,R,673962,1,Top,6,field_out,SEA,TEX,592626,669701,608369
778360,2025-04-11,R,592626,1,Top,5,walk,SEA,TEX,669701,608369,
778360,2025-04-11,R,666969,1,Top,4,field_out,SEA,TEX,669701,608369,
778360,2025-04-11,R,669701,1,Top,3,single,SEA,TEX,608369,,
778360,2025-04-11,R,608369,1,Top,2,walk,SEA,TEX,,,
778360,2025-04-11,R,543760,1,Top,1,field_out,SEA,TEX,,,
778385,2025-04-09,R,608369,9,Top,65,strikeout,CHC,TEX,,,
778385,2025-04-09,R,543760,9,Top,64,field_out,CHC,TEX,665750,,
778385,2025-04-09,R,665750,9,Top,63,single,CHC,TEX,,,
778385,2025-04-09,R,641680,8,Top,59,field_out,CHC,TEX,,,
778385,2025-04-09,R,607680,8,Top,58,field_out,CHC,TEX,,,
778385,2025-04-09,R,543309,8,Top,57,field_out,CHC,TEX,,,
778385,2025-04-09,R,669394,7,Top,53,strikeout,CHC,TEX,,,
778385,2025-04-09,R,666969,7,Top,52,field_out,CHC,TEX,,,
778385,2025-04-09,R,673962,7,Top,51,field_out,CHC,TEX,,,
778385,2025-04-09,R,608369,7,Top,50,home_run,CHC,TEX,,,
778385,2025-04-09,R,543760,6,Top,46,force_out,CHC,TEX,665750,,641680
778385,2025-04-09,R,665750,6,Top,45,single,CHC,TEX,641680,,
778385,2025-04-09,R,641680,6,Top,44,single,CHC,TEX,,,
778385,2025-04-09,R,607680,6,Top,43,strikeout,CHC,TEX,,,
778385,2025-04-09,R,543309,6,Top,42,field_out,CHC,TEX,,,
778385,2025-04-09,R,669394,5,Top,38,field_out,CHC,TEX,666969,,
778385,2025-04-09,R,666969,5,Top,37,single,CHC,TEX,,673962,
778385,2025-04-09,R,673962,5,Top,36,double,CHC,TEX,543760,,
778385,2025-04-09,R,608369,5,Top,35,strikeout,CHC,TEX,543760,,
778385,2025-04-09,R,543760,5,Top,34,single,CHC,TEX,,,
778385,2025-04-09,R,665750,5,Top,33,strikeout,CHC,TEX,,,
778385,2025-04-09,R,641680,5,Top,32,home_run,CHC,TEX,607680,,
778385,2025-04-09,R,607680,5,Top,31,single,CHC,TEX,,,
778385,2025-04-09,R,543309,4,Top,25,field_out,CHC,TEX,669394,,
778385,2025-04-09,R,669394,4,Top,24,single,CHC,TEX,,,
778385,2025-04-09,R,666969,4,Top,23,strikeout,CHC,TEX,,,
778385,2025-04-09,R,673962,4,Top,22,field_out,CHC,TEX,,,
778385,2025-04-09,R,608369,3,Top,18,field_out,CHC,TEX,543760,,
778385,2025-04-09,R,543760,3,Top,17,walk,CHC,TEX,,,
778385,2025-04-09,R,665750,3,Top,16,strikeout,CHC,TEX,,,
778385,2025-04-09,R,641680,3,Top,15,field_out,CHC,TEX,,,
778385,2025-04-09,R,607680,2,Top,11,field_out,CHC,TEX,,,
778385,2025-04-09,R,543309,2,Top,10,field_out,CHC,TEX,,,
778385,2025-04-09,R,669394,2,Top,9,field_out,CHC,TEX,,,
778385,2025-04-09,R,666969,1,Top,4,field_out,CHC,TEX,,,
778385,2025-04-09,R,673962,1,Top,3,field_out,CHC,TEX,,,
778385,2025-04-09,R,608369,1,Top,2,home_run,CHC,TEX,,,
778385,2025-04-09,R,543760,1,Top,1,field_out,CHC,TEX,,,
778401,2025-04-08,R,607680,9,Top,82,field_out,CHC,TEX,608369,,
778401,2025-04-08,R,608369,9,Top,81,single,CHC,TEX,,,
778401,2025-04-08,R,543760,9,Top,80,force_out,CHC,TEX,665750,,
778401,2025-04-08,R,665750,9,Top,79,single,CHC,TEX,,,
778401,2025-04-08,R,641680,8,Top,71,strikeout,CHC,TEX,,,673962
778401,2025-04-08,R,673962,8,Top,70,triple,CHC,TEX,669701,,
778401,2025-04-08,R,669701,8,Top,69,single,CHC,TEX,,,
778401,2025-04-08,R,666969,8,Top,68,field_out,CHC,TEX,,,
778401,2025-04-08,R,592626,8,Top,67,strikeout,CHC,TEX,,,
778401,2025-04-08,R,694671,7,Top,62,strikeout,CHC,TEX,608369,,
778401,2025-04-08,R,608369,7,Top,61,single,CHC,TEX,,,
778401,2025-04-08,R,543760,7,Top,60,field_out,CHC,TEX,,,665750
778401,2025-04-08,R,665750,7,Top,59,triple,CHC,TEX,,673962,
778401,2025-04-08,R,641680,7,Top,58,strikeout,CHC,TEX,,673962,
778401,2025-04-08,R,673962,7,Top,57,double,CHC,TEX,,,
778401,2025-04-08,R,669701,6,Top,50,strikeout,CHC,TEX,,694671,
778401,2025-04-08,R,666969,6,Top,49,field_out,CHC,TEX,,694671,
778401,2025-04-08,R,592626,6,Top,48,strikeout,CHC,TEX,,694671,
778401,2025-04-08,R,694671,6,Top,47,double,CHC,TEX,,,
778401,2025-04-08,R,608369,5,Top,39,field_out,CHC,TEX,,,
778401,2025-04-08,R,543760,5,Top,38,field_out,CHC,TEX,,,
778401,2025-04-08,R,665750,5,Top,37,strikeout,CHC,TEX,,,
778401,2025-04-08,R,641680,4,Top,32,strikeout,CHC,TEX,,,
778401,2025-04-08,R,673962,4,Top,31,strikeout,CHC,TEX,,,
778401,2025-04-08,R,669701,4,Top,30,field_out,CHC,TEX,,,
778401,2025-04-08,R,666969,3,Top,26,field_out,CHC,TEX,,,
778401,2025-04-08,R,592626,3,Top,25,field_out,CHC,TEX,,,
778401,2025-04-08,R,694671,3,Top,24,home_run,CHC,TEX,,,
778401,2025-04-08,R,608369,3,Top,23,field_out,CHC,TEX,,,
778401,2025-04-08,R,543760,2,Top,14,field_out,CHC,TEX,,641680,673962
778401,2025-04-08,R,665750,2,Top,13,field_out,CHC,TEX,641680,,673962
778401,2025-04-08,R,641680,2,Top,12,single,CHC,TEX,673962,669701,666969
778401,2025-04-08,R,673962,2,Top,11,single,CHC,TEX,669701,666969,
778401,2025-04-08,R,669701,2,Top,10,walk,CHC,TEX,666969,,
778401,2025-04-08,R,666969,2,Top,9,single,CHC,TEX,,,
778401,2025-04-08,R,592626,2,Top,8,field_out,CHC,TEX,,,
778401,2025-04-08,R,694671,1,Top,3,strikeout,CHC,TEX,,,
778401,2025-04-08,R,608369,1,Top,2,field_out,CHC,TEX,,,
778401,2025-04-08,R,543760,1,Top,1,field_out,CHC,TEX,,,
778411,2025-04-07,R,665750,9,Top,69,field_out,CHC,TEX,,,
778411,2025-04-07,R,694671,9,Top,68,field_out,CHC,TEX,,,
778411,2025-04-07,R,680716,9,Top,67,strikeout,CHC,TEX,,,
778411,2025-04-07,R,677649,8,Top,63,field_out,CHC,TEX,,,
778411,2025-04-07,R,543309,8,Top,62,field_out,CHC,TEX,,,
778411,2025-04-07,R,641680,8,Top,61,field_out,CHC,TEX,,,
778411,2025-04-07,R,669701,7,Top,56,strikeout,CHC,TEX,,,
778411,2025-04-07,R,669394,7,Top,55,field_out,CHC,TEX,,,
778411,2025-04-07,R,607680,7,Top,54,strikeout,CHC,TEX,,,
778411,2025-04-07,R,666969,6,Top,45,field_out,CHC,TEX,,,
778411,2025-04-07,R,694671,6,Top,44,field_out,CHC,TEX,,,
778411,2025-04-07,R,608369,6,Top,43,strikeout,CHC,TEX,,,
778411,2025-04-07,R,543760,5,Top,37,field_out,CHC,TEX,543309,,
778411,2025-04-07,R,543309,5,Top,36,single,CHC,TEX,,,
778411,2025-04-07,R,641680,5,Top,35,strikeout,CHC,TEX,,,
778411,2025-04-07,R,669701,5,Top,34,field_out,CHC,TEX,,,
778411,2025-04-07,R,669394,4,Top,29,field_out,CHC,TEX,,,
778411,2025-04-07,R,607680,4,Top,28,field_out,CHC,TEX,,,
778411,2025-04-07,R,666969,4,Top,27,field_out,CHC,TEX,,,
778411,2025-04-07,R,694671,3,Top,19,field_out,CHC,TEX,543309,,
778411,2025-04-07,R,608369,3,Top,18,strikeout,CHC,TEX,543309,,
778411,2025-04-07,R,543760,3,Top,17,field_out,CHC,TEX,543309,,
778411,2025-04-07,R,543309,3,Top,16,single,CHC,TEX,,,
778411,2025-04-07,R,641680,2,Top,11,field_out,CHC,TEX,,,
778411,2025-04-07,R,669701,2,Top,10,walk,CHC,TEX,,,
778411,2025-04-07,R,669394,2,Top,9,strikeout,CHC,TEX,,,
778411,2025-04-07,R,607680,1,Top,5,field_out,CHC,TEX,666969,694671,
778411,2025-04-07,R,666969,1,Top,4,single,CHC,TEX,694671,,
778411,2025-04-07,R,694671,1,Top,3,walk,CHC,TEX,,,
778411,2025-04-07,R,608369,1,Top,2,strikeout,CHC,TEX,,,
778411,2025-04-07,R,543760,1,Top,1,strikeout,CHC,TEX,,,
778420,2025-04-06,R,641680,9,Bot,70,single,TEX,TB,,669701,
778420,2025-04-06,R,669701,9,Bot,69,double,TEX,TB,,,
778420,2025-04-06,R,669394,9,Bot,68,field_out,TEX,TB,,,
778420,2025-04-06,R,666969,9,Bot,67,field_out,TEX,TB,,,
778420,2025-04-06,R,592626,8,Bot,62,field_out,TEX,TB,,,
778420,2025-04-06,R,694671,8,Bot,61,field_out,TEX,TB,,,
778420,2025-04-06,R,608369,8,Bot,60,strikeout,TEX,TB,,,
778420,2025-04-06,R,543760,7,Bot,54,strikeout,TEX,TB,,665750,
778420,2025-04-06,R,665750,7,Bot,53,single,TEX,TB,,641680,
778420,2025-04-06,R,641680,7,Bot,52,field_error,TEX,TB,,,
778420,2025-04-06,R,669701,7,Bot,51,strikeout,TEX,TB,,,
778420,2025-04-06,R,669394,7,Bot,50,field_out,TEX,TB,,,
778420,2025-04-06,R,666969,6,Bot,46,strikeout,TEX,TB,592626,,
778420,2025-04-06,R,592626,6,Bot,45,walk,TEX,TB,,,
778420,2025-04-06,R,694671,6,Bot,44,strikeout,TEX,TB,,,
778420,2025-04-06,R,608369,6,Bot,43,home_run,TEX,TB,,,
778420,2025-04-06,R,543760,6,Bot,42,strikeout,TEX,TB,,,
778420,2025-04-06,R,665750,5,Bot,38,strikeout,TEX,TB,,,
778420,2025-04-06,R,641680,5,Bot,37,grounded_into_double_play,TEX,TB,669701,,
778420,2025-04-06,R,669701,5,Bot,36,single,TEX,TB,,,
778420,2025-04-06,R,669394,4,Bot,31,field_out,TEX,TB,,,694671
778420,2025-04-06,R,666969,4,Bot,30,field_out,TEX,TB,,694671,
778420,2025-04-06,R,592626,4,Bot,29,strikeout,TEX,TB,,694671,
778420,2025-04-06,R,694671,4,Bot,28,walk,TEX,TB,,,
778420,2025-04-06,R,608369,3,Bot,23,field_out,TEX,TB,543760,,
778420,2025-04-06,R,543760,3,Bot,22,force_out,TEX,TB,641680,,669701
778420,2025-04-06,R,665750,3,Bot,21,strikeout,TEX,TB,641680,,669701
778420,2025-04-06,R,641680,3,Bot,20,single,TEX,TB,,669701,
778420,2025-04-06,R,669701,3,Bot,19,single,TEX,TB,,,
778420,2025-04-06,R,669394,2,Bot,14,field_out,TEX,TB,,,
778420,2025-04-06,R,666969,2,Bot,13,field_out,TEX,TB,,,
778420,2025-04-06,R,592626,2,Bot,12,strikeout,TEX,TB,,,
778420,2025-04-06,R,694671,1,Bot,6,field_out,TEX,TB,,,
778420,2025-04-06,R,608369,1,Bot,5,field_out,TEX,TB,,,
778420,2025-04-06,R,543760,1,Bot,4,field_out,TEX,TB,,,
778438,2025-04-05,R,543309,8,Bot,67,force_out,TEX,TB,669701,,
778438,2025-04-05,R,669701,8,Bot,66,walk,TEX,TB,,,
778438,2025-04-05,R,669394,8,Bot,65,strikeout,TEX,TB,,,
778438,2025-04-05,R,666969,8,Bot,64,field_out,TEX,TB,,,
778438,2025-04-05,R,641680,7,Bot,60,strikeout,TEX,TB,,,
778438,2025-04-05,R,694671,7,Bot,59,home_run,TEX,TB,,,607680
778438,2025-04-05,R,608369,7,Bot,58,strikeout,TEX,TB,,,607680
778438,2025-04-05,R,543760,7,Bot,57,strikeout,TEX,TB,607680,,
778438,2025-04-05,R,607680,7,Bot,56,single,TEX,TB,,,
778438,2025-04-05,R,543309,6,Bot,52,force_out,TEX,TB,669701,666969,
778438,2025-04-05,R,669701,6,Bot,51,intent_walk,TEX,TB,,666969,
778438,2025-04-05,R,669394,6,Bot,50,field_out,TEX,TB,,666969,
778438,2025-04-05,R,666969,6,Bot,49,hit_by_pitch,TEX,TB,,,
778438,2025-04-05,R,592626,6,Bot,48,strikeout,TEX,TB,,,
778438,2025-04-05,R,694671,5,Bot,40,field_out,TEX,TB,,,
778438,2025-04-05,R,608369,5,Bot,39,field_out,TEX,TB,,,
778438,2025-04-05,R,543760,5,Bot,38,strikeout,TEX,TB,,,
778438,2025-04-05,R,665750,4,Bot,34,field_out,TEX,TB,,,669701
778438,2025-04-05,R,543309,4,Bot,33,field_out,TEX,TB,,,669701
778438,2025-04-05,R,669701,4,Bot,32,walk,TEX,TB,,,
778438,2025-04-05,R,669394,4,Bot,31,strikeout,TEX,TB,,,
778438,2025-04-05,R,666969,3,Bot,26,field_out,TEX,TB,,,
778438,2025-04-05,R,592626,3,Bot,25,field_out,TEX,TB,,,
778438,2025-04-05,R,694671,3,Bot,24,strikeout,TEX,TB,,,
778438,2025-04-05,R,608369,2,Bot,19,strikeout,TEX,TB,543760,,
778438,2025-04-05,R,543760,2,Bot,18,walk,TEX,TB,,,
778438,2025-04-05,R,665750,2,Bot,17,strikeout,TEX,TB,,,
778438,2025-04-05,R,543309,2,Bot,16,strikeout,TEX,TB,,,
778438,2025-04-05,R,669701,1,Bot,11,strikeout,TEX,TB,,,
778438,2025-04-05,R,669394,1,Bot,10,home_run,TEX,TB,666969,694671,
778438,2025-04-05,R,666969,1,Bot,9,walk,TEX,TB,694671,,
778438,2025-04-05,R,592626,1,Bot,8,field_out,TEX,TB,694671,,
778438,2025-04-05,R,694671,1,Bot,7,walk,TEX,TB,,,
778438,2025-04-05,R,608369,1,Bot,6,field_out,TEX,TB,,,
778438,2025-04-05,R,543760,1,Bot,5,home_run,TEX,TB,,,
778454,2025-04-04,R,592626,8,Bot,62,field_out,TEX,TB,,694671,
778454,2025-04-04,R,694671,8,Bot,61,hit_by_pitch,TEX,TB,,,
778454,2025-04-04,R,608369,8,Bot,60,strikeout,TEX,TB,,,
778454,2025-04-04,R,543760,8,Bot,59,field_out,TEX,TB,,,
778454,2025-04-04,R,665750,7,Bot,55,field_out,TEX,TB,,,
778454,2025-04-04,R,543309,7,Bot,54,strikeout,TEX,TB,,,
778454,2025-04-04,R,669701,7,Bot,53,home_run,TEX,TB,,,
778454,2025-04-04,R,669394,7,Bot,52,field_out,TEX,TB,,,
778454,2025-04-04,R,666969,6,Bot,45,strikeout,TEX,TB,592626,,
778454,2025-04-04,R,592626,6,Bot,44,walk,TEX,TB,,,
778454,2025-04-04,R,694671,6,Bot,43,grounded_into_double_play,TEX,TB,608369,,
778454,2025-04-04,R,608369,6,Bot,42,walk,TEX,TB,,,
778454,2025-04-04,R,543760,5,Bot,37,strikeout,TEX,TB,,,
778454,2025-04-04,R,665750,5,Bot,36,field_out,TEX,TB,,,
778454,2025-04-04,R,543309,5,Bot,35,field_out,TEX,TB,,,
778454,2025-04-04,R,669701,4,Bot,31,field_out,TEX,TB,,,
778454,2025-04-04,R,669394,4,Bot,30,field_out,TEX,TB,,,
778454,2025-04-04,R,666969,4,Bot,29,field_out,TEX,TB,,,
778454,2025-04-04,R,592626,3,Bot,24,grounded_into_double_play,TEX,TB,608369,,
778454,2025-04-04,R,694671,3,Bot,23,sac_fly,TEX,TB,608369,,543760
778454,2025-04-04,R,608369,3,Bot,22,single,TEX,TB,543760,,
778454,2025-04-04,R,543760,3,Bot,21,single,TEX,TB,,,665750
778454,2025-04-04,R,665750,3,Bot,20,single,TEX,TB,,543309,
778454,2025-04-04,R,543309,3,Bot,19,double,TEX,TB,,669701,
778454,2025-04-04,R,669701,3,Bot,18,single,TEX,TB,,,
778454,2025-04-04,R,669394,2,Bot,13,field_out,TEX,TB,,,
778454,2025-04-04,R,666969,2,Bot,12,field_out,TEX,TB,,,
778454,2025-04-04,R,592626,2,Bot,11,field_out,TEX,TB,,,
778454,2025-04-04,R,694671,1,Bot,7,field_out,TEX,TB,,,
778454,2025-04-04,R,608369,1,Bot,6,field_out,TEX,TB,,,
778454,2025-04-04,R,543760,1,Bot,5,field_out,TEX,TB,,,
778480,2025-04-02,R,669394,9,Top,59,field_out,CIN,TEX,,,
778480,2025-04-02,R,666969,9,Top,58,field_out,CIN,TEX,,,
778480,2025-04-02,R,592626,9,Top,57,field_out,CIN,TEX,,,
778480,2025-04-02,R,694671,8,Top,52,field_out,CIN,TEX,543760,,
778480,2025-04-02,R,543760,8,Top,51,walk,CIN,TEX,,,
778480,2025-04-02,R,677649,8,Top,50,strikeout,CIN,TEX,,,
778480,2025-04-02,R,665750,8,Top,49,field_out,CIN,TEX,,,
778480,2025-04-02,R,641680,7,Top,44,field_out,CIN,TEX,,,
778480,2025-04-02,R,669701,7,Top,43,strikeout,CIN,TEX,,,
778480,2025-04-02,R,669394,7,Top,42,strikeout,CIN,TEX,,,
778480,2025-04-02,R,666969,6,Top,38,strikeout,CIN,TEX,,,
778480,2025-04-02,R,592626,6,Top,37,field_out,CIN,TEX,,,
778480,2025-04-02,R,694671,6,Top,36,field_out,CIN,TEX,,,
778480,2025-04-02,R,543760,5,Top,32,field_out,CIN,TEX,,,
778480,2025-04-02,R,677649,5,Top,31,field_out,CIN,TEX,,,
778480,2025-04-02,R,665750,5,Top,30,field_out,CIN,TEX,,,
778480,2025-04-02,R,641680,4,Top,25,field_out,CIN,TEX,,669701,
778480,2025-04-02,R,669701,4,Top,24,double,CIN,TEX,592626,,
778480,2025-04-02,R,669394,4,Top,23,strikeout,CIN,TEX,592626,,
778480,2025-04-02,R,666969,4,Top,22,field_out,CIN,TEX,592626,,
778480,2025-04-02,R,592626,4,Top,21,single,CIN,TEX,,,
778480,2025-04-02,R,694671,3,Top,17,strikeout,CIN,TEX,543760,,
778480,2025-04-02,R,543760,3,Top,16,single,CIN,TEX,,,
778480,2025-04-02,R,677649,3,Top,15,strikeout,CIN,TEX,,,
778480,2025-04-02,R,665750,3,Top,14,field_out,CIN,TEX,,,
778480,2025-04-02,R,641680,2,Top,10,field_out,CIN,TEX,,,
778480,2025-04-02,R,669701,2,Top,9,strikeout,CIN,TEX,,,
778480,2025-04-02,R,669394,2,Top,8,field_out,CIN,TEX,,,
778480,2025-04-02,R,666969,1,Top,4,field_out,CIN,TEX,694671,,
778480,2025-04-02,R,592626,1,Top,3,strikeout,CIN,TEX,694671,,
778480,2025-04-02,R,694671,1,Top,2,walk,CIN,TEX,,,
778480,2025-04-02,R,543760,1,Top,1,field_out,CIN,TEX,,,
778498,2025-04-01,R,665750,9,Top,62,field_out,CIN,TEX,,669701,
778498,2025-04-01,R,543309,9,Top,61,field_out,CIN,TEX,,669701,
778498,2025-04-01,R,669701,9,Top,60,field_error,CIN,TEX,,,
778498,2025-04-01,R,669394,9,Top,59,strikeout,CIN,TEX,,,
778498,2025-04-01,R,666969,8,Top,55,field_out,CIN,TEX,592626,,
778498,2025-04-01,R,592626,8,Top,54,walk,CIN,TEX,,,
778498,2025-04-01,R,694671,8,Top,53,field_out,CIN,TEX,,,
778498,2025-04-01,R,608369,8,Top,52,field_out,CIN,TEX,,,
778498,2025-04-01,R,543760,7,Top,47,force_out,CIN,TEX,543309,669701,
778498,2025-04-01,R,665750,7,Top,46,field_out,CIN,TEX,543309,669701,
778498,2025-04-01,R,543309,7,Top,45,walk,CIN,TEX,669701,,
778498,2025-04-01,R,669701,7,Top,44,single,CIN,TEX,,,
778498,2025-04-01,R,669394,7,Top,43,field_out,CIN,TEX,,,
778498,2025-04-01,R,666969,6,Top,38,strikeout,CIN,TEX,592626,,
778498,2025-04-01,R,592626,6,Top,37,hit_by_pitch,CIN,TEX,,,
778498,2025-04-01,R,694671,6,Top,36,field_out,CIN,TEX,,,
778498,2025-04-01,R,608369,6,Top,35,field_out,CIN,TEX,,,
778498,2025-04-01,R,543760,5,Top,31,strikeout,CIN,TEX,543309,,
778498,2025-04-01,R,665750,5,Top,30,field_out,CIN,TEX,543309,,
778498,2025-04-01,R,543309,5,Top,29,walk,CIN,TEX,,,
778498,2025-04-01,R,669701,5,Top,28,field_out,CIN,TEX,,,
778498,2025-04-01,R,669394,4,Top,24,field_out,CIN,TEX,,,
778498,2025-04-01,R,666969,4,Top,23,field_out,CIN,TEX,,,
778498,2025-04-01,R,592626,4,Top,22,field_out,CIN,TEX,,,
778498,2025-04-01,R,694671,3,Top,18,single,CIN,TEX,608369,,
778498,2025-04-01,R,608369,3,Top,17,walk,CIN,TEX,,,
778498,2025-04-01,R,543760,3,Top,16,field_out,CIN,TEX,,,
778498,2025-04-01,R,665750,3,Top,15,strikeout,CIN,TEX,,,
778498,2025-04-01,R,543309,2,Top,11,field_out,CIN,TEX,,,
778498,2025-04-01,R,669701,2,Top,10,strikeout,CIN,TEX,,,
778498,2025-04-01,R,669394,2,Top,9,strikeout,CIN,TEX,,,
778498,2025-04-01,R,666969,1,Top,5,field_out,CIN,TEX,,592626,
778498,2025-04-01,R,592626,1,Top,4,double,CIN,TEX,,,
778498,2025-04-01,R,694671,1,Top,3,home_run,CIN,TEX,,,
778498,2025-04-01,R,608369,1,Top,2,field_out,CIN,TEX,,,
778498,2025-04-01,R,543760,1,Top,1,field_out,CIN,TEX,,,
778511,2025-03-31,R,665750,9,Top,80,field_out,CIN,TEX,641680,,
778511,2025-03-31,R,641680,9,Top,79,single,CIN,TEX,,,
778511,2025-03-31,R,669701,9,Top,78,strikeout,CIN,TEX,,,
778511,2025-03-31,R,669394,9,Top,77,home_run,CIN,TEX,,607680,
778511,2025-03-31,R,607680,9,Top,76,double,CIN,TEX,,,
778511,2025-03-31,R,677649,9,Top,75,field_out,CIN,TEX,,,
778511,2025-03-31,R,694671,8,Top,71,field_out,CIN,TEX,680716,,641680
778511,2025-03-31,R,680716,8,Top,70,walk,CIN,TEX,,,641680
778511,2025-03-31,R,543760,8,Top,69,field_out,CIN,TEX,,,641680
778511,2025-03-31,R,665750,8,Top,68,field_out,CIN,TEX,,641680,669701
778511,2025-03-31,R,641680,8,Top,67,single,CIN,TEX,669701,,
778511,2025-03-31,R,669701,8,Top,66,walk,CIN,TEX,,,
778511,2025-03-31,R,669394,7,Top,60,strikeout,CIN,TEX,,,
778511,2025-03-31,R,607680,7,Top,59,field_out,CIN,TEX,,,
778511,2025-03-31,R,592626,7,Top,58,strikeout,CIN,TEX,,,
778511,2025-03-31,R,694671,6,Top,46,strikeout,CIN,TEX,608369,,
778511,2025-03-31,R,608369,6,Top,45,walk,CIN,TEX,,,
778511,2025-03-31,R,543760,6,Top,44,strikeout,CIN,TEX,,,
778511,2025-03-31,R,665750,6,Top,43,strikeout,CIN,TEX,,,
778511,2025-03-31,R,641680,5,Top,39,field_out,CIN,TEX,,,
778511,2025-03-31,R,669701,5,Top,38,field_out,CIN,TEX,,,
778511,2025-03-31,R,669394,5,Top,37,field_out,CIN,TEX,,,
778511,2025-03-31,R,666969,4,Top,32,field_out,CIN,TEX,,,
778511,2025-03-31,R,592626,4,Top,31,field_out,CIN,TEX,,,
778511,2025-03-31,R,694671,4,Top,30,field_out,CIN,TEX,,,
778511,2025-03-31,R,608369,3,Top,26,field_out,CIN,TEX,543760,,
778511,2025-03-31,R,543760,3,Top,25,walk,CIN,TEX,,,
778511,2025-03-31,R,665750,3,Top,24,strikeout,CIN,TEX,,,
778511,2025-03-31,R,641680,3,Top,23,field_out,CIN,TEX,,,
778511,2025-03-31,R,669701,2,Top,14,field_out,CIN,TEX,,666969,
778511,2025-03-31,R,669394,2,Top,13,field_out,CIN,TEX,,666969,
778511,2025-03-31,R,666969,2,Top,12,double,CIN,TEX,,,
778511,2025-03-31,R,592626,2,Top,11,field_out,CIN,TEX,,,
778511,2025-03-31,R,694671,1,Top,3,field_out,CIN,TEX,,,
778511,2025-03-31,R,608369,1,Top,2,strikeout,CIN,TEX,,,
778511,2025-03-31,R,543760,1,Top,1,strikeout,CIN,TEX,,,
778516,2025-03-30,R,592626,8,Bot,64,field_out,TEX,BOS,,,
778516,2025-03-30,R,694671,8,Bot,63,field_out,TEX,BOS,,,
778516,2025-03-30,R,543760,8,Bot,62,field_out,TEX,BOS,,,
778516,2025-03-30,R,677649,7,Bot,56,field_out,TEX,BOS,,,
778516,2025-03-30,R,680716,7,Bot,55,field_out,TEX,BOS,,,
778516,2025-03-30,R,665750,7,Bot,54,strikeout,TEX,BOS,,,
778516,2025-03-30,R,543309,6,Bot,50,field_out,TEX,BOS,,,
778516,2025-03-30,R,669394,6,Bot,49,field_out,TEX,BOS,,,
778516,2025-03-30,R,666969,6,Bot,48,home_run,TEX,BOS,,,
778516,2025-03-30,R,592626,6,Bot,47,field_out,TEX,BOS,,,
778516,2025-03-30,R,694671,6,Bot,46,home_run,TEX,BOS,,,
778516,2025-03-30,R,543760,5,Bot,39,field_out,TEX,BOS,,,
778516,2025-03-30,R,677649,5,Bot,38,strikeout,TEX,BOS,,,
778516,2025-03-30,R,680716,5,Bot,37,strikeout,TEX,BOS,,,
778516,2025-03-30,R,665750,4,Bot,32,strikeout,TEX,BOS,,,
778516,2025-03-30,R,543309,4,Bot,31,field_out,TEX,BOS,,,
778516,2025-03-30,R,669394,4,Bot,30,field_out,TEX,BOS,,,
778516,2025-03-30,R,666969,3,Bot,25,field_out,TEX,BOS,,,
778516,2025-03-30,R,592626,3,Bot,24,field_out,TEX,BOS,,,
778516,2025-03-30,R,694671,3,Bot,23,field_out,TEX,BOS,,,
778516,2025-03-30,R,543760,2,Bot,18,field_out,TEX,BOS,665750,543309,
778516,2025-03-30,R,677649,2,Bot,17,sac_fly,TEX,BOS,665750,543309,669394
778516,2025-03-30,R,680716,2,Bot,16,strikeout,TEX,BOS,665750,543309,669394
778516,2025-03-30,R,665750,2,Bot,15,single,TEX,BOS,543309,669394,
778516,2025-03-30,R,543309,2,Bot,14,single,TEX,BOS,669394,,
778516,2025-03-30,R,669394,2,Bot,13,single,TEX,BOS,,,
778516,2025-03-30,R,666969,1,Bot,7,field_out,TEX,BOS,694671,,
778516,2025-03-30,R,592626,1,Bot,6,field_out,TEX,BOS,694671,,
778516,2025-03-30,R,694671,1,Bot,5,single,TEX,BOS,,,
778516,2025-03-30,R,543760,1,Bot,4,field_out,TEX,BOS,,,
778531,2025-03-29,R,677649,8,Bot,72,field_out,TEX,BOS,669394,,592626
778531,2025-03-29,R,669394,8,Bot,71,force_out,TEX,BOS,666969,592626,
778531,2025-03-29,R,666969,8,Bot,70,hit_by_pitch,TEX,BOS,592626,,
778531,2025-03-29,R,592626,8,Bot,69,walk,TEX,BOS,,,
778531,2025-03-29,R,694671,8,Bot,68,strikeout,TEX,BOS,,,
778531,2025-03-29,R,608369,7,Bot,62,field_out,TEX,BOS,,,
778531,2025-03-29,R,543760,7,Bot,61,field_out,TEX,BOS,,,
778531,2025-03-29,R,665750,7,Bot,60,field_out,TEX,BOS,,,
778531,2025-03-29,R,641680,6,Bot,55,field_out,TEX,BOS,,,666969
778531,2025-03-29,R,677649,6,Bot,54,strikeout,TEX,BOS,,,666969
778531,2025-03-29,R,669394,6,Bot,53,field_out,TEX,BOS,,666969,
778531,2025-03-29,R,666969,6,Bot,52,double,TEX,BOS,,,
778531,2025-03-29,R,592626,5,Bot,47,grounded_into_double_play,TEX,BOS,608369,,543760
778531,2025-03-29,R,694671,5,Bot,46,strikeout,TEX,BOS,608369,,543760
778531,2025-03-29,R,608369,5,Bot,45,single,TEX,BOS,543760,,
778531,2025-03-29,R,543760,5,Bot,44,single,TEX,BOS,,665750,
778531,2025-03-29,R,665750,5,Bot,43,single,TEX,BOS,,,
778531,2025-03-29,R,641680,4,Bot,37,field_out,TEX,BOS,,,
778531,2025-03-29,R,677649,4,Bot,36,field_out,TEX,BOS,,,
778531,2025-03-29,R,669394,4,Bot,35,field_out,TEX,BOS,,,
778531,2025-03-29,R,666969,4,Bot,34,home_run,TEX,BOS,,,
778531,2025-03-29,R,666969,3,Bot,29,truncated_pa,TEX,BOS,592626,,
778531,2025-03-29,R,592626,3,Bot,28,catcher_interf,TEX,BOS,,,
778531,2025-03-29,R,694671,3,Bot,27,field_out,TEX,BOS,,,
778531,2025-03-29,R,608369,3,Bot,26,field_out,TEX,BOS,,,
778531,2025-03-29,R,543760,2,Bot,22,strikeout,TEX,BOS,,,
778531,2025-03-29,R,665750,2,Bot,21,field_out,TEX,BOS,,,
778531,2025-03-29,R,641680,2,Bot,20,field_out,TEX,BOS,,,
778531,2025-03-29,R,677649,1,Bot,12,field_out,TEX,BOS,669394,666969,
778531,2025-03-29,R,669394,1,Bot,11,hit_by_pitch,TEX,BOS,,666969,
778531,2025-03-29,R,666969,1,Bot,10,double,TEX,BOS,694671,608369,
778531,2025-03-29,R,592626,1,Bot,9,strikeout,TEX,BOS,694671,608369,
778531,2025-03-29,R,694671,1,Bot,8,single,TEX,BOS,608369,,
778531,2025-03-29,R,608369,1,Bot,7,single,TEX,BOS,,,
778531,2025-03-29,R,543760,1,Bot,6,field_out,TEX,BOS,,,
778550,2025-03-28,R,666969,8,Bot,65,field_out,TEX,BOS,,,
778550,2025-03-28,R,607680,8,Bot,64,field_out,TEX,BOS,,,
778550,2025-03-28,R,694671,8,Bot,63,field_out,TEX,BOS,,,
778550,2025-03-28,R,608369,7,Bot,59,field_out,TEX,BOS,,,
778550,2025-03-28,R,543760,7,Bot,58,field_out,TEX,BOS,,,
778550,2025-03-28,R,665750,7,Bot,57,strikeout,TEX,BOS,,,
778550,2025-03-28,R,641680,6,Bot,50,field_out,TEX,BOS,,673962,
778550,2025-03-28,R,673962,6,Bot,49,single,TEX,BOS,,669394,
778550,2025-03-28,R,669394,6,Bot,48,double,TEX,BOS,592626,,
778550,2025-03-28,R,666969,6,Bot,47,field_out,TEX,BOS,592626,,
778550,2025-03-28,R,592626,6,Bot,46,single,TEX,BOS,694671,,
778550,2025-03-28,R,694671,6,Bot,45,single,TEX,BOS,,,
778550,2025-03-28,R,608369,5,Bot,40,strikeout,TEX,BOS,,,665750
778550,2025-03-28,R,543760,5,Bot,39,field_out,TEX,BOS,,665750,
778550,2025-03-28,R,665750,5,Bot,38,single,TEX,BOS,,,
778550,2025-03-28,R,641680,5,Bot,37,home_run,TEX,BOS,,,
778550,2025-03-28,R,673962,5,Bot,36,field_out,TEX,BOS,,,
778550,2025-03-28,R,669394,4,Bot,32,field_out,TEX,BOS,666969,,
778550,2025-03-28,R,666969,4,Bot,31,walk,TEX,BOS,,,
778550,2025-03-28,R,592626,4,Bot,30,field_out,TEX,BOS,,,
778550,2025-03-28,R,694671,4,Bot,29,field_out,TEX,BOS,,,
778550,2025-03-28,R,608369,3,Bot,23,field_out,TEX,BOS,,,
778550,2025-03-28,R,543760,3,Bot,22,grounded_into_double_play,TEX,BOS,665750,,
778550,2025-03-28,R,665750,3,Bot,21,walk,TEX,BOS,,,
778550,2025-03-28,R,641680,3,Bot,20,home_run,TEX,BOS,,,
778550,2025-03-28,R,673962,2,Bot,15,field_out,TEX,BOS,,666969,
778550,2025-03-28,R,669394,2,Bot,14,strikeout,TEX,BOS,,666969,
778550,2025-03-28,R,666969,2,Bot,13,walk,TEX,BOS,,,
778550,2025-03-28,R,592626,2,Bot,12,field_out,TEX,BOS,,,
778550,2025-03-28,R,694671,1,Bot,6,grounded_into_double_play,TEX,BOS,608369,,
778550,2025-03-28,R,608369,1,Bot,5,single,TEX,BOS,,,
778550,2025-03-28,R,543760,1,Bot,4,field_out,TEX,BOS,,,
778553,2025-03-27,R,543309,9,Bot,71,field_out,TEX,BOS,,,
778553,2025-03-27,R,592626,9,Bot,70,field_out,TEX,BOS,,,
778553,2025-03-27,R,673962,9,Bot,69,strikeout,TEX,BOS,,,
778553,2025-03-27,R,669394,8,Bot,62,force_out,TEX,BOS,694671,,
778553,2025-03-27,R,666969,8,Bot,61,field_out,TEX,BOS,694671,,
778553,2025-03-27,R,694671,8,Bot,60,single,TEX,BOS,,,
778553,2025-03-27,R,608369,8,Bot,59,strikeout,TEX,BOS,,,
778553,2025-03-27,R,543760,7,Bot,54,strikeout,TEX,BOS,,,
778553,2025-03-27,R,669701,7,Bot,53,field_out,TEX,BOS,,,
778553,2025-03-27,R,543309,7,Bot,52,field_out,TEX,BOS,,,
778553,2025-03-27,R,607680,6,Bot,46,field_out,TEX,BOS,673962,,
778553,2025-03-27,R,673962,6,Bot,45,single,TEX,BOS,,,
778553,2025-03-27,R,669394,6,Bot,44,field_out,TEX,BOS,,,
778553,2025-03-27,R,666969,6,Bot,43,field_out,TEX,BOS,,,
778553,2025-03-27,R,694671,5,Bot,39,field_out,TEX,BOS,,,
778553,2025-03-27,R,608369,5,Bot,38,grounded_into_double_play,TEX,BOS,543760,,
778553,2025-03-27,R,543760,5,Bot,37,single,TEX,BOS,,,
778553,2025-03-27,R,669701,4,Bot,32,strikeout,TEX,BOS,,543309,
778553,2025-03-27,R,543309,4,Bot,31,double,TEX,BOS,607680,,
778553,2025-03-27,R,607680,4,Bot,30,single,TEX,BOS,,,
778553,2025-03-27,R,673962,4,Bot,29,field_out,TEX,BOS,,,
778553,2025-03-27,R,669394,4,Bot,28,field_out,TEX,BOS,,,
778553,2025-03-27,R,666969,3,Bot,24,field_out,TEX,BOS,,,
778553,2025-03-27,R,694671,3,Bot,23,field_out,TEX,BOS,,,
778553,2025-03-27,R,608369,3,Bot,22,strikeout,TEX,BOS,,,
778553,2025-03-27,R,543760,2,Bot,16,field_out,TEX,BOS,607680,673962,
778553,2025-03-27,R,669701,2,Bot,15,strikeout,TEX,BOS,607680,673962,
778553,2025-03-27,R,543309,2,Bot,14,field_out,TEX,BOS,607680,673962,
778553,2025-03-27,R,607680,2,Bot,13,single,TEX,BOS,673962,669394,
778553,2025-03-27,R,673962,2,Bot,12,single,TEX,BOS,669394,,
778553,2025-03-27,R,669394,2,Bot,11,walk,TEX,BOS,,,
778553,2025-03-27,R,666969,1,Bot,7,field_out,TEX,BOS,694671,,
778553,2025-03-27,R,694671,1,Bot,6,walk,TEX,BOS,,,
778553,2025-03-27,R,608369,1,Bot,5,field_out,TEX,BOS,,,
778553,2025-03-27,R,543760,1,Bot,4,strikeout,TEX,BOS,,,
776508,2025-08-31,R,677649,9,Top,77,field_out,ATH,TEX,,,673962
776508,2025-08-31,R,641680,9,Top,76,field_out,ATH,TEX,,673962,
776508,2025-08-31,R,673962,9,Top,75,double,ATH,TEX,,666969,
776508,2025-08-31,R,642133,9,Top,74,field_out,ATH,TEX,666969,,
776508,2025-08-31,R,666969,9,Top,73,single,ATH,TEX,,,
776508,2025-08-31,R,592626,8,Top,63,field_out,ATH,TEX,669701,,680737
776508,2025-08-31,R,694671,8,Top,62,sac_fly,ATH,TEX,669701,680737,641680
776508,2025-08-31,R,669701,8,Top,61,walk,ATH,TEX,680737,641680,
776508,2025-08-31,R,680737,8,Top,60,walk,ATH,TEX,641680,,
776508,2025-08-31,R,677649,8,Top,59,strikeout,ATH,TEX,641680,,
776508,2025-08-31,R,641680,8,Top,58,walk,ATH,TEX,,,
776508,2025-08-31,R,673962,7,Top,54,strikeout,ATH,TEX,666969,694671,669701
776508,2025-08-31,R,642133,7,Top,53,strikeout,ATH,TEX,666969,694671,669701
776508,2025-08-31,R,666969,7,Top,52,single,ATH,TEX,694671,669701,680737
776508,2025-08-31,R,592626,7,Top,51,strikeout,ATH,TEX,694671,669701,680737
776508,2025-08-31,R,694671,7,Top,50,walk,ATH,TEX,669701,680737,677649
776508,2025-08-31,R,669701,7,Top,49,walk,ATH,TEX,680737,677649,
776508,2025-08-31,R,680737,7,Top,48,field_error,ATH,TEX,677649,,
776508,2025-08-31,R,677649,7,Top,47,single,ATH,TEX,,,
776508,2025-08-31,R,641680,6,Top,43,field_out,ATH,TEX,,,
776508,2025-08-31,R,673962,6,Top,42,strikeout,ATH,TEX,,,
776508,2025-08-31,R,642133,6,Top,41,strikeout,ATH,TEX,,,
776508,2025-08-31,R,666969,5,Top,37,strikeout,ATH,TEX,,592626,
776508,2025-08-31,R,592626,5,Top,36,double,ATH,TEX,,669701,
776508,2025-08-31,R,694671,5,Top,35,field_out,ATH,TEX,,669701,
776508,2025-08-31,R,669701,5,Top,34,double,ATH,TEX,,680737,
776508,2025-08-31,R,680737,5,Top,33,walk,ATH,TEX,,,
776508,2025-08-31,R,677649,5,Top,32,field_out,ATH,TEX,,,
776508,2025-08-31,R,641680,4,Top,28,strikeout,ATH,TEX,,,
776508,2025-08-31,R,673962,4,Top,27,strikeout,ATH,TEX,,,
776508,2025-08-31,R,642133,4,Top,26,field_out,ATH,TEX,,,
776508,2025-08-31,R,666969,3,Top,20,field_out,ATH,TEX,,669701,
776508,2025-08-31,R,592626,3,Top,19,field_out,ATH,TEX,669701,,
776508,2025-08-31,R,694671,3,Top,18,field_out,ATH,TEX,669701,,
776508,2025-08-31,R,669701,3,Top,17,single,ATH,TEX,,,
776508,2025-08-31,R,680737,2,Top,13,field_out,ATH,TEX,,,
776508,2025-08-31,R,677649,2,Top,12,field_out,ATH,TEX,,,
776508,2025-08-31,R,641680,2,Top,11,field_out,ATH,TEX,,,
776508,2025-08-31,R,673962,2,Top,10,home_run,ATH,TEX,,,
776508,2025-08-31,R,642133,1,Top,5,strikeout,ATH,TEX,,,
776508,2025-08-31,R,666969,1,Top,4,field_out,ATH,TEX,,,
776508,2025-08-31,R,592626,1,Top,3,home_run,ATH,TEX,669701,,
776508,2025-08-31,R,694671,1,Top,2,strikeout,ATH,TEX,669701,,
776508,2025-08-31,R,669701,1,Top,1,walk,ATH,TEX,,,
776524,2025-08-30,R,677649,9,Top,76,field_out,ATH,TEX,,,
776524,2025-08-30,R,543309,9,Top,75,field_out,ATH,TEX,,,
776524,2025-08-30,R,673962,9,Top,74,field_out,ATH,TEX,,,
776524,2025-08-30,R,664238,9,Top,73,home_run,ATH,TEX,666969,,
776524,2025-08-30,R,666969,9,Top,72,single,ATH,TEX,,,
776524,2025-08-30,R,592626,8,Top,66,field_out,ATH,TEX,694671,,
776524,2025-08-30,R,694671,8,Top,65,force_out,ATH,TEX,669701,,
776524,2025-08-30,R,669701,8,Top,64,single,ATH,TEX,,,
776524,2025-08-30,R,680737,8,Top,63,field_out,ATH,TEX,,,
776524,2025-08-30,R,677649,7,Top,57,strikeout,ATH,TEX,543309,,
776524,2025-08-30,R,543309,7,Top,56,single,ATH,TEX,,673962,
776524,2025-08-30,R,673962,7,Top,55,double,ATH,TEX,,592626,
776524,2025-08-30,R,664238,7,Top,54,strikeout,ATH,TEX,,592626,
776524,2025-08-30,R,666969,7,Top,53,field_out,ATH,TEX,,592626,
776524,2025-08-30,R,592626,7,Top,52,double,ATH,TEX,,,
776524,2025-08-30,R,694671,6,Top,48,field_out,ATH,TEX,680737,677649,
776524,2025-08-30,R,669701,6,Top,47,field_out,ATH,TEX,680737,677649,
776524,2025-08-30,R,680737,6,Top,46,single,ATH,TEX,677649,,
776524,2025-08-30,R,677649,6,Top,45,single,ATH,TEX,,,
776524,2025-08-30,R,543309,6,Top,44,field_out,ATH,TEX,,,
776524,2025-08-30,R,673962,5,Top,40,field_out,ATH,TEX,666969,,
776524,2025-08-30,R,642133,5,Top,39,field_out,ATH,TEX,666969,,
776524,2025-08-30,R,666969,5,Top,38,single,ATH,TEX,,,
776524,2025-08-30,R,592626,5,Top,37,field_out,ATH,TEX,,,
776524,2025-08-30,R,694671,5,Top,36,home_run,ATH,TEX,,,
776524,2025-08-30,R,669701,4,Top,32,field_out,ATH,TEX,,,
776524,2025-08-30,R,680737,4,Top,31,strikeout,ATH,TEX,,,
776524,2025-08-30,R,677649,4,Top,30,field_out,ATH,TEX,,,
776524,2025-08-30,R,543309,3,Top,24,field_out,ATH,TEX,,673962,642133
776524,2025-08-30,R,673962,3,Top,23,double,ATH,TEX,642133,,694671
776524,2025-08-30,R,642133,3,Top,22,single,ATH,TEX,694671,,
776524,2025-08-30,R,666969,3,Top,21,field_out,ATH,TEX,694671,,
776524,2025-08-30,R,592626,3,Top,20,field_out,ATH,TEX,694671,,
776524,2025-08-30,R,694671,3,Top,19,single,ATH,TEX,,,
776524,2025-08-30,R,669701,2,Top,14,field_out,ATH,TEX,,680737,
776524,2025-08-30,R,680737,2,Top,13,double,ATH,TEX,543309,673962,
776524,2025-08-30,R,677649,2,Top,12,field_out,ATH,TEX,543309,673962,
776524,2025-08-30,R,543309,2,Top,11,single,ATH,TEX,673962,,666969
776524,2025-08-30,R,673962,2,Top,10,single,ATH,TEX,666969,,
776524,2025-08-30,R,642133,2,Top,9,field_out,ATH,TEX,666969,,
776524,2025-08-30,R,666969,2,Top,8,single,ATH,TEX,,,
776524,2025-08-30,R,592626,1,Top,3,field_out,ATH,TEX,,,
776524,2025-08-30,R,694671,1,Top,2,field_out,ATH,TEX,,,
776524,2025-08-30,R,669701,1,Top,1,field_out,ATH,TEX,,,
776538,2025-08-29,R,680737,9,Top,67,field_out,ATH,TEX,641680,,
776538,2025-08-29,R,642133,9,Top,66,strikeout,ATH,TEX,641680,,
776538,2025-08-29,R,641680,9,Top,65,walk,ATH,TEX,,,
776538,2025-08-29,R,669701,9,Top,64,strikeout,ATH,TEX,,,
776538,2025-08-29,R,543309,8,Top,60,grounded_into_double_play,ATH,TEX,673962,,
776538,2025-08-29,R,673962,8,Top,59,single,ATH,TEX,,,
776538,2025-08-29,R,666969,8,Top,58,strikeout,ATH,TEX,,,
776538,2025-08-29,R,694671,7,Top,54,field_out,ATH,TEX,,,
776538,2025-08-29,R,677649,7,Top,53,field_out,ATH,TEX,,,
776538,2025-08-29,R,680737,7,Top,52,home_run,ATH,TEX,642133,,
776538,2025-08-29,R,642133,7,Top,51,single,ATH,TEX,,,
776538,2025-08-29,R,641680,7,Top,50,field_out,ATH,TEX,,,
776538,2025-08-29,R,669701,6,Top,45,field_out,ATH,TEX,,543309,673962
776538,2025-08-29,R,543309,6,Top,44,double,ATH,TEX,673962,,
776538,2025-08-29,R,673962,6,Top,43,single,ATH,TEX,,,
776538,2025-08-29,R,666969,6,Top,42,grounded_into_double_play,ATH,TEX,694671,,
776538,2025-08-29,R,694671,6,Top,41,walk,ATH,TEX,,,
776538,2025-08-29,R,677649,5,Top,37,field_out,ATH,TEX,680737,,
776538,2025-08-29,R,680737,5,Top,36,walk,ATH,TEX,,,
776538,2025-08-29,R,664238,5,Top,35,field_out,ATH,TEX,,,
776538,2025-08-29,R,641680,5,Top,34,home_run,ATH,TEX,,,
776538,2025-08-29,R,683227,5,Top,33,field_out,ATH,TEX,,,
776538,2025-08-29,R,543309,4,Top,28,field_out,ATH,TEX,,,
776538,2025-08-29,R,673962,4,Top,27,strikeout,ATH,TEX,,,
776538,2025-08-29,R,666969,4,Top,26,field_out,ATH,TEX,,,
776538,2025-08-29,R,694671,3,Top,18,strikeout,ATH,TEX,,,
776538,2025-08-29,R,677649,3,Top,17,field_out,ATH,TEX,,,
776538,2025-08-29,R,680737,3,Top,16,strikeout,ATH,TEX,,,
776538,2025-08-29,R,664238,2,Top,12,single,ATH,TEX,683227,,543309
776538,2025-08-29,R,641680,2,Top,11,sac_fly,ATH,TEX,683227,543309,673962
776538,2025-08-29,R,683227,2,Top,10,single,ATH,TEX,543309,673962,
776538,2025-08-29,R,543309,2,Top,9,single,ATH,TEX,673962,,
776538,2025-08-29,R,673962,2,Top,8,single,ATH,TEX,,,
776538,2025-08-29,R,666969,2,Top,7,strikeout,ATH,TEX,,,
776538,2025-08-29,R,694671,1,Top,3,strikeout,ATH,TEX,,,
776538,2025-08-29,R,677649,1,Top,2,field_out,ATH,TEX,,,
776538,2025-08-29,R,680737,1,Top,1,field_out,ATH,TEX,,,
776563,2025-08-27,R,543309,8,Bot,85,force_out,TEX,LAA,683227,673962,
776563,2025-08-27,R,683227,8,Bot,84,single,TEX,LAA,673962,,
776563,2025-08-27,R,673962,8,Bot,83,force_out,TEX,LAA,666969,,
776563,2025-08-27,R,592626,8,Bot,82,strikeout,TEX,LAA,666969,,
776563,2025-08-27,R,666969,8,Bot,81,single,TEX,LAA,,,
776563,2025-08-27,R,677649,7,Bot,77,field_out,TEX,LAA,680737,696030,
776563,2025-08-27,R,680737,7,Bot,76,single,TEX,LAA,696030,,
776563,2025-08-27,R,669701,7,Bot,75,field_out,TEX,LAA,696030,,
776563,2025-08-27,R,696030,7,Bot,74,walk,TEX,LAA,,,
776563,2025-08-27,R,543309,7,Bot,73,home_run,TEX,LAA,642133,673962,
776563,2025-08-27,R,642133,7,Bot,72,single,TEX,LAA,673962,,
776563,2025-08-27,R,673962,7,Bot,71,single,TEX,LAA,,,666969
776563,2025-08-27,R,592626,7,Bot,70,field_out,TEX,LAA,,666969,677649
776563,2025-08-27,R,666969,7,Bot,69,double,TEX,LAA,677649,680737,669701
776563,2025-08-27,R,677649,7,Bot,68,single,TEX,LAA,680737,669701,696030
776563,2025-08-27,R,694671,7,Bot,67,hit_by_pitch,TEX,LAA,669701,696030,
776563,2025-08-27,R,669701,7,Bot,66,single,TEX,LAA,696030,,
776563,2025-08-27,R,696030,7,Bot,65,single,TEX,LAA,,,
776563,2025-08-27,R,543309,6,Bot,58,strikeout,TEX,LAA,,,
776563,2025-08-27,R,642133,6,Bot,57,strikeout,TEX,LAA,,,
776563,2025-08-27,R,673962,6,Bot,56,field_out,TEX,LAA,,,
776563,2025-08-27,R,592626,5,Bot,51,field_out,TEX,LAA,,677649,
776563,2025-08-27,R,666969,5,Bot,50,field_out,TEX,LAA,,677649,
776563,2025-08-27,R,677649,5,Bot,49,double,TEX,LAA,,694671,
776563,2025-08-27,R,694671,5,Bot,48,double,TEX,LAA,,,
776563,2025-08-27,R,669701,5,Bot,47,field_out,TEX,LAA,,,
776563,2025-08-27,R,696030,4,Bot,42,strikeout,TEX,LAA,543309,,673962
776563,2025-08-27,R,543309,4,Bot,41,single,TEX,LAA,673962,592626,
776563,2025-08-27,R,642133,4,Bot,40,strikeout,TEX,LAA,673962,592626,
776563,2025-08-27,R,673962,4,Bot,39,single,TEX,LAA,592626,,
776563,2025-08-27,R,592626,4,Bot,38,single,TEX,LAA,,666969,
776563,2025-08-27,R,666969,4,Bot,37,double,TEX,LAA,,,
776563,2025-08-27,R,608369,4,Bot,36,home_run,TEX,LAA,694671,,
776563,2025-08-27,R,694671,4,Bot,35,walk,TEX,LAA,,,
776563,2025-08-27,R,669701,4,Bot,34,field_out,TEX,LAA,,,
776563,2025-08-27,R,696030,3,Bot,30,field_out,TEX,LAA,,,
776563,2025-08-27,R,543309,3,Bot,29,field_out,TEX,LAA,,,
776563,2025-08-27,R,642133,3,Bot,28,field_out,TEX,LAA,,,
776563,2025-08-27,R,673962,2,Bot,23,field_out,TEX,LAA,,,
776563,2025-08-27,R,592626,2,Bot,22,home_run,TEX,LAA,608369,694671,
776563,2025-08-27,R,666969,2,Bot,21,field_out,TEX,LAA,608369,694671,
776563,2025-08-27,R,608369,2,Bot,20,walk,TEX,LAA,694671,,
776563,2025-08-27,R,694671,2,Bot,19,single,TEX,LAA,,,
776563,2025-08-27,R,669701,2,Bot,18,strikeout,TEX,LAA,,,
776563,2025-08-27,R,696030,1,Bot,14,field_out,TEX,LAA,642133,673962,
776563,2025-08-27,R,543309,1,Bot,13,sac_fly,TEX,LAA,642133,673962,592626
776563,2025-08-27,R,642133,1,Bot,12,hit_by_pitch,TEX,LAA,,673962,592626
776563,2025-08-27,R,673962,1,Bot,11,double,TEX,LAA,592626,,
776563,2025-08-27,R,592626,1,Bot,10,field_error,TEX,LAA,,,
776563,2025-08-27,R,666969,1,Bot,9,home_run,TEX,LAA,608369,694671,
776563,2025-08-27,R,608369,1,Bot,8,single,TEX,LAA,694671,,
776563,2025-08-27,R,694671,1,Bot,7,walk,TEX,LAA,,,
776563,2025-08-27,R,669701,1,Bot,6,field_out,TEX,LAA,,,
776575,2025-08-26,R,543309,8,Bot,61,strikeout,TEX,LAA,,,
776575,2025-08-26,R,683227,8,Bot,60,field_out,TEX,LAA,,,
776575,2025-08-26,R,673962,8,Bot,59,field_out,TEX,LAA,,,
776575,2025-08-26,R,666969,7,Bot,54,strikeout,TEX,LAA,,,
776575,2025-08-26,R,608369,7,Bot,53,home_run,TEX,LAA,,,
776575,2025-08-26,R,642133,7,Bot,52,grounded_into_double_play,TEX,LAA,694671,,
776575,2025-08-26,R,694671,7,Bot,51,single,TEX,LAA,,,
776575,2025-08-26,R,680737,6,Bot,47,field_out,TEX,LAA,,,
776575,2025-08-26,R,641680,6,Bot,46,field_out,TEX,LAA,,,
776575,2025-08-26,R,543309,6,Bot,45,field_out,TEX,LAA,,,
776575,2025-08-26,R,683227,5,Bot,41,strikeout,TEX,LAA,666969,608369,
776575,2025-08-26,R,673962,5,Bot,40,field_out,TEX,LAA,666969,608369,
776575,2025-08-26,R,666969,5,Bot,39,single,TEX,LAA,608369,,
776575,2025-08-26,R,608369,5,Bot,38,walk,TEX,LAA,,,
776575,2025-08-26,R,677649,5,Bot,37,strikeout,TEX,LAA,,,
776575,2025-08-26,R,694671,4,Bot,33,field_out,TEX,LAA,,,
776575,2025-08-26,R,680737,4,Bot,32,strikeout,TEX,LAA,,,
776575,2025-08-26,R,641680,4,Bot,31,field_out,TEX,LAA,,,
776575,2025-08-26,R,543309,4,Bot,30,home_run,TEX,LAA,,,
776575,2025-08-26,R,683227,3,Bot,26,field_out,TEX,LAA,,,
776575,2025-08-26,R,673962,3,Bot,25,field_out,TEX,LAA,,,
776575,2025-08-26,R,666969,3,Bot,24,field_out,TEX,LAA,,,
776575,2025-08-26,R,608369,2,Bot,19,field_out,TEX,LAA,,,
776575,2025-08-26,R,677649,2,Bot,18,field_out,TEX,LAA,,,
776575,2025-08-26,R,694671,2,Bot,17,strikeout,TEX,LAA,,,
776575,2025-08-26,R,680737,2,Bot,16,home_run,TEX,LAA,641680,,
776575,2025-08-26,R,641680,2,Bot,15,walk,TEX,LAA,,,
776575,2025-08-26,R,543309,1,Bot,11,field_out,TEX,LAA,673962,,
776575,2025-08-26,R,683227,1,Bot,10,sac_fly,TEX,LAA,673962,,666969
776575,2025-08-26,R,673962,1,Bot,9,single,TEX,LAA,,666969,608369
776575,2025-08-26,R,666969,1,Bot,8,double,TEX,LAA,608369,694671,
776575,2025-08-26,R,608369,1,Bot,7,walk,TEX,LAA,694671,,
776575,2025-08-26,R,677649,1,Bot,6,strikeout,TEX,LAA,694671,,
776575,2025-08-26,R,694671,1,Bot,5,walk,TEX,LAA,,,
776592,2025-08-25,R,666969,9,Bot,69,field_out,TEX,LAA,,,
776592,2025-08-25,R,683227,9,Bot,68,field_out,TEX,LAA,,,
776592,2025-08-25,R,608369,9,Bot,67,field_out,TEX,LAA,,,
776592,2025-08-25,R,694671,8,Bot,62,strikeout,TEX,LAA,669701,,
776592,2025-08-25,R,669701,8,Bot,61,hit_by_pitch,TEX,LAA,,,
776592,2025-08-25,R,680737,8,Bot,60,strikeout,TEX,LAA,,,
776592,2025-08-25,R,641680,8,Bot,59,field_out,TEX,LAA,,,
776592,2025-08-25,R,673962,7,Bot,54,strikeout,TEX,LAA,,666969,
776592,2025-08-25,R,677649,7,Bot,53,field_out,TEX,LAA,666969,,
776592,2025-08-25,R,666969,7,Bot,52,single,TEX,LAA,,,
776592,2025-08-25,R,683227,7,Bot,51,field_out,TEX,LAA,,,
776592,2025-08-25,R,608369,6,Bot,46,strikeout,TEX,LAA,694671,669701,
776592,2025-08-25,R,694671,6,Bot,45,single,TEX,LAA,669701,,
776592,2025-08-25,R,669701,6,Bot,44,walk,TEX,LAA,,,
776592,2025-08-25,R,696030,6,Bot,43,strikeout,TEX,LAA,,,
776592,2025-08-25,R,641680,6,Bot,42,field_out,TEX,LAA,,,
776592,2025-08-25,R,673962,5,Bot,36,strikeout,TEX,LAA,,592626,
776592,2025-08-25,R,642133,5,Bot,35,field_out,TEX,LAA,592626,,
776592,2025-08-25,R,666969,5,Bot,34,strikeout,TEX,LAA,592626,,
776592,2025-08-25,R,592626,5,Bot,33,single,TEX,LAA,,,
776592,2025-08-25,R,608369,4,Bot,28,grounded_into_double_play,TEX,LAA,694671,,
776592,2025-08-25,R,694671,4,Bot,27,force_out,TEX,LAA,669701,,
776592,2025-08-25,R,669701,4,Bot,26,single,TEX,LAA,,,
776592,2025-08-25,R,696030,3,Bot,19,field_out,TEX,LAA,,,
776592,2025-08-25,R,641680,3,Bot,18,grounded_into_double_play,TEX,LAA,673962,,
776592,2025-08-25,R,673962,3,Bot,17,single,TEX,LAA,,,
776592,2025-08-25,R,642133,2,Bot,13,strikeout,TEX,LAA,,,
776592,2025-08-25,R,666969,2,Bot,12,field_out,TEX,LAA,,,
776592,2025-08-25,R,592626,2,Bot,11,strikeout,TEX,LAA,,,
776592,2025-08-25,R,608369,1,Bot,7,strikeout,TEX,LAA,,,
776592,2025-08-25,R,694671,1,Bot,6,field_out,TEX,LAA,,,
776592,2025-08-25,R,669701,1,Bot,5,field_out,TEX,LAA,,,
776611,2025-08-24,R,592626,8,Bot,70,strikeout,TEX,CLE,608369,,669701
776611,2025-08-24,R,608369,8,Bot,69,single,TEX,CLE,669701,,
776611,2025-08-24,R,694671,8,Bot,68,strikeout,TEX,CLE,669701,,
776611,2025-08-24,R,669701,8,Bot,67,single,TEX,CLE,,,
776611,2025-08-24,R,677649,8,Bot,66,strikeout,TEX,CLE,,,
776611,2025-08-24,R,673962,7,Bot,60,strikeout,TEX,CLE,642133,666969,
776611,2025-08-24,R,543309,7,Bot,59,field_out,TEX,CLE,642133,666969,
776611,2025-08-24,R,642133,7,Bot,58,walk,TEX,CLE,,666969,
776611,2025-08-24,R,666969,7,Bot,57,walk,TEX,CLE,,,
776611,2025-08-24,R,592626,7,Bot,56,home_run,TEX,CLE,,,
776611,2025-08-24,R,608369,7,Bot,55,strikeout,TEX,CLE,,,
776611,2025-08-24,R,694671,6,Bot,51,field_out,TEX,CLE,669701,,
776611,2025-08-24,R,669701,6,Bot,50,walk,TEX,CLE,,,
776611,2025-08-24,R,677649,6,Bot,49,force_out,TEX,CLE,673962,,
776611,2025-08-24,R,673962,6,Bot,48,single,TEX,CLE,,,
776611,2025-08-24,R,543309,5,Bot,44,strikeout,TEX,CLE,,,666969
776611,2025-08-24,R,642133,5,Bot,43,field_out,TEX,CLE,,666969,
776611,2025-08-24,R,666969,5,Bot,42,double,TEX,CLE,,,
776611,2025-08-24,R,592626,5,Bot,41,strikeout,TEX,CLE,,,
776611,2025-08-24,R,608369,4,Bot,36,field_out,TEX,CLE,694671,,
776611,2025-08-24,R,694671,4,Bot,35,single,TEX,CLE,,677649,673962
776611,2025-08-24,R,669701,4,Bot,34,strikeout,TEX,CLE,,677649,673962
776611,2025-08-24,R,677649,4,Bot,33,single,TEX,CLE,673962,,
776611,2025-08-24,R,673962,4,Bot,32,single,TEX,CLE,,,
776611,2025-08-24,R,543309,4,Bot,31,field_out,TEX,CLE,,,
776611,2025-08-24,R,642133,4,Bot,30,home_run,TEX,CLE,,666969,
776611,2025-08-24,R,666969,4,Bot,29,walk,TEX,CLE,,,
776611,2025-08-24,R,592626,3,Bot,24,field_out,TEX,CLE,608369,,
776611,2025-08-24,R,608369,3,Bot,23,single,TEX,CLE,,,
776611,2025-08-24,R,694671,3,Bot,22,strikeout,TEX,CLE,,,
776611,2025-08-24,R,669701,3,Bot,21,field_out,TEX,CLE,,,
776611,2025-08-24,R,677649,2,Bot,17,force_out,TEX,CLE,543309,642133,
776611,2025-08-24,R,673962,2,Bot,16,strikeout,TEX,CLE,543309,642133,
776611,2025-08-24,R,543309,2,Bot,15,walk,TEX,CLE,642133,,
776611,2025-08-24,R,642133,2,Bot,14,walk,TEX,CLE,,,
776611,2025-08-24,R,666969,2,Bot,13,field_out,TEX,CLE,,,
776611,2025-08-24,R,592626,1,Bot,7,field_out,TEX,CLE,,,694671
776611,2025-08-24,R,608369,1,Bot,6,strikeout,TEX,CLE,694671,,
776611,2025-08-24,R,694671,1,Bot,5,walk,TEX,CLE,,,
776611,2025-08-24,R,669701,1,Bot,4,field_out,TEX,CLE,,,
776623,2025-08-23,R,677649,8,Bot,64,field_out,TEX,CLE,696030,,
776623,2025-08-23,R,696030,8,Bot,63,walk,TEX,CLE,,,
776623,2025-08-23,R,680737,8,Bot,62,field_out,TEX,CLE,,,
776623,2025-08-23,R,641680,8,Bot,61,field_out,TEX,CLE,,,
776623,2025-08-23,R,683227,7,Bot,57,field_out,TEX,CLE,,,
776623,2025-08-23,R,666969,7,Bot,56,field_out,TEX,CLE,,,
776623,2025-08-23,R,673962,7,Bot,55,field_out,TEX,CLE,,,
776623,2025-08-23,R,543309,6,Bot,51,field_out,TEX,CLE,,694671,
776623,2025-08-23,R,669701,6,Bot,50,strikeout,TEX,CLE,,694671,
776623,2025-08-23,R,677649,6,Bot,49,field_out,TEX,CLE,,694671,680737
776623,2025-08-23,R,694671,6,Bot,48,double,TEX,CLE,680737,,
776623,2025-08-23,R,680737,6,Bot,47,single,TEX,CLE,,,
776623,2025-08-23,R,641680,5,Bot,43,field_out,TEX,CLE,,,
776623,2025-08-23,R,683227,5,Bot,42,field_out,TEX,CLE,,,
776623,2025-08-23,R,666969,5,Bot,41,home_run,TEX,CLE,673962,,
776623,2025-08-23,R,673962,5,Bot,40,single,TEX,CLE,,,
776623,2025-08-23,R,543309,5,Bot,39,strikeout,TEX,CLE,,,
776623,2025-08-23,R,608369,4,Bot,35,field_out,TEX,CLE,,677649,
776623,2025-08-23,R,677649,4,Bot,34,double,TEX,CLE,,641680,683227
776623,2025-08-23,R,694671,4,Bot,33,field_out,TEX,CLE,641680,683227,
776623,2025-08-23,R,680737,4,Bot,32,field_out,TEX,CLE,641680,683227,
776623,2025-08-23,R,641680,4,Bot,31,single,TEX,CLE,683227,,
776623,2025-08-23,R,683227,4,Bot,30,single,TEX,CLE,,,
776623,2025-08-23,R,666969,3,Bot,25,field_out,TEX,CLE,,,
776623,2025-08-23,R,673962,3,Bot,24,home_run,TEX,CLE,543309,,
776623,2025-08-23,R,543309,3,Bot,23,force_out,TEX,CLE,608369,,694671
776623,2025-08-23,R,608369,3,Bot,22,walk,TEX,CLE,,,694671
776623,2025-08-23,R,677649,3,Bot,21,field_out,TEX,CLE,,694671,
776623,2025-08-23,R,694671,3,Bot,20,double,TEX,CLE,,,
776623,2025-08-23,R,680737,2,Bot,15,field_out,TEX,CLE,,,
776623,2025-08-23,R,641680,2,Bot,14,field_out,TEX,CLE,,,
776623,2025-08-23,R,683227,2,Bot,13,home_run,TEX,CLE,673962,,
776623,2025-08-23,R,666969,2,Bot,12,field_out,TEX,CLE,673962,,
776623,2025-08-23,R,673962,2,Bot,11,walk,TEX,CLE,,,
776623,2025-08-23,R,543309,1,Bot,7,field_out,TEX,CLE,694671,,
776623,2025-08-23,R,608369,1,Bot,6,strikeout,TEX,CLE,694671,,
776623,2025-08-23,R,677649,1,Bot,5,field_out,TEX,CLE,694671,,
776623,2025-08-23,R,694671,1,Bot,4,walk,TEX,CLE,,,
776641,2025-08-22,R,592626,9,Bot,66,double,TEX,CLE,,608369,
776641,2025-08-22,R,608369,9,Bot,65,single,TEX,CLE,,694671,
776641,2025-08-22,R,694671,9,Bot,64,double,TEX,CLE,,,
776641,2025-08-22,R,669701,8,Bot,60,field_out,TEX,CLE,,,
776641,2025-08-22,R,696030,8,Bot,59,field_out,TEX,CLE,,,
776641,2025-08-22,R,677649,8,Bot,58,field_out,TEX,CLE,,,
776641,2025-08-22,R,673962,7,Bot,50,field_out,TEX,CLE,592626,,
776641,2025-08-22,R,642133,7,Bot,49,strikeout,TEX,CLE,592626,,
776641,2025-08-22,R,543309,7,Bot,48,strikeout,TEX,CLE,592626,,
776641,2025-08-22,R,592626,7,Bot,47,single,TEX,CLE,,,
776641,2025-08-22,R,608369,6,Bot,42,field_out,TEX,CLE,,,
776641,2025-08-22,R,694671,6,Bot,41,home_run,TEX,CLE,,,
776641,2025-08-22,R,669701,6,Bot,40,field_out,TEX,CLE,,,
776641,2025-08-22,R,696030,6,Bot,39,field_out,TEX,CLE,,,
776641,2025-08-22,R,677649,5,Bot,35,field_out,TEX,CLE,,,
776641,2025-08-22,R,673962,5,Bot,34,field_out,TEX,CLE,,,
776641,2025-08-22,R,642133,5,Bot,33,home_run,TEX,CLE,,,
776641,2025-08-22,R,543309,5,Bot,32,field_out,TEX,CLE,,,
776641,2025-08-22,R,592626,4,Bot,28,field_out,TEX,CLE,,,
776641,2025-08-22,R,608369,4,Bot,27,field_out,TEX,CLE,,,
776641,2025-08-22,R,694671,4,Bot,26,field_out,TEX,CLE,,,
776641,2025-08-22,R,669701,3,Bot,22,field_out,TEX,CLE,,677649,
776641,2025-08-22,R,696030,3,Bot,21,strikeout,TEX,CLE,,677649,
776641,2025-08-22,R,677649,3,Bot,20,double,TEX,CLE,,,
776641,2025-08-22,R,673962,3,Bot,19,strikeout,TEX,CLE,,,
776641,2025-08-22,R,642133,2,Bot,15,field_out,TEX,CLE,,,
776641,2025-08-22,R,543309,2,Bot,14,field_out,TEX,CLE,,,
776641,2025-08-22,R,592626,2,Bot,13,field_out,TEX,CLE,,,
776641,2025-08-22,R,608369,1,Bot,7,field_out,TEX,CLE,,,
776641,2025-08-22,R,694671,1,Bot,6,field_out,TEX,CLE,,,
776641,2025-08-22,R,669701,1,Bot,5,strikeout,TEX,CLE,,,
776657,2025-08-21,R,543309,9,Top,80,strikeout,KC,TEX,,,
776657,2025-08-21,R,677649,9,Top,79,field_out,KC,TEX,,,
776657,2025-08-21,R,608369,9,Top,78,field_out,KC,TEX,,,
776657,2025-08-21,R,694671,8,Top,73,strikeout,KC,TEX,,,
776657,2025-08-21,R,641680,8,Top,72,strikeout,KC,TEX,,,
776657,2025-08-21,R,683227,8,Top,71,field_out,KC,TEX,,,
776657,2025-08-21,R,669701,7,Top,63,field_out,KC,TEX,694497,677649,
776657,2025-08-21,R,673962,7,Top,62,strikeout,KC,TEX,694497,677649,
776657,2025-08-21,R,694497,7,Top,61,hit_by_pitch,KC,TEX,677649,,
776657,2025-08-21,R,543309,7,Top,60,strikeout,KC,TEX,677649,,
776657,2025-08-21,R,677649,7,Top,59,single,KC,TEX,,,
776657,2025-08-21,R,608369,6,Top,54,strikeout,KC,TEX,,,
776657,2025-08-21,R,694671,6,Top,53,field_out,KC,TEX,,,
776657,2025-08-21,R,641680,6,Top,52,field_out,KC,TEX,,,
776657,2025-08-21,R,683227,5,Top,46,grounded_into_double_play,KC,TEX,669701,642133,
776657,2025-08-21,R,669701,5,Top,45,single,KC,TEX,642133,694497,677649
776657,2025-08-21,R,642133,5,Top,44,fielders_choice,KC,TEX,694497,677649,608369
776657,2025-08-21,R,694497,5,Top,43,single,KC,TEX,677649,608369,
776657,2025-08-21,R,592626,5,Top,42,strikeout,KC,TEX,677649,608369,
776657,2025-08-21,R,677649,5,Top,41,single,KC,TEX,608369,,
776657,2025-08-21,R,608369,5,Top,40,single,KC,TEX,,,
776657,2025-08-21,R,694671,4,Top,33,field_out,KC,TEX,641680,683227,
776657,2025-08-21,R,641680,4,Top,32,single,KC,TEX,683227,,
776657,2025-08-21,R,683227,4,Top,31,single,KC,TEX,,,
776657,2025-08-21,R,669701,4,Top,30,field_out,KC,TEX,,,
776657,2025-08-21,R,642133,4,Top,29,strikeout,KC,TEX,,,
776657,2025-08-21,R,694497,3,Top,23,field_out,KC,TEX,592626,608369,
776657,2025-08-21,R,592626,3,Top,22,single,KC,TEX,608369,694671,
776657,2025-08-21,R,677649,3,Top,21,field_out,KC,TEX,608369,694671,
776657,2025-08-21,R,608369,3,Top,20,single,KC,TEX,694671,,
776657,2025-08-21,R,694671,3,Top,19,walk,KC,TEX,,,
776657,2025-08-21,R,641680,3,Top,18,field_out,KC,TEX,,,
776657,2025-08-21,R,683227,2,Top,13,strikeout,KC,TEX,,694497,
776657,2025-08-21,R,669701,2,Top,12,field_out,KC,TEX,,694497,
776657,2025-08-21,R,642133,2,Top,11,strikeout,KC,TEX,694497,,
776657,2025-08-21,R,694497,2,Top,10,hit_by_pitch,KC,TEX,,,
776657,2025-08-21,R,592626,1,Top,4,strikeout,KC,TEX,,608369,
776657,2025-08-21,R,543760,1,Top,3,strikeout,KC,TEX,,608369,
776657,2025-08-21,R,608369,1,Top,2,double,KC,TEX,,,
776657,2025-08-21,R,694671,1,Top,1,field_out,KC,TEX,,,
776666,2025-08-20,R,677649,9,Top,80,field_out,KC,TEX,669701,,543309
776666,2025-08-20,R,669701,9,Top,79,single,KC,TEX,,543309,
776666,2025-08-20,R,543309,9,Top,78,double,KC,TEX,543760,608369,694671
776666,2025-08-20,R,543760,9,Top,77,single,KC,TEX,608369,694671,
776666,2025-08-20,R,608369,9,Top,76,field_error,KC,TEX,694671,,
776666,2025-08-20,R,694671,9,Top,75,walk,KC,TEX,,,
776666,2025-08-20,R,694497,9,Top,74,field_out,KC,TEX,,,
776666,2025-08-20,R,683227,9,Top,73,field_out,KC,TEX,,,
776666,2025-08-20,R,641680,8,Top,68,single,KC,TEX,677649,,
776666,2025-08-20,R,677649,8,Top,67,single,KC,TEX,,,
776666,2025-08-20,R,669701,8,Top,66,strikeout,KC,TEX,,,
776666,2025-08-20,R,543309,8,Top,65,field_out,KC,TEX,,,
776666,2025-08-20,R,543760,7,Top,58,single,KC,TEX,608369,694671,
776666,2025-08-20,R,608369,7,Top,57,single,KC,TEX,694671,,641680
776666,2025-08-20,R,694671,7,Top,56,walk,KC,TEX,,,641680
776666,2025-08-20,R,694497,7,Top,55,field_out,KC,TEX,,,641680
776666,2025-08-20,R,683227,7,Top,54,field_out,KC,TEX,,641680,
776666,2025-08-20,R,641680,7,Top,53,double,KC,TEX,,,
776666,2025-08-20,R,641680,6,Top,49,truncated_pa,KC,TEX,677649,,
776666,2025-08-20,R,677649,6,Top,48,single,KC,TEX,,,
776666,2025-08-20,R,669701,6,Top,47,field_out,KC,TEX,,,
776666,2025-08-20,R,543309,6,Top,46,field_out,KC,TEX,,,
776666,2025-08-20,R,543760,5,Top,40,force_out,KC,TEX,694671,,
776666,2025-08-20,R,608369,5,Top,39,field_out,KC,TEX,694671,,
776666,2025-08-20,R,694671,5,Top,38,walk,KC,TEX,,,
776666,2025-08-20,R,694497,5,Top,37,field_out,KC,TEX,,,
776666,2025-08-20,R,683227,4,Top,33,field_out,KC,TEX,,,
776666,2025-08-20,R,641680,4,Top,32,field_out,KC,TEX,,,
776666,2025-08-20,R,677649,4,Top,31,strikeout,KC,TEX,,,
776666,2025-08-20,R,673962,3,Top,27,field_out,KC,TEX,543309,543760,
776666,2025-08-20,R,543309,3,Top,26,walk,KC,TEX,543760,,
776666,2025-08-20,R,543760,3,Top,25,single,KC,TEX,,694671,
776666,2025-08-20,R,608369,3,Top,24,field_out,KC,TEX,694671,,
776666,2025-08-20,R,694671,3,Top,23,single,KC,TEX,,,
776666,2025-08-20,R,694497,3,Top,22,strikeout,KC,TEX,,,
776666,2025-08-20,R,683227,2,Top,16,field_out,KC,TEX,,,
776666,2025-08-20,R,641680,2,Top,15,field_out,KC,TEX,,,
776666,2025-08-20,R,677649,2,Top,14,strikeout,KC,TEX,,,
776666,2025-08-20,R,673962,1,Top,5,strikeout,KC,TEX,543760,,
776666,2025-08-20,R,543309,1,Top,4,strikeout,KC,TEX,543760,,
776666,2025-08-20,R,543760,1,Top,3,force_out,KC,TEX,608369,,
776666,2025-08-20,R,608369,1,Top,2,walk,KC,TEX,,,
776666,2025-08-20,R,694671,1,Top,1,home_run,KC,TEX,,,
776675,2025-08-19,R,673962,9,Top,66,field_out,KC,TEX,543760,,
776675,2025-08-19,R,543760,9,Top,65,walk,KC,TEX,,,
776675,2025-08-19,R,694497,9,Top,64,field_out,KC,TEX,,,
776675,2025-08-19,R,592626,9,Top,63,field_out,KC,TEX,,,
776675,2025-08-19,R,608369,8,Top,56,force_out,KC,TEX,694671,,
776675,2025-08-19,R,694671,8,Top,55,walk,KC,TEX,,,
776675,2025-08-19,R,683227,8,Top,54,grounded_into_double_play,KC,TEX,641680,,
776675,2025-08-19,R,641680,8,Top,53,single,KC,TEX,,,
776675,2025-08-19,R,677649,7,Top,46,field_out,KC,TEX,,,
776675,2025-08-19,R,673962,7,Top,45,field_out,KC,TEX,,,
776675,2025-08-19,R,543760,7,Top,44,strikeout,KC,TEX,,,
776675,2025-08-19,R,694497,6,Top,39,field_out,KC,TEX,608369,,
776675,2025-08-19,R,592626,6,Top,38,field_out,KC,TEX,608369,,
776675,2025-08-19,R,608369,6,Top,37,hit_by_pitch,KC,TEX,,,
776675,2025-08-19,R,694671,6,Top,36,strikeout,KC,TEX,,,
776675,2025-08-19,R,669701,5,Top,32,field_out,KC,TEX,641680,,
776675,2025-08-19,R,641680,5,Top,31,walk,KC,TEX,,,
776675,2025-08-19,R,696030,5,Top,30,strikeout,KC,TEX,,,
776675,2025-08-19,R,642133,5,Top,29,field_out,KC,TEX,,,
776675,2025-08-19,R,543760,4,Top,25,field_out,KC,TEX,,,
776675,2025-08-19,R,694497,4,Top,24,walk,KC,TEX,,,
776675,2025-08-19,R,592626,4,Top,23,home_run,KC,TEX,,,
776675,2025-08-19,R,608369,4,Top,22,field_out,KC,TEX,,,
776675,2025-08-19,R,694671,3,Top,18,strikeout,KC,TEX,,,
776675,2025-08-19,R,669701,3,Top,17,field_out,KC,TEX,,,
776675,2025-08-19,R,641680,3,Top,16,field_out,KC,TEX,,,
776675,2025-08-19,R,696030,2,Top,12,field_out,KC,TEX,642133,,
776675,2025-08-19,R,642133,2,Top,11,single,KC,TEX,,,
776675,2025-08-19,R,543760,2,Top,10,field_out,KC,TEX,,,
776675,2025-08-19,R,694497,2,Top,9,field_out,KC,TEX,,,
776675,2025-08-19,R,592626,1,Top,4,field_out,KC,TEX,,,
776675,2025-08-19,R,608369,1,Top,3,home_run,KC,TEX,,,
776675,2025-08-19,R,694671,1,Top,2,strikeout,KC,TEX,,,
776675,2025-08-19,R,669701,1,Top,1,field_out,KC,TEX,,,
776690,2025-08-18,R,683227,9,Top,71,field_out,KC,TEX,,,
776690,2025-08-18,R,592626,9,Top,70,field_out,KC,TEX,,,
776690,2025-08-18,R,543760,9,Top,69,field_out,KC,TEX,,,
776690,2025-08-18,R,694497,8,Top,65,field_out,KC,TEX,,608369,
776690,2025-08-18,R,642133,8,Top,64,field_out,KC,TEX,,608369,694671
776690,2025-08-18,R,608369,8,Top,63,double,KC,TEX,694671,,
776690,2025-08-18,R,694671,8,Top,62,single,KC,TEX,,,
776690,2025-08-18,R,669701,8,Top,61,strikeout,KC,TEX,,,
776690,2025-08-18,R,641680,7,Top,57,field_out,KC,TEX,,,
776690,2025-08-18,R,683227,7,Top,56,field_out,KC,TEX,,,
776690,2025-08-18,R,592626,7,Top,55,field_out,KC,TEX,,,
776690,2025-08-18,R,543760,6,Top,50,strikeout,KC,TEX,694497,,
776690,2025-08-18,R,694497,6,Top,49,single,KC,TEX,,,694671
776690,2025-08-18,R,642133,6,Top,48,grounded_into_double_play,KC,TEX,608369,694671,
776690,2025-08-18,R,608369,6,Top,47,single,KC,TEX,694671,,
776690,2025-08-18,R,694671,6,Top,46,single,KC,TEX,,,
776690,2025-08-18,R,669701,5,Top,40,field_out,KC,TEX,,,
776690,2025-08-18,R,641680,5,Top,39,field_out,KC,TEX,,,
776690,2025-08-18,R,683227,5,Top,38,field_out,KC,TEX,,,
776690,2025-08-18,R,592626,4,Top,32,field_out,KC,TEX,,,
776690,2025-08-18,R,543760,4,Top,31,grounded_into_double_play,KC,TEX,694497,,
776690,2025-08-18,R,694497,4,Top,30,single,KC,TEX,,,
776690,2025-08-18,R,642133,3,Top,23,strikeout,KC,TEX,,,
776690,2025-08-18,R,608369,3,Top,22,field_out,KC,TEX,,,
776690,2025-08-18,R,694671,3,Top,21,strikeout,KC,TEX,,,
776690,2025-08-18,R,669701,2,Top,15,double_play,KC,TEX,641680,,592626
776690,2025-08-18,R,641680,2,Top,14,single,KC,TEX,592626,543760,
776690,2025-08-18,R,683227,2,Top,13,field_out,KC,TEX,592626,543760,
776690,2025-08-18,R,592626,2,Top,12,single,KC,TEX,543760,,
776690,2025-08-18,R,543760,2,Top,11,single,KC,TEX,,,
776690,2025-08-18,R,694497,1,Top,5,field_out,KC,TEX,642133,608369,
776690,2025-08-18,R,642133,1,Top,4,single,KC,TEX,608369,,
776690,2025-08-18,R,608369,1,Top,3,single,KC,TEX,,,
776690,2025-08-18,R,694671,1,Top,2,strikeout,KC,TEX,,,
776690,2025-08-18,R,669701,1,Top,1,field_out,KC,TEX,,,
776710,2025-08-17,R,683227,9,Top,77,field_out,TOR,TEX,677649,,
776710,2025-08-17,R,677649,9,Top,76,walk,TOR,TEX,,,
776710,2025-08-17,R,543760,9,Top,75,field_out,TOR,TEX,,,
776710,2025-08-17,R,694497,9,Top,74,home_run,TOR,TEX,,,608369
776710,2025-08-17,R,592626,9,Top,73,field_out,TOR,TEX,,608369,
776710,2025-08-17,R,608369,9,Top,72,double,TOR,TEX,,,
776710,2025-08-17,R,694671,8,Top,64,field_out,TOR,TEX,669701,,
776710,2025-08-17,R,669701,8,Top,63,walk,TOR,TEX,,,
776710,2025-08-17,R,641680,8,Top,62,field_out,TOR,TEX,,,
776710,2025-08-17,R,683227,8,Top,61,field_out,TOR,TEX,,,
776710,2025-08-17,R,677649,7,Top,57,field_out,TOR,TEX,543760,,
776710,2025-08-17,R,543760,7,Top,56,single,TOR,TEX,,,
776710,2025-08-17,R,694497,7,Top,55,field_out,TOR,TEX,,,
776710,2025-08-17,R,673962,7,Top,54,field_out,TOR,TEX,,,
776710,2025-08-17,R,608369,6,Top,48,strikeout,TOR,TEX,,,
776710,2025-08-17,R,694671,6,Top,47,home_run,TOR,TEX,669701,,
776710,2025-08-17,R,669701,6,Top,46,force_out,TOR,TEX,641680,,
776710,2025-08-17,R,641680,6,Top,45,single,TOR,TEX,,,
776710,2025-08-17,R,683227,6,Top,44,field_out,TOR,TEX,,,
776710,2025-08-17,R,669394,5,Top,40,field_out,TOR,TEX,543760,694497,
776710,2025-08-17,R,543760,5,Top,39,walk,TOR,TEX,694497,,
776710,2025-08-17,R,694497,5,Top,38,force_out,TOR,TEX,642133,,
776710,2025-08-17,R,642133,5,Top,37,walk,TOR,TEX,,,
776710,2025-08-17,R,608369,5,Top,36,home_run,TOR,TEX,,,
776710,2025-08-17,R,694671,5,Top,35,field_out,TOR,TEX,,,
776710,2025-08-17,R,669701,4,Top,30,single,TOR,TEX,641680,,
776710,2025-08-17,R,641680,4,Top,29,single,TOR,TEX,,683227,669394
776710,2025-08-17,R,683227,4,Top,28,double,TOR,TEX,669394,,
776710,2025-08-17,R,669394,4,Top,27,single,TOR,TEX,,543760,
776710,2025-08-17,R,543760,4,Top,26,double,TOR,TEX,,,
776710,2025-08-17,R,694497,4,Top,25,strikeout,TOR,TEX,,,
776710,2025-08-17,R,642133,4,Top,24,field_out,TOR,TEX,,,
776710,2025-08-17,R,608369,3,Top,20,field_out,TOR,TEX,694671,,
776710,2025-08-17,R,694671,3,Top,19,single,TOR,TEX,,,
776710,2025-08-17,R,669701,3,Top,18,field_out,TOR,TEX,,,
776710,2025-08-17,R,641680,3,Top,17,single,TOR,TEX,,,
776710,2025-08-17,R,683227,2,Top,12,field_out,TOR,TEX,,,
776710,2025-08-17,R,669394,2,Top,11,field_out,TOR,TEX,,,
776710,2025-08-17,R,543760,2,Top,10,home_run,TOR,TEX,642133,,
776710,2025-08-17,R,694497,2,Top,9,field_out,TOR,TEX,642133,,
776710,2025-08-17,R,642133,2,Top,8,single,TOR,TEX,,,
776710,2025-08-17,R,608369,1,Top,3,field_out,TOR,TEX,,,
776710,2025-08-17,R,694671,1,Top,2,hit_by_pitch,TOR,TEX,,,
776710,2025-08-17,R,669701,1,Top,1,strikeout,TOR,TEX,,,
776723,2025-08-16,R,673962,9,Top,86,force_out,TOR,TEX,669394,,
776723,2025-08-16,R,669394,9,Top,85,single,TOR,TEX,,694671,
776723,2025-08-16,R,592626,9,Top,84,field_out,TOR,TEX,694671,,
776723,2025-08-16,R,694671,9,Top,83,force_out,TOR,TEX,694497,,
776723,2025-08-16,R,694497,9,Top,82,hit_by_pitch,TOR,TEX,,,
776723,2025-08-16,R,641680,8,Top,76,force_out,TOR,TEX,669701,,
776723,2025-08-16,R,677649,8,Top,75,field_out,TOR,TEX,669701,,
776723,2025-08-16,R,669701,8,Top,74,walk,TOR,TEX,,,
776723,2025-08-16,R,642133,8,Top,73,field_out,TOR,TEX,,,
776723,2025-08-16,R,673962,7,Top,66,strikeout,TOR,TEX,669394,694497,
776723,2025-08-16,R,669394,7,Top,65,single,TOR,TEX,694497,,
776723,2025-08-16,R,592626,7,Top,64,strikeout,TOR,TEX,694497,,
776723,2025-08-16,R,694671,7,Top,63,strikeout,TOR,TEX,694497,,
776723,2025-08-16,R,694497,7,Top,62,single,TOR,TEX,,,
776723,2025-08-16,R,641680,6,Top,57,field_out,TOR,TEX,,669701,673962
776723,2025-08-16,R,677649,6,Top,56,field_out,TOR,TEX,669701,673962,
776723,2025-08-16,R,669701,6,Top,55,hit_by_pitch,TOR,TEX,673962,,
776723,2025-08-16,R,543309,6,Top,54,strikeout,TOR,TEX,673962,,
776723,2025-08-16,R,673962,6,Top,53,walk,TOR,TEX,,,
776723,2025-08-16,R,669394,5,Top,43,field_out,TOR,TEX,,694671,
776723,2025-08-16,R,608369,5,Top,42,field_out,TOR,TEX,,694671,
776723,2025-08-16,R,694671,5,Top,41,double,TOR,TEX,,,
776723,2025-08-16,R,664059,5,Top,40,field_out,TOR,TEX,,,
776723,2025-08-16,R,641680,4,Top,36,strikeout,TOR,TEX,,,
776723,2025-08-16,R,677649,4,Top,35,field_out,TOR,TEX,,,
776723,2025-08-16,R,669701,4,Top,34,strikeout,TOR,TEX,,,
776723,2025-08-16,R,543309,3,Top,28,field_out,TOR,TEX,673962,669394,
776723,2025-08-16,R,673962,3,Top,27,single,TOR,TEX,669394,,
776723,2025-08-16,R,669394,3,Top,26,single,TOR,TEX,,664059,
776723,2025-08-16,R,608369,3,Top,25,field_out,TOR,TEX,664059,,
776723,2025-08-16,R,694671,3,Top,24,strikeout,TOR,TEX,664059,,
776723,2025-08-16,R,664059,3,Top,23,walk,TOR,TEX,,,
776723,2025-08-16,R,641680,2,Top,12,field_out,TOR,TEX,,677649,
776723,2025-08-16,R,677649,2,Top,11,double,TOR,TEX,,,
776723,2025-08-16,R,669701,2,Top,10,field_out,TOR,TEX,,,
776723,2025-08-16,R,543309,2,Top,9,field_out,TOR,TEX,,,
776723,2025-08-16,R,673962,1,Top,5,field_out,TOR,TEX,669394,608369,
776723,2025-08-16,R,669394,1,Top,4,walk,TOR,TEX,608369,,
776723,2025-08-16,R,608369,1,Top,3,field_error,TOR,TEX,,,
776723,2025-08-16,R,694671,1,Top,2,strikeout,TOR,TEX,,,
776723,2025-08-16,R,664059,1,Top,1,field_out,TOR,TEX,,,
776735,2025-08-15,R,669701,9,Top,72,strikeout,TOR,TEX,,,
776735,2025-08-15,R,543309,9,Top,71,strikeout,TOR,TEX,,,
776735,2025-08-15,R,673962,9,Top,70,strikeout,TOR,TEX,,,
776735,2025-08-15,R,642133,8,Top,60,strikeout,TOR,TEX,,,
776735,2025-08-15,R,543760,8,Top,59,home_run,TOR,TEX,694497,,
776735,2025-08-15,R,694497,8,Top,58,walk,TOR,TEX,,,
776735,2025-08-15,R,669394,8,Top,57,field_out,TOR,TEX,,,
776735,2025-08-15,R,608369,8,Top,56,strikeout,TOR,TEX,,,
776735,2025-08-15,R,694671,7,Top,50,strikeout,TOR,TEX,,,
776735,2025-08-15,R,669701,7,Top,49,field_out,TOR,TEX,,,
776735,2025-08-15,R,543309,7,Top,48,strikeout,TOR,TEX,,,
776735,2025-08-15,R,673962,6,Top,44,field_out,TOR,TEX,642133,,
776735,2025-08-15,R,642133,6,Top,43,walk,TOR,TEX,,,
776735,2025-08-15,R,543760,6,Top,42,field_out,TOR,TEX,,,
776735,2025-08-15,R,694497,6,Top,41,field_out,TOR,TEX,,,
776735,2025-08-15,R,592626,5,Top,37,strikeout,TOR,TEX,,694671,
776735,2025-08-15,R,608369,5,Top,36,field_out,TOR,TEX,694671,,
776735,2025-08-15,R,694671,5,Top,35,walk,TOR,TEX,,,
776735,2025-08-15,R,669701,5,Top,34,field_out,TOR,TEX,,,
776735,2025-08-15,R,543309,4,Top,29,field_out,TOR,TEX,642133,,
776735,2025-08-15,R,673962,4,Top,28,strikeout,TOR,TEX,642133,,
776735,2025-08-15,R,642133,4,Top,27,single,TOR,TEX,,,
776735,2025-08-15,R,543760,4,Top,26,field_out,TOR,TEX,,,
776735,2025-08-15,R,694497,3,Top,22,grounded_into_double_play,TOR,TEX,592626,,
776735,2025-08-15,R,592626,3,Top,21,walk,TOR,TEX,,,
776735,2025-08-15,R,608369,3,Top,20,strikeout,TOR,TEX,,,
776735,2025-08-15,R,694671,2,Top,14,field_out,TOR,TEX,,669701,
776735,2025-08-15,R,669701,2,Top,13,double,TOR,TEX,,,
776735,2025-08-15,R,543309,2,Top,12,home_run,TOR,TEX,642133,543760,
776735,2025-08-15,R,673962,2,Top,11,field_out,TOR,TEX,642133,543760,
776735,2025-08-15,R,642133,2,Top,10,walk,TOR,TEX,543760,,
776735,2025-08-15,R,543760,2,Top,9,hit_by_pitch,TOR,TEX,,,
776735,2025-08-15,R,694497,2,Top,8,single,TOR,TEX,,,
776735,2025-08-15,R,592626,1,Top,4,field_out,TOR,TEX,608369,,
776735,2025-08-15,R,608369,1,Top,3,walk,TOR,TEX,,,
776735,2025-08-15,R,694671,1,Top,2,strikeout,TOR,TEX,,,
776735,2025-08-15,R,669701,1,Top,1,field_out,TOR,TEX,,,
776746,2025-08-13,R,543760,9,Bot,78,field_out,TEX,AZ,,,
776746,2025-08-13,R,608369,9,Bot,77,field_out,TEX,AZ,,,
776746,2025-08-13,R,664059,9,Bot,76,field_out,TEX,AZ,,,
776746,2025-08-13,R,677649,8,Bot,68,field_out,TEX,AZ,641680,673962,
776746,2025-08-13,R,641680,8,Bot,67,walk,TEX,AZ,,673962,
776746,2025-08-13,R,673962,8,Bot,66,double,TEX,AZ,669394,,
776746,2025-08-13,R,669394,8,Bot,65,single,TEX,AZ,,,
776746,2025-08-13,R,694497,8,Bot,64,field_out,TEX,AZ,,,
776746,2025-08-13,R,592626,8,Bot,63,field_out,TEX,AZ,,,
776746,2025-08-13,R,543760,7,Bot,58,field_out,TEX,AZ,,,
776746,2025-08-13,R,608369,7,Bot,57,field_out,TEX,AZ,,,
776746,2025-08-13,R,664059,7,Bot,56,strikeout,TEX,AZ,,,
776746,2025-08-13,R,677649,6,Bot,52,grounded_into_double_play,TEX,AZ,641680,673962,
776746,2025-08-13,R,641680,6,Bot,51,field_error,TEX,AZ,673962,,
776746,2025-08-13,R,673962,6,Bot,50,walk,TEX,AZ,,,
776746,2025-08-13,R,669394,6,Bot,49,field_out,TEX,AZ,,,
776746,2025-08-13,R,694497,5,Bot,45,field_out,TEX,AZ,592626,,543760
776746,2025-08-13,R,592626,5,Bot,44,single,TEX,AZ,543760,,
776746,2025-08-13,R,543760,5,Bot,43,field_error,TEX,AZ,,,
776746,2025-08-13,R,608369,5,Bot,42,field_out,TEX,AZ,,,
776746,2025-08-13,R,669701,5,Bot,41,field_out,TEX,AZ,,,
776746,2025-08-13,R,677649,4,Bot,34,field_out,TEX,AZ,,,
776746,2025-08-13,R,641680,4,Bot,33,field_out,TEX,AZ,,,
776746,2025-08-13,R,673962,4,Bot,32,field_out,TEX,AZ,,,
776746,2025-08-13,R,669394,4,Bot,31,home_run,TEX,AZ,,694497,
776746,2025-08-13,R,694497,4,Bot,30,double,TEX,AZ,,,
776746,2025-08-13,R,592626,3,Bot,25,field_out,TEX,AZ,,,
776746,2025-08-13,R,543760,3,Bot,24,field_out,TEX,AZ,,,
776746,2025-08-13,R,608369,3,Bot,23,field_out,TEX,AZ,,,
776746,2025-08-13,R,669701,2,Bot,17,field_out,TEX,AZ,,677649,
776746,2025-08-13,R,677649,2,Bot,16,walk,TEX,AZ,,,
776746,2025-08-13,R,641680,2,Bot,15,field_out,TEX,AZ,,,
776746,2025-08-13,R,673962,2,Bot,14,field_out,TEX,AZ,,,
776746,2025-08-13,R,669394,1,Bot,10,strikeout,TEX,AZ,,694497,543760
776746,2025-08-13,R,694497,1,Bot,9,single,TEX,AZ,543760,669701,
776746,2025-08-13,R,592626,1,Bot,8,field_out,TEX,AZ,543760,669701,
776746,2025-08-13,R,543760,1,Bot,7,walk,TEX,AZ,669701,,
776746,2025-08-13,R,608369,1,Bot,6,field_out,TEX,AZ,669701,,
776746,2025-08-13,R,669701,1,Bot,5,single,TEX,AZ,,,
776764,2025-08-12,R,543309,9,Bot,75,field_out,TEX,AZ,,,
776764,2025-08-12,R,673962,9,Bot,74,field_out,TEX,AZ,,,
776764,2025-08-12,R,666969,9,Bot,73,field_out,TEX,AZ,,,
776764,2025-08-12,R,642133,8,Bot,68,field_out,TEX,AZ,669394,,
776764,2025-08-12,R,694671,8,Bot,67,field_out,TEX,AZ,669394,,
776764,2025-08-12,R,669394,8,Bot,66,walk,TEX,AZ,,,
776764,2025-08-12,R,543760,8,Bot,65,field_out,TEX,AZ,,,
776764,2025-08-12,R,608369,7,Bot,61,field_out,TEX,AZ,,543309,
776764,2025-08-12,R,664059,7,Bot,60,strikeout,TEX,AZ,,543309,
776764,2025-08-12,R,543309,7,Bot,59,double,TEX,AZ,,,
776764,2025-08-12,R,673962,7,Bot,58,field_out,TEX,AZ,,,
776764,2025-08-12,R,666969,6,Bot,51,field_out,TEX,AZ,,694671,
776764,2025-08-12,R,642133,6,Bot,50,field_out,TEX,AZ,694671,,
776764,2025-08-12,R,694671,6,Bot,49,walk,TEX,AZ,,,
776764,2025-08-12,R,592626,6,Bot,48,strikeout,TEX,AZ,,,
776764,2025-08-12,R,543760,5,Bot,43,field_out,TEX,AZ,,,
776764,2025-08-12,R,608369,5,Bot,42,field_out,TEX,AZ,,,
776764,2025-08-12,R,669701,5,Bot,41,field_out,TEX,AZ,,,
776764,2025-08-12,R,543309,4,Bot,37,field_out,TEX,AZ,,,
776764,2025-08-12,R,673962,4,Bot,36,strikeout,TEX,AZ,,,
776764,2025-08-12,R,666969,4,Bot,35,field_out,TEX,AZ,,,
776764,2025-08-12,R,642133,3,Bot,29,field_out,TEX,AZ,694671,608369,669701
776764,2025-08-12,R,694671,3,Bot,28,walk,TEX,AZ,,608369,669701
776764,2025-08-12,R,592626,3,Bot,27,strikeout,TEX,AZ,,608369,669701
776764,2025-08-12,R,543760,3,Bot,26,sac_fly,TEX,AZ,608369,669701,543309
776764,2025-08-12,R,608369,3,Bot,25,fielders_choice,TEX,AZ,669701,543309,
776764,2025-08-12,R,669701,3,Bot,24,single,TEX,AZ,543309,,
776764,2025-08-12,R,543309,3,Bot,23,walk,TEX,AZ,,,
776764,2025-08-12,R,673962,2,Bot,15,field_out,TEX,AZ,,694671,
776764,2025-08-12,R,666969,2,Bot,14,field_out,TEX,AZ,694671,,592626
776764,2025-08-12,R,642133,2,Bot,13,strikeout,TEX,AZ,694671,,592626
776764,2025-08-12,R,694671,2,Bot,12,single,TEX,AZ,592626,,
776764,2025-08-12,R,592626,2,Bot,11,single,TEX,AZ,,,
776764,2025-08-12,R,543760,1,Bot,6,strikeout,TEX,AZ,,,
776764,2025-08-12,R,608369,1,Bot,5,field_out,TEX,AZ,,,
776764,2025-08-12,R,669701,1,Bot,4,field_out,TEX,AZ,,,
776785,2025-08-11,R,669394,10,Bot,82,single,TEX,AZ,,608369,664059
776785,2025-08-11,R,543760,10,Bot,81,field_out,TEX,AZ,608369,664059,
776785,2025-08-11,R,608369,10,Bot,80,intent_walk,TEX,AZ,,664059,
776785,2025-08-11,R,664059,9,Bot,76,field_out,TEX,AZ,,,666969
776785,2025-08-11,R,641680,9,Bot,75,field_out,TEX,AZ,,666969,
776785,2025-08-11,R,673962,9,Bot,74,strikeout,TEX,AZ,,666969,
776785,2025-08-11,R,666969,9,Bot,73,double,TEX,AZ,,,
776785,2025-08-11,R,642133,9,Bot,72,home_run,TEX,AZ,,,
776785,2025-08-11,R,694671,8,Bot,68,strikeout,TEX,AZ,,,
776785,2025-08-11,R,592626,8,Bot,67,field_out,TEX,AZ,,,
776785,2025-08-11,R,543760,8,Bot,66,field_out,TEX,AZ,,,
776785,2025-08-11,R,608369,7,Bot,61,field_out,TEX,AZ,641680,,
776785,2025-08-11,R,669701,7,Bot,60,field_out,TEX,AZ,641680,,
776785,2025-08-11,R,641680,7,Bot,59,single,TEX,AZ,,,
776785,2025-08-11,R,673962,7,Bot,58,field_out,TEX,AZ,,,
776785,2025-08-11,R,666969,6,Bot,54,grounded_into_double_play,TEX,AZ,642133,,
776785,2025-08-11,R,642133,6,Bot,53,field_error,TEX,AZ,,,
776785,2025-08-11,R,694671,6,Bot,52,home_run,TEX,AZ,543760,,608369
776785,2025-08-11,R,592626,6,Bot,51,field_out,TEX,AZ,543760,608369,
776785,2025-08-11,R,543760,6,Bot,50,single,TEX,AZ,608369,,
776785,2025-08-11,R,608369,6,Bot,49,single,TEX,AZ,,669701,
776785,2025-08-11,R,669701,6,Bot,48,double,TEX,AZ,,,
776785,2025-08-11,R,641680,5,Bot,42,field_out,TEX,AZ,,,
776785,2025-08-11,R,673962,5,Bot,41,field_out,TEX,AZ,,,
776785,2025-08-11,R,666969,5,Bot,40,strikeout,TEX,AZ,,,
776785,2025-08-11,R,642133,4,Bot,35,field_out,TEX,AZ,,,
776785,2025-08-11,R,694671,4,Bot,34,field_out,TEX,AZ,,,
776785,2025-08-11,R,592626,4,Bot,33,field_out,TEX,AZ,,,
776785,2025-08-11,R,543760,3,Bot,29,strikeout,TEX,AZ,,608369,
776785,2025-08-11,R,608369,3,Bot,28,double,TEX,AZ,,673962,
776785,2025-08-11,R,669701,3,Bot,27,strikeout,TEX,AZ,,673962,
776785,2025-08-11,R,641680,3,Bot,26,field_out,TEX,AZ,,673962,
776785,2025-08-11,R,673962,3,Bot,25,double,TEX,AZ,,,
776785,2025-08-11,R,666969,2,Bot,15,strikeout,TEX,AZ,,,
776785,2025-08-11,R,642133,2,Bot,14,field_out,TEX,AZ,,,
776785,2025-08-11,R,694671,2,Bot,13,strikeout,TEX,AZ,,,
776785,2025-08-11,R,592626,1,Bot,7,strikeout,TEX,AZ,669701,,
776785,2025-08-11,R,543760,1,Bot,6,field_out,TEX,AZ,669701,,
776785,2025-08-11,R,608369,1,Bot,5,field_out,TEX,AZ,669701,,
776785,2025-08-11,R,669701,1,Bot,4,single,TEX,AZ,,,
776800,2025-08-10,R,669701,9,Bot,74,strikeout,TEX,PHI,673962,,
776800,2025-08-10,R,543309,9,Bot,73,field_out,TEX,PHI,673962,,
776800,2025-08-10,R,673962,9,Bot,72,single,TEX,PHI,,,
776800,2025-08-10,R,669394,9,Bot,71,field_out,TEX,PHI,,,
776800,2025-08-10,R,694671,8,Bot,65,force_out,TEX,PHI,664059,,
776800,2025-08-10,R,666969,8,Bot,64,field_out,TEX,PHI,664059,,
776800,2025-08-10,R,664059,8,Bot,63,single,TEX,PHI,,,
776800,2025-08-10,R,543760,8,Bot,62,field_out,TEX,PHI,,,
776800,2025-08-10,R,608369,7,Bot,57,field_out,TEX,PHI,543309,,
776800,2025-08-10,R,669701,7,Bot,56,field_out,TEX,PHI,543309,,
776800,2025-08-10,R,543309,7,Bot,55,single,TEX,PHI,,,
776800,2025-08-10,R,673962,7,Bot,54,field_out,TEX,PHI,,,
776800,2025-08-10,R,669394,6,Bot,50,field_out,TEX,PHI,694671,,
776800,2025-08-10,R,694671,6,Bot,49,single,TEX,PHI,,,
776800,2025-08-10,R,666969,6,Bot,48,strikeout,TEX,PHI,,,
776800,2025-08-10,R,664059,6,Bot,47,strikeout,TEX,PHI,,,
776800,2025-08-10,R,543760,5,Bot,42,field_out,TEX,PHI,,,
776800,2025-08-10,R,608369,5,Bot,41,field_out,TEX,PHI,,,
776800,2025-08-10,R,669701,5,Bot,40,field_out,TEX,PHI,,,
776800,2025-08-10,R,543309,4,Bot,32,strikeout,TEX,PHI,642133,,
776800,2025-08-10,R,673962,4,Bot,31,strikeout,TEX,PHI,642133,,
776800,2025-08-10,R,642133,4,Bot,30,single,TEX,PHI,,,
776800,2025-08-10,R,694671,4,Bot,29,field_out,TEX,PHI,,,
776800,2025-08-10,R,666969,3,Bot,23,field_out,TEX,PHI,592626,608369,
776800,2025-08-10,R,592626,3,Bot,22,walk,TEX,PHI,608369,,
776800,2025-08-10,R,543760,3,Bot,21,strikeout,TEX,PHI,608369,,
776800,2025-08-10,R,608369,3,Bot,20,walk,TEX,PHI,,,
776800,2025-08-10,R,669701,3,Bot,19,field_out,TEX,PHI,,,
776800,2025-08-10,R,543309,2,Bot,15,strikeout,TEX,PHI,,,
776800,2025-08-10,R,673962,2,Bot,14,strikeout,TEX,PHI,,,
776800,2025-08-10,R,642133,2,Bot,13,strikeout,TEX,PHI,,,
776800,2025-08-10,R,694671,1,Bot,9,field_out,TEX,PHI,666969,,
776800,2025-08-10,R,666969,1,Bot,8,single,TEX,PHI,,,
776800,2025-08-10,R,592626,1,Bot,7,home_run,TEX,PHI,543760,,
776800,2025-08-10,R,543760,1,Bot,6,force_out,TEX,PHI,608369,,
776800,2025-08-10,R,608369,1,Bot,5,walk,TEX,PHI,,,
776800,2025-08-10,R,669701,1,Bot,4,strikeout,TEX,PHI,,,
776810,2025-08-09,R,669701,9,Bot,71,field_out,TEX,PHI,,,
776810,2025-08-09,R,592626,9,Bot,70,strikeout,TEX,PHI,,,
776810,2025-08-09,R,666969,9,Bot,69,field_out,TEX,PHI,,,
776810,2025-08-09,R,673962,8,Bot,65,strikeout,TEX,PHI,,,
776810,2025-08-09,R,694671,8,Bot,64,field_out,TEX,PHI,,,
776810,2025-08-09,R,543760,8,Bot,63,field_out,TEX,PHI,,,
776810,2025-08-09,R,608369,8,Bot,62,home_run,TEX,PHI,,,
776810,2025-08-09,R,664059,7,Bot,57,field_out,TEX,PHI,677649,,
776810,2025-08-09,R,677649,7,Bot,56,single,TEX,PHI,,,
776810,2025-08-09,R,641680,7,Bot,55,field_out,TEX,PHI,,,
776810,2025-08-09,R,669394,7,Bot,54,field_out,TEX,PHI,,,
776810,2025-08-09,R,666969,6,Bot,46,field_out,TEX,PHI,,,
776810,2025-08-09,R,673962,6,Bot,45,field_out,TEX,PHI,,,
776810,2025-08-09,R,694671,6,Bot,44,field_out,TEX,PHI,,,
776810,2025-08-09,R,543760,5,Bot,40,field_out,TEX,PHI,,,
776810,2025-08-09,R,608369,5,Bot,39,strikeout_double_play,TEX,PHI,664059,,
776810,2025-08-09,R,664059,5,Bot,38,single,TEX,PHI,,,
776810,2025-08-09,R,677649,4,Bot,33,strikeout,TEX,PHI,641680,669394,
776810,2025-08-09,R,641680,4,Bot,32,walk,TEX,PHI,669394,,
776810,2025-08-09,R,669394,4,Bot,31,single,TEX,PHI,,,
776810,2025-08-09,R,666969,4,Bot,30,double,TEX,PHI,,,
776810,2025-08-09,R,673962,4,Bot,29,field_out,TEX,PHI,,,
776810,2025-08-09,R,694671,3,Bot,24,field_out,TEX,PHI,,664059,
776810,2025-08-09,R,543760,3,Bot,23,field_out,TEX,PHI,,664059,
776810,2025-08-09,R,608369,3,Bot,22,strikeout,TEX,PHI,,664059,
776810,2025-08-09,R,664059,3,Bot,21,double,TEX,PHI,,,
776810,2025-08-09,R,677649,2,Bot,16,field_out,TEX,PHI,,,
776810,2025-08-09,R,641680,2,Bot,15,strikeout,TEX,PHI,,,
776810,2025-08-09,R,669394,2,Bot,14,field_out,TEX,PHI,,,
776810,2025-08-09,R,666969,1,Bot,9,field_out,TEX,PHI,694671,543760,
776810,2025-08-09,R,673962,1,Bot,8,field_out,TEX,PHI,694671,543760,
776810,2025-08-09,R,694671,1,Bot,7,single,TEX,PHI,543760,608369,
776810,2025-08-09,R,543760,1,Bot,6,single,TEX,PHI,608369,,
776810,2025-08-09,R,608369,1,Bot,5,single,TEX,PHI,,,
776810,2025-08-09,R,664059,1,Bot,4,field_out,TEX,PHI,,,
776821,2025-08-08,R,608369,9,Bot,85,field_out,TEX,PHI,,669701,
776821,2025-08-08,R,669701,9,Bot,84,walk,TEX,PHI,,,
776821,2025-08-08,R,677649,9,Bot,83,field_out,TEX,PHI,,,
776821,2025-08-08,R,543309,9,Bot,82,field_out,TEX,PHI,,,
776821,2025-08-08,R,592626,8,Bot,73,strikeout,TEX,PHI,666969,,
776821,2025-08-08,R,666969,8,Bot,72,single,TEX,PHI,,,
776821,2025-08-08,R,673962,8,Bot,71,strikeout,TEX,PHI,,,
776821,2025-08-08,R,694671,8,Bot,70,strikeout,TEX,PHI,,,
776821,2025-08-08,R,543760,7,Bot,65,force_out,TEX,PHI,677649,,
776821,2025-08-08,R,608369,7,Bot,64,field_out,TEX,PHI,677649,,
776821,2025-08-08,R,664059,7,Bot,63,strikeout,TEX,PHI,677649,,
776821,2025-08-08,R,677649,7,Bot,62,single,TEX,PHI,,,
776821,2025-08-08,R,543309,6,Bot,57,field_out,TEX,PHI,,669394,
776821,2025-08-08,R,669394,6,Bot,56,double,TEX,PHI,,,
776821,2025-08-08,R,666969,6,Bot,55,strikeout,TEX,PHI,,,
776821,2025-08-08,R,673962,6,Bot,54,strikeout,TEX,PHI,,,
776821,2025-08-08,R,694671,5,Bot,49,field_out,TEX,PHI,543760,608369,677649
776821,2025-08-08,R,543760,5,Bot,48,walk,TEX,PHI,608369,,677649
776821,2025-08-08,R,608369,5,Bot,47,single,TEX,PHI,677649,,
776821,2025-08-08,R,664059,5,Bot,46,field_out,TEX,PHI,677649,,
776821,2025-08-08,R,677649,5,Bot,45,single,TEX,PHI,,,
776821,2025-08-08,R,543309,5,Bot,44,strikeout,TEX,PHI,,,
776821,2025-08-08,R,669394,4,Bot,37,field_out,TEX,PHI,,,
776821,2025-08-08,R,666969,4,Bot,36,field_out,TEX,PHI,,,
776821,2025-08-08,R,673962,4,Bot,35,field_out,TEX,PHI,,,
776821,2025-08-08,R,694671,3,Bot,27,field_out,TEX,PHI,,,
776821,2025-08-08,R,543760,3,Bot,26,field_out,TEX,PHI,,,
776821,2025-08-08,R,608369,3,Bot,25,field_out,TEX,PHI,,,
776821,2025-08-08,R,664059,2,Bot,20,field_out,TEX,PHI,677649,,
776821,2025-08-08,R,677649,2,Bot,19,force_out,TEX,PHI,669394,,
776821,2025-08-08,R,543309,2,Bot,18,strikeout,TEX,PHI,669394,,
776821,2025-08-08,R,669394,2,Bot,17,field_error,TEX,PHI,,,
776821,2025-08-08,R,666969,1,Bot,11,field_out,TEX,PHI,673962,,543760
776821,2025-08-08,R,673962,1,Bot,10,single,TEX,PHI,543760,608369,
776821,2025-08-08,R,694671,1,Bot,9,strikeout,TEX,PHI,543760,608369,
776821,2025-08-08,R,543760,1,Bot,8,single,TEX,PHI,608369,,
776821,2025-08-08,R,608369,1,Bot,7,single,TEX,PHI,,,
776821,2025-08-08,R,664059,1,Bot,6,strikeout,TEX,PHI,,,
776845,2025-08-06,R,666969,9,Bot,78,strikeout,TEX,NYY,543760,608369,
776845,2025-08-06,R,543760,9,Bot,77,single,TEX,NYY,608369,,
776845,2025-08-06,R,608369,9,Bot,76,walk,TEX,NYY,,,
776845,2025-08-06,R,664059,9,Bot,75,strikeout,TEX,NYY,,,
776845,2025-08-06,R,642133,9,Bot,74,strikeout,TEX,NYY,,,
776845,2025-08-06,R,669701,8,Bot,70,strikeout,TEX,NYY,696030,,
776845,2025-08-06,R,543309,8,Bot,69,strikeout,TEX,NYY,696030,,
776845,2025-08-06,R,592626,8,Bot,68,walk,TEX,NYY,,,
776845,2025-08-06,R,694671,8,Bot,67,field_out,TEX,NYY,,,
776845,2025-08-06,R,666969,7,Bot,63,field_out,TEX,NYY,543760,664059,677649
776845,2025-08-06,R,543760,7,Bot,62,walk,TEX,NYY,664059,677649,
776845,2025-08-06,R,608369,7,Bot,61,strikeout,TEX,NYY,664059,677649,
776845,2025-08-06,R,664059,7,Bot,60,catcher_interf,TEX,NYY,677649,,
776845,2025-08-06,R,677649,7,Bot,59,single,TEX,NYY,,,
776845,2025-08-06,R,669701,7,Bot,58,field_out,TEX,NYY,,,
776845,2025-08-06,R,543309,6,Bot,50,grounded_into_double_play,TEX,NYY,694671,,
776845,2025-08-06,R,673962,6,Bot,49,field_out,TEX,NYY,694671,,
776845,2025-08-06,R,694671,6,Bot,48,walk,TEX,NYY,,,
776845,2025-08-06,R,666969,5,Bot,44,force_out,TEX,NYY,608369,664059,
776845,2025-08-06,R,543760,5,Bot,43,sac_fly,TEX,NYY,608369,664059,677649
776845,2025-08-06,R,608369,5,Bot,42,single,TEX,NYY,664059,677649,
776845,2025-08-06,R,664059,5,Bot,41,walk,TEX,NYY,677649,,
776845,2025-08-06,R,677649,5,Bot,40,single,TEX,NYY,,,
776845,2025-08-06,R,669701,5,Bot,39,field_out,TEX,NYY,,,
776845,2025-08-06,R,543309,4,Bot,35,field_out,TEX,NYY,,,
776845,2025-08-06,R,673962,4,Bot,34,strikeout,TEX,NYY,,,
776845,2025-08-06,R,694671,4,Bot,33,field_out,TEX,NYY,,,
776845,2025-08-06,R,666969,3,Bot,25,field_out,TEX,NYY,,,664059
776845,2025-08-06,R,543760,3,Bot,24,grounded_into_double_play,TEX,NYY,608369,664059,
776845,2025-08-06,R,608369,3,Bot,23,walk,TEX,NYY,664059,,
776845,2025-08-06,R,664059,3,Bot,22,single,TEX,NYY,,677649,
776845,2025-08-06,R,677649,3,Bot,21,double,TEX,NYY,,,
776845,2025-08-06,R,669701,2,Bot,15,field_out,TEX,NYY,543309,,
776845,2025-08-06,R,543309,2,Bot,14,single,TEX,NYY,,,
776845,2025-08-06,R,673962,2,Bot,13,grounded_into_double_play,TEX,NYY,694671,,
776845,2025-08-06,R,694671,2,Bot,12,walk,TEX,NYY,,,
776845,2025-08-06,R,666969,1,Bot,8,strikeout,TEX,NYY,608369,,
776845,2025-08-06,R,543760,1,Bot,7,field_out,TEX,NYY,608369,,
776845,2025-08-06,R,608369,1,Bot,6,single,TEX,NYY,,,
776845,2025-08-06,R,664059,1,Bot,5,strikeout,TEX,NYY,,,
776855,2025-08-05,R,696030,8,Bot,61,field_out,TEX,NYY,641680,,694671
776855,2025-08-05,R,641680,8,Bot,60,force_out,TEX,NYY,642133,694671,
776855,2025-08-05,R,642133,8,Bot,59,single,TEX,NYY,694671,592626,666969
776855,2025-08-05,R,694671,8,Bot,58,walk,TEX,NYY,592626,666969,
776855,2025-08-05,R,592626,8,Bot,57,walk,TEX,NYY,,666969,
776855,2025-08-05,R,666969,8,Bot,56,double,TEX,NYY,,,
776855,2025-08-05,R,543760,8,Bot,55,field_out,TEX,NYY,,,
776855,2025-08-05,R,608369,7,Bot,51,strikeout,TEX,NYY,,669701,
776855,2025-08-05,R,669701,7,Bot,50,double,TEX,NYY,,,
776855,2025-08-05,R,696030,7,Bot,49,strikeout,TEX,NYY,,,
776855,2025-08-05,R,641680,7,Bot,48,field_out,TEX,NYY,,,
776855,2025-08-05,R,642133,6,Bot,44,field_out,TEX,NYY,,,666969
776855,2025-08-05,R,694671,6,Bot,43,grounded_into_double_play,TEX,NYY,592626,666969,
776855,2025-08-05,R,592626,6,Bot,42,single,TEX,NYY,666969,,
776855,2025-08-05,R,666969,6,Bot,41,single,TEX,NYY,,,
776855,2025-08-05,R,543760,5,Bot,37,strikeout,TEX,NYY,669701,,
776855,2025-08-05,R,608369,5,Bot,36,field_out,TEX,NYY,669701,,
776855,2025-08-05,R,669701,5,Bot,35,walk,TEX,NYY,,,
776855,2025-08-05,R,696030,5,Bot,34,field_out,TEX,NYY,,,
776855,2025-08-05,R,641680,4,Bot,30,strikeout,TEX,NYY,,,592626
776855,2025-08-05,R,642133,4,Bot,29,field_out,TEX,NYY,,,592626
776855,2025-08-05,R,694671,4,Bot,28,field_out,TEX,NYY,,592626,
776855,2025-08-05,R,592626,4,Bot,27,double,TEX,NYY,,,
776855,2025-08-05,R,666969,3,Bot,23,field_out,TEX,NYY,,,669701
776855,2025-08-05,R,543760,3,Bot,22,field_out,TEX,NYY,,669701,
776855,2025-08-05,R,608369,3,Bot,21,field_out,TEX,NYY,,669701,
776855,2025-08-05,R,669701,3,Bot,20,double,TEX,NYY,,,
776855,2025-08-05,R,696030,2,Bot,15,field_out,TEX,NYY,694671,,592626
776855,2025-08-05,R,641680,2,Bot,14,strikeout,TEX,NYY,694671,,592626
776855,2025-08-05,R,642133,2,Bot,13,field_out,TEX,NYY,694671,592626,
776855,2025-08-05,R,694671,2,Bot,12,walk,TEX,NYY,592626,,
776855,2025-08-05,R,592626,2,Bot,11,walk,TEX,NYY,,,
776855,2025-08-05,R,666969,1,Bot,7,field_out,TEX,NYY,,543760,
776855,2025-08-05,R,543760,1,Bot,6,double,TEX,NYY,,,
776855,2025-08-05,R,608369,1,Bot,5,strikeout,TEX,NYY,,,
776855,2025-08-05,R,669701,1,Bot,4,strikeout,TEX,NYY,,,
776871,2025-08-04,R,673962,10,Bot,86,home_run,TEX,NYY,694671,608369,
776871,2025-08-04,R,694671,10,Bot,85,intent_walk,TEX,NYY,,608369,
776871,2025-08-04,R,666969,10,Bot,84,field_out,TEX,NYY,,608369,
776871,2025-08-04,R,543760,10,Bot,83,strikeout,TEX,NYY,,608369,
776871,2025-08-04,R,608369,9,Bot,79,field_out,TEX,NYY,,,
776871,2025-08-04,R,642133,9,Bot,78,strikeout,TEX,NYY,,,
776871,2025-08-04,R,592626,9,Bot,77,home_run,TEX,NYY,,,
776871,2025-08-04,R,543309,9,Bot,76,field_out,TEX,NYY,,,
776871,2025-08-04,R,669701,8,Bot,71,field_out,TEX,NYY,,,
776871,2025-08-04,R,673962,8,Bot,70,field_out,TEX,NYY,,,
776871,2025-08-04,R,694671,8,Bot,69,strikeout,TEX,NYY,,,
776871,2025-08-04,R,666969,7,Bot,65,strikeout,TEX,NYY,,,
776871,2025-08-04,R,543760,7,Bot,64,field_out,TEX,NYY,,,
776871,2025-08-04,R,608369,7,Bot,63,field_out,TEX,NYY,,,
776871,2025-08-04,R,664059,6,Bot,59,field_out,TEX,NYY,,,
776871,2025-08-04,R,677649,6,Bot,58,strikeout,TEX,NYY,,,
776871,2025-08-04,R,641680,6,Bot,57,field_out,TEX,NYY,,,
776871,2025-08-04,R,669701,5,Bot,52,strikeout,TEX,NYY,694671,,
776871,2025-08-04,R,673962,5,Bot,51,strikeout,TEX,NYY,694671,,
776871,2025-08-04,R,694671,5,Bot,50,single,TEX,NYY,,,
776871,2025-08-04,R,666969,5,Bot,49,strikeout,TEX,NYY,,,
776871,2025-08-04,R,543760,4,Bot,44,field_out,TEX,NYY,,677649,641680
776871,2025-08-04,R,608369,4,Bot,43,strikeout,TEX,NYY,,677649,641680
776871,2025-08-04,R,664059,4,Bot,42,field_out,TEX,NYY,677649,641680,
776871,2025-08-04,R,677649,4,Bot,41,single,TEX,NYY,641680,,
776871,2025-08-04,R,641680,4,Bot,40,walk,TEX,NYY,,,
776871,2025-08-04,R,669701,3,Bot,34,field_out,TEX,NYY,673962,,
776871,2025-08-04,R,673962,3,Bot,33,single,TEX,NYY,,,
776871,2025-08-04,R,694671,3,Bot,32,walk,TEX,NYY,,,
776871,2025-08-04,R,666969,3,Bot,31,strikeout,TEX,NYY,,,
776871,2025-08-04,R,543760,2,Bot,27,field_out,TEX,NYY,608369,,677649
776871,2025-08-04,R,608369,2,Bot,26,force_out,TEX,NYY,664059,677649,
776871,2025-08-04,R,664059,2,Bot,25,single,TEX,NYY,677649,641680,
776871,2025-08-04,R,677649,2,Bot,24,single,TEX,NYY,641680,669701,673962
776871,2025-08-04,R,641680,2,Bot,23,single,TEX,NYY,669701,673962,
776871,2025-08-04,R,669701,2,Bot,22,single,TEX,NYY,673962,694671,
776871,2025-08-04,R,673962,2,Bot,21,walk,TEX,NYY,,694671,
776871,2025-08-04,R,694671,2,Bot,20,double,TEX,NYY,,,
776871,2025-08-04,R,666969,2,Bot,19,strikeout,TEX,NYY,,,
776871,2025-08-04,R,543760,1,Bot,10,field_out,TEX,NYY,,,
776871,2025-08-04,R,608369,1,Bot,9,field_out,TEX,NYY,,,
776871,2025-08-04,R,664059,1,Bot,8,strikeout,TEX,NYY,,,
776883,2025-08-03,R,694671,9,Top,65,strikeout,SEA,TEX,,,
776883,2025-08-03,R,592626,9,Top,64,force_out,SEA,TEX,666969,,
776883,2025-08-03,R,666969,9,Top,63,walk,SEA,TEX,,,
776883,2025-08-03,R,543760,8,Top,59,field_out,SEA,TEX,,,
776883,2025-08-03,R,608369,8,Top,58,field_out,SEA,TEX,,,
776883,2025-08-03,R,669701,8,Top,57,field_out,SEA,TEX,,,
776883,2025-08-03,R,696030,7,Top,52,strikeout,SEA,TEX,,,
776883,2025-08-03,R,543309,7,Top,51,strikeout,SEA,TEX,,,
776883,2025-08-03,R,642133,7,Top,50,field_out,SEA,TEX,,,
776883,2025-08-03,R,694671,6,Top,46,field_out,SEA,TEX,,,
776883,2025-08-03,R,592626,6,Top,45,strikeout,SEA,TEX,,,
776883,2025-08-03,R,666969,6,Top,44,home_run,SEA,TEX,,,
776883,2025-08-03,R,543760,6,Top,43,field_out,SEA,TEX,,,
776883,2025-08-03,R,608369,5,Top,38,strikeout,SEA,TEX,,,
776883,2025-08-03,R,669701,5,Top,37,field_out,SEA,TEX,,,
776883,2025-08-03,R,696030,5,Top,36,field_out,SEA,TEX,,,
776883,2025-08-03,R,543309,4,Top,30,field_out,SEA,TEX,,642133,
776883,2025-08-03,R,642133,4,Top,29,double,SEA,TEX,,666969,
776883,2025-08-03,R,694671,4,Top,28,field_out,SEA,TEX,,666969,
776883,2025-08-03,R,592626,4,Top,27,field_out,SEA,TEX,,666969,
776883,2025-08-03,R,666969,4,Top,26,double,SEA,TEX,,,
776883,2025-08-03,R,543760,3,Top,20,strikeout,SEA,TEX,,,
776883,2025-08-03,R,608369,3,Top,19,home_run,SEA,TEX,669701,,
776883,2025-08-03,R,669701,3,Top,18,single,SEA,TEX,,,
776883,2025-08-03,R,696030,3,Top,17,field_out,SEA,TEX,,,
776883,2025-08-03,R,543309,3,Top,16,field_out,SEA,TEX,,,
776883,2025-08-03,R,642133,2,Top,11,force_out,SEA,TEX,666969,,
776883,2025-08-03,R,694671,2,Top,10,strikeout,SEA,TEX,666969,,
776883,2025-08-03,R,592626,2,Top,9,field_out,SEA,TEX,666969,,
776883,2025-08-03,R,666969,2,Top,8,single,SEA,TEX,,,
776883,2025-08-03,R,543760,1,Top,3,field_out,SEA,TEX,,,
776883,2025-08-03,R,608369,1,Top,2,field_out,SEA,TEX,,,
776883,2025-08-03,R,669701,1,Top,1,field_out,SEA,TEX,,,
776897,2025-08-02,R,669701,11,Top,87,field_out,SEA,TEX,,677649,694671
776897,2025-08-02,R,641680,11,Top,86,strikeout,SEA,TEX,,677649,694671
776897,2025-08-02,R,543309,11,Top,85,strikeout,SEA,TEX,677649,,694671
776897,2025-08-02,R,677649,11,Top,84,single,SEA,TEX,694671,,664059
776897,2025-08-02,R,694671,11,Top,83,single,SEA,TEX,664059,,666969
776897,2025-08-02,R,592626,11,Top,82,single,SEA,TEX,,666969,
776897,2025-08-02,R,666969,10,Top,76,strikeout,SEA,TEX,,608369,696030
776897,2025-08-02,R,543760,10,Top,75,field_out,SEA,TEX,608369,696030,543309
776897,2025-08-02,R,608369,10,Top,74,intent_walk,SEA,TEX,,696030,543309
776897,2025-08-02,R,669701,10,Top,73,sac_bunt,SEA,TEX,696030,543309,
776897,2025-08-02,R,696030,10,Top,72,single,SEA,TEX,543309,,
776897,2025-08-02,R,543309,10,Top,71,single,SEA,TEX,,677649,
776897,2025-08-02,R,642133,9,Top,66,field_out,SEA,TEX,,694671,
776897,2025-08-02,R,694671,9,Top,65,double,SEA,TEX,,,
776897,2025-08-02,R,592626,9,Top,64,field_out,SEA,TEX,,,
776897,2025-08-02,R,666969,9,Top,63,field_out,SEA,TEX,,,
776897,2025-08-02,R,543760,8,Top,59,field_out,SEA,TEX,,,
776897,2025-08-02,R,608369,8,Top,58,field_out,SEA,TEX,,,
776897,2025-08-02,R,669701,8,Top,57,field_out,SEA,TEX,,,
776897,2025-08-02,R,696030,7,Top,50,field_out,SEA,TEX,543309,,
776897,2025-08-02,R,543309,7,Top,49,walk,SEA,TEX,,,
776897,2025-08-02,R,642133,7,Top,48,strikeout,SEA,TEX,,,
776897,2025-08-02,R,694671,7,Top,47,field_out,SEA,TEX,,,
776897,2025-08-02,R,592626,6,Top,39,field_out,SEA,TEX,,,
776897,2025-08-02,R,666969,6,Top,38,field_out,SEA,TEX,,,
776897,2025-08-02,R,543760,6,Top,37,single,SEA,TEX,,,
776897,2025-08-02,R,608369,5,Top,33,grounded_into_double_play,SEA,TEX,696030,,
776897,2025-08-02,R,669701,5,Top,32,field_out,SEA,TEX,696030,,
776897,2025-08-02,R,696030,5,Top,31,hit_by_pitch,SEA,TEX,,,
776897,2025-08-02,R,543309,4,Top,27,field_out,SEA,TEX,,642133,
776897,2025-08-02,R,642133,4,Top,26,double,SEA,TEX,,,
776897,2025-08-02,R,694671,4,Top,25,field_out,SEA,TEX,,,
776897,2025-08-02,R,592626,4,Top,24,field_out,SEA,TEX,,,
776897,2025-08-02,R,666969,3,Top,19,strikeout,SEA,TEX,608369,,696030
776897,2025-08-02,R,543760,3,Top,18,field_out,SEA,TEX,608369,,696030
776897,2025-08-02,R,608369,3,Top,17,single,SEA,TEX,696030,,
776897,2025-08-02,R,669701,3,Top,16,field_out,SEA,TEX,696030,,
776897,2025-08-02,R,696030,3,Top,15,walk,SEA,TEX,,,
776897,2025-08-02,R,543309,3,Top,14,home_run,SEA,TEX,642133,,
776897,2025-08-02,R,642133,3,Top,13,single,SEA,TEX,,,
776897,2025-08-02,R,694671,2,Top,9,strikeout,SEA,TEX,,,
776897,2025-08-02,R,592626,2,Top,8,strikeout,SEA,TEX,,,
776897,2025-08-02,R,666969,2,Top,7,field_out,SEA,TEX,,,
776897,2025-08-02,R,543760,1,Top,3,field_out,SEA,TEX,,,
776897,2025-08-02,R,608369,1,Top,2,field_out,SEA,TEX,,,
776897,2025-08-02,R,669701,1,Top,1,strikeout,SEA,TEX,,,
776908,2025-08-01,R,664059,9,Top,67,field_out,SEA,TEX,,,
776908,2025-08-01,R,694671,9,Top,66,field_out,SEA,TEX,,,
776908,2025-08-01,R,694497,9,Top,65,strikeout,SEA,TEX,,,
776908,2025-08-01,R,666969,8,Top,60,field_out,SEA,TEX,,,
776908,2025-08-01,R,543760,8,Top,59,field_out,SEA,TEX,,,
776908,2025-08-01,R,608369,8,Top,58,strikeout,SEA,TEX,,,
776908,2025-08-01,R,669701,7,Top,54,field_out,SEA,TEX,,,664059
776908,2025-08-01,R,641680,7,Top,53,strikeout,SEA,TEX,,,664059
776908,2025-08-01,R,677649,7,Top,52,field_out,SEA,TEX,,664059,
776908,2025-08-01,R,664059,7,Top,51,double,SEA,TEX,,,
776908,2025-08-01,R,694671,6,Top,47,strikeout,SEA,TEX,,,
776908,2025-08-01,R,694497,6,Top,46,field_out,SEA,TEX,,,
776908,2025-08-01,R,666969,6,Top,45,field_out,SEA,TEX,,,
776908,2025-08-01,R,543760,5,Top,38,field_out,SEA,TEX,,,
776908,2025-08-01,R,608369,5,Top,37,field_out,SEA,TEX,,,
776908,2025-08-01,R,669701,5,Top,36,field_out,SEA,TEX,,,
776908,2025-08-01,R,641680,4,Top,32,strikeout,SEA,TEX,592626,,694671
776908,2025-08-01,R,642133,4,Top,31,strikeout,SEA,TEX,592626,,694671
776908,2025-08-01,R,592626,4,Top,30,single,SEA,TEX,694671,,
776908,2025-08-01,R,694671,4,Top,29,single,SEA,TEX,,,
776908,2025-08-01,R,694497,4,Top,28,strikeout,SEA,TEX,,,
776908,2025-08-01,R,666969,3,Top,23,field_out,SEA,TEX,,543760,
776908,2025-08-01,R,543760,3,Top,22,double,SEA,TEX,,669701,
776908,2025-08-01,R,608369,3,Top,21,field_out,SEA,TEX,669701,,
776908,2025-08-01,R,669701,3,Top,20,single,SEA,TEX,,,642133
776908,2025-08-01,R,641680,3,Top,19,field_out,SEA,TEX,,642133,
776908,2025-08-01,R,642133,3,Top,18,double,SEA,TEX,592626,,
776908,2025-08-01,R,592626,3,Top,17,hit_by_pitch,SEA,TEX,,,
776908,2025-08-01,R,694671,2,Top,9,strikeout,SEA,TEX,,,
776908,2025-08-01,R,694497,2,Top,8,strikeout,SEA,TEX,,,
776908,2025-08-01,R,666969,2,Top,7,field_out,SEA,TEX,,,
776908,2025-08-01,R,543760,1,Top,3,strikeout,SEA,TEX,,,
776908,2025-08-01,R,608369,1,Top,2,field_out,SEA,TEX,,,
776908,2025-08-01,R,669701,1,Top,1,field_out,SEA,TEX,,,
776923,2025-07-31,R,664059,9,Top,68,strikeout,SEA,TEX,666969,,
776923,2025-07-31,R,666969,9,Top,67,single,SEA,TEX,,,
776923,2025-07-31,R,543760,9,Top,66,field_out,SEA,TEX,,,
776923,2025-07-31,R,608369,9,Top,65,strikeout,SEA,TEX,,,
776923,2025-07-31,R,669701,8,Top,60,strikeout,SEA,TEX,,,
776923,2025-07-31,R,543309,8,Top,59,field_out,SEA,TEX,,,
776923,2025-07-31,R,642133,8,Top,58,field_out,SEA,TEX,,,
776923,2025-07-31,R,592626,7,Top,54,field_out,SEA,TEX,,,
776923,2025-07-31,R,694671,7,Top,53,field_out,SEA,TEX,,,
776923,2025-07-31,R,664059,7,Top,52,field_out,SEA,TEX,,,
776923,2025-07-31,R,666969,6,Top,45,field_out,SEA,TEX,,543760,608369
776923,2025-07-31,R,543760,6,Top,44,double,SEA,TEX,608369,,
776923,2025-07-31,R,608369,6,Top,43,single,SEA,TEX,,,
776923,2025-07-31,R,669701,6,Top,42,strikeout,SEA,TEX,,,
776923,2025-07-31,R,543309,6,Top,41,strikeout,SEA,TEX,,,
776923,2025-07-31,R,642133,5,Top,34,field_out,SEA,TEX,,,
776923,2025-07-31,R,592626,5,Top,33,strikeout,SEA,TEX,,,
776923,2025-07-31,R,694671,5,Top,32,field_out,SEA,TEX,,,
776923,2025-07-31,R,694497,4,Top,26,strikeout,SEA,TEX,,,
776923,2025-07-31,R,666969,4,Top,25,field_out,SEA,TEX,,,
776923,2025-07-31,R,543760,4,Top,24,field_out,SEA,TEX,,,
776923,2025-07-31,R,608369,3,Top,19,strikeout,SEA,TEX,642133,592626,
776923,2025-07-31,R,669701,3,Top,18,strikeout,SEA,TEX,642133,592626,
776923,2025-07-31,R,543309,3,Top,17,field_out,SEA,TEX,642133,592626,
776923,2025-07-31,R,642133,3,Top,16,single,SEA,TEX,592626,,
776923,2025-07-31,R,592626,3,Top,15,walk,SEA,TEX,,,
776923,2025-07-31,R,694671,2,Top,10,field_out,SEA,TEX,,,
776923,2025-07-31,R,694497,2,Top,9,field_out,SEA,TEX,,,
776923,2025-07-31,R,666969,2,Top,8,field_out,SEA,TEX,,,
776923,2025-07-31,R,543760,1,Top,3,grounded_into_double_play,SEA,TEX,608369,,
776923,2025-07-31,R,608369,1,Top,2,walk,SEA,TEX,,,
776923,2025-07-31,R,669701,1,Top,1,field_out,SEA,TEX,,,
776932,2025-07-30,R,694671,9,Top,74,field_out,LAA,TEX,543760,,
776932,2025-07-30,R,666969,9,Top,73,field_out,LAA,TEX,543760,,
776932,2025-07-30,R,543760,9,Top,72,force_out,LAA,TEX,608369,,
776932,2025-07-30,R,608369,9,Top,71,single,LAA,TEX,,,
776932,2025-07-30,R,669701,8,Top,64,strikeout,LAA,TEX,641680,673962,694497
776932,2025-07-30,R,641680,8,Top,63,walk,LAA,TEX,673962,694497,543309
776932,2025-07-30,R,673962,8,Top,62,single,LAA,TEX,694497,543309,
776932,2025-07-30,R,694497,8,Top,61,single,LAA,TEX,543309,694671,
776932,2025-07-30,R,543309,8,Top,60,single,LAA,TEX,694671,,
776932,2025-07-30,R,694671,8,Top,59,strikeout,LAA,TEX,,,
776932,2025-07-30,R,666969,8,Top,58,home_run,LAA,TEX,,543760,
776932,2025-07-30,R,543760,8,Top,57,single,LAA,TEX,,,
776932,2025-07-30,R,608369,8,Top,56,strikeout,LAA,TEX,,,
776932,2025-07-30,R,669701,8,Top,55,field_out,LAA,TEX,,,
776932,2025-07-30,R,641680,7,Top,51,field_out,LAA,TEX,,,
776932,2025-07-30,R,673962,7,Top,50,strikeout,LAA,TEX,,,
776932,2025-07-30,R,694497,7,Top,49,field_out,LAA,TEX,,,
776932,2025-07-30,R,543309,6,Top,45,field_out,LAA,TEX,,694671,
776932,2025-07-30,R,694671,6,Top,44,double,LAA,TEX,,,
776932,2025-07-30,R,666969,6,Top,43,grounded_into_double_play,LAA,TEX,543760,,
776932,2025-07-30,R,543760,6,Top,42,single,LAA,TEX,,608369,
776932,2025-07-30,R,608369,6,Top,41,field_error,LAA,TEX,,,
776932,2025-07-30,R,669701,5,Top,37,field_out,LAA,TEX,,,694497
776932,2025-07-30,R,641680,5,Top,36,strikeout,LAA,TEX,,,694497
776932,2025-07-30,R,673962,5,Top,35,field_out,LAA,TEX,,694497,
776932,2025-07-30,R,694497,5,Top,34,walk,LAA,TEX,,,
776932,2025-07-30,R,543309,4,Top,27,strikeout,LAA,TEX,,,
776932,2025-07-30,R,694671,4,Top,26,single,LAA,TEX,,,543760
776932,2025-07-30,R,666969,4,Top,25,field_out,LAA,TEX,,543760,
776932,2025-07-30,R,543760,4,Top,24,double,LAA,TEX,,,
776932,2025-07-30,R,608369,3,Top,17,strikeout,LAA,TEX,,,
776932,2025-07-30,R,669701,3,Top,16,field_out,LAA,TEX,,,
776932,2025-07-30,R,641680,3,Top,15,field_out,LAA,TEX,,,
776932,2025-07-30,R,673962,2,Top,11,strikeout,LAA,TEX,,,543309
776932,2025-07-30,R,694497,2,Top,10,field_out,LAA,TEX,,,543309
776932,2025-07-30,R,543309,2,Top,9,triple,LAA,TEX,,,
776932,2025-07-30,R,694671,2,Top,8,field_out,LAA,TEX,,,
776932,2025-07-30,R,666969,1,Top,4,strikeout,LAA,TEX,669701,,
776932,2025-07-30,R,543760,1,Top,3,field_out,LAA,TEX,669701,,
776932,2025-07-30,R,608369,1,Top,2,strikeout,LAA,TEX,669701,,
776932,2025-07-30,R,669701,1,Top,1,walk,LAA,TEX,,,
776945,2025-07-29,R,666969,9,Top,81,field_out,LAA,TEX,543760,,
776945,2025-07-29,R,543760,9,Top,80,single,LAA,TEX,,,
776945,2025-07-29,R,694671,9,Top,79,field_out,LAA,TEX,,,
776945,2025-07-29,R,694497,9,Top,78,strikeout,LAA,TEX,,,
776945,2025-07-29,R,592626,8,Top,71,field_out,LAA,TEX,,,
776945,2025-07-29,R,669701,8,Top,70,field_out,LAA,TEX,,,
776945,2025-07-29,R,543309,8,Top,69,home_run,LAA,TEX,,,
776945,2025-07-29,R,641680,8,Top,68,field_out,LAA,TEX,,,
776945,2025-07-29,R,673962,7,Top,63,strikeout,LAA,TEX,,543760,
776945,2025-07-29,R,666969,7,Top,62,strikeout,LAA,TEX,543760,,
776945,2025-07-29,R,543760,7,Top,61,single,LAA,TEX,,,
776945,2025-07-29,R,694671,7,Top,60,field_out,LAA,TEX,,,
776945,2025-07-29,R,664059,6,Top,50,grounded_into_double_play,LAA,TEX,677649,,
776945,2025-07-29,R,677649,6,Top,49,single,LAA,TEX,669701,543309,
776945,2025-07-29,R,669701,6,Top,48,single,LAA,TEX,543309,,
776945,2025-07-29,R,543309,6,Top,47,single,LAA,TEX,,,
776945,2025-07-29,R,641680,6,Top,46,field_out,LAA,TEX,,,
776945,2025-07-29,R,673962,5,Top,41,strikeout,LAA,TEX,666969,,
776945,2025-07-29,R,666969,5,Top,40,single,LAA,TEX,694671,664059,
776945,2025-07-29,R,543760,5,Top,39,strikeout,LAA,TEX,694671,664059,
776945,2025-07-29,R,694671,5,Top,38,single,LAA,TEX,664059,,
776945,2025-07-29,R,664059,5,Top,37,hit_by_pitch,LAA,TEX,,,
776945,2025-07-29,R,677649,4,Top,31,field_out,LAA,TEX,669701,,
776945,2025-07-29,R,669701,4,Top,30,single,LAA,TEX,,,
776945,2025-07-29,R,543309,4,Top,29,home_run,LAA,TEX,,,
776945,2025-07-29,R,641680,4,Top,28,field_out,LAA,TEX,,,
776945,2025-07-29,R,673962,4,Top,27,field_out,LAA,TEX,,,
776945,2025-07-29,R,666969,3,Top,23,field_out,LAA,TEX,543760,694671,
776945,2025-07-29,R,543760,3,Top,22,fielders_choice,LAA,TEX,694671,,
776945,2025-07-29,R,694671,3,Top,21,single,LAA,TEX,,,
776945,2025-07-29,R,664059,3,Top,20,strikeout,LAA,TEX,,,
776945,2025-07-29,R,677649,3,Top,19,field_out,LAA,TEX,,,
776945,2025-07-29,R,669701,2,Top,14,strikeout,LAA,TEX,673962,,
776945,2025-07-29,R,543309,2,Top,13,strikeout,LAA,TEX,673962,,
776945,2025-07-29,R,641680,2,Top,12,field_out,LAA,TEX,673962,,
776945,2025-07-29,R,673962,2,Top,11,single,LAA,TEX,,,
776945,2025-07-29,R,666969,1,Top,4,field_out,LAA,TEX,,694671,
776945,2025-07-29,R,543760,1,Top,3,field_out,LAA,TEX,,694671,
776945,2025-07-29,R,694671,1,Top,2,single,LAA,TEX,664059,,
776945,2025-07-29,R,664059,1,Top,1,single,LAA,TEX,,,
776958,2025-07-28,R,666969,9,Top,74,strikeout,LAA,TEX,,,
776958,2025-07-28,R,543760,9,Top,73,field_out,LAA,TEX,,,
776958,2025-07-28,R,608369,9,Top,72,field_out,LAA,TEX,,,
776958,2025-07-28,R,669701,8,Top,68,field_out,LAA,TEX,641680,,
776958,2025-07-28,R,641680,8,Top,67,single,LAA,TEX,,694497,
776958,2025-07-28,R,673962,8,Top,66,strikeout,LAA,TEX,,694497,
776958,2025-07-28,R,694497,8,Top,65,double,LAA,TEX,,,
776958,2025-07-28,R,694671,8,Top,64,strikeout,LAA,TEX,,,
776958,2025-07-28,R,592626,7,Top,60,strikeout,LAA,TEX,,543760,669701
776958,2025-07-28,R,666969,7,Top,59,field_out,LAA,TEX,,543760,669701
776958,2025-07-28,R,543760,7,Top,58,single,LAA,TEX,669701,,
776958,2025-07-28,R,608369,7,Top,57,field_out,LAA,TEX,669701,,
776958,2025-07-28,R,669701,7,Top,56,walk,LAA,TEX,,,
776958,2025-07-28,R,641680,6,Top,48,field_out,LAA,TEX,,,
776958,2025-07-28,R,673962,6,Top,47,home_run,LAA,TEX,,,
776958,2025-07-28,R,694497,6,Top,46,double_play,LAA,TEX,,694671,
776958,2025-07-28,R,694671,6,Top,45,double,LAA,TEX,,,
776958,2025-07-28,R,592626,5,Top,38,strikeout,LAA,TEX,,666969,543760
776958,2025-07-28,R,666969,5,Top,37,field_error,LAA,TEX,543760,608369,669701
776958,2025-07-28,R,543760,5,Top,36,walk,LAA,TEX,608369,,669701
776958,2025-07-28,R,608369,5,Top,35,intent_walk,LAA,TEX,,,669701
776958,2025-07-28,R,669701,5,Top,34,triple,LAA,TEX,,,
776958,2025-07-28,R,641680,5,Top,33,strikeout,LAA,TEX,,,
776958,2025-07-28,R,673962,5,Top,32,field_out,LAA,TEX,,,
776958,2025-07-28,R,694497,4,Top,27,strikeout,LAA,TEX,694671,,
776958,2025-07-28,R,694671,4,Top,26,walk,LAA,TEX,,,
776958,2025-07-28,R,592626,4,Top,25,field_out,LAA,TEX,,,
776958,2025-07-28,R,666969,4,Top,24,field_out,LAA,TEX,,,
776958,2025-07-28,R,543760,3,Top,18,field_out,LAA,TEX,608369,641680,
776958,2025-07-28,R,608369,3,Top,17,intent_walk,LAA,TEX,,641680,
776958,2025-07-28,R,669701,3,Top,16,field_out,LAA,TEX,641680,,
776958,2025-07-28,R,641680,3,Top,15,walk,LAA,TEX,,,
776958,2025-07-28,R,673962,3,Top,14,field_out,LAA,TEX,,,
776958,2025-07-28,R,694497,2,Top,10,field_out,LAA,TEX,,,
776958,2025-07-28,R,694671,2,Top,9,field_out,LAA,TEX,,,
776958,2025-07-28,R,592626,2,Top,8,field_out,LAA,TEX,,,
776958,2025-07-28,R,666969,1,Top,4,strikeout,LAA,TEX,543760,,
776958,2025-07-28,R,543760,1,Top,3,walk,LAA,TEX,,,
776958,2025-07-28,R,608369,1,Top,2,field_out,LAA,TEX,,,
776958,2025-07-28,R,669701,1,Top,1,field_out,LAA,TEX,,,
776981,2025-07-27,R,543760,8,Bot,69,field_out,TEX,ATL,677649,669701,
776981,2025-07-27,R,608369,8,Bot,68,single,TEX,ATL,669701,,
776981,2025-07-27,R,669701,8,Bot,67,single,TEX,ATL,,,
776981,2025-07-27,R,641680,8,Bot,66,field_out,TEX,ATL,,,
776981,2025-07-27,R,673962,8,Bot,65,field_out,TEX,ATL,,,
776981,2025-07-27,R,694497,7,Bot,60,field_out,TEX,ATL,666969,,
776981,2025-07-27,R,694671,7,Bot,59,strikeout,TEX,ATL,666969,,
776981,2025-07-27,R,592626,7,Bot,58,field_out,TEX,ATL,666969,,
776981,2025-07-27,R,666969,7,Bot,57,walk,TEX,ATL,,,
776981,2025-07-27,R,543760,6,Bot,53,strikeout,TEX,ATL,,669701,
776981,2025-07-27,R,608369,6,Bot,52,field_out,TEX,ATL,669701,,
776981,2025-07-27,R,669701,6,Bot,51,single,TEX,ATL,,,
776981,2025-07-27,R,641680,6,Bot,50,strikeout,TEX,ATL,,,
776981,2025-07-27,R,673962,5,Bot,45,field_out,TEX,ATL,,,
776981,2025-07-27,R,694497,5,Bot,44,strikeout,TEX,ATL,,,
776981,2025-07-27,R,694671,5,Bot,43,single,TEX,ATL,,,
776981,2025-07-27,R,592626,4,Bot,38,field_out,TEX,ATL,,,
776981,2025-07-27,R,666969,4,Bot,37,field_out,TEX,ATL,,,
776981,2025-07-27,R,543760,4,Bot,36,strikeout,TEX,ATL,,,
776981,2025-07-27,R,608369,3,Bot,32,strikeout,TEX,ATL,,641680,673962
776981,2025-07-27,R,669701,3,Bot,31,field_out,TEX,ATL,641680,673962,
776981,2025-07-27,R,641680,3,Bot,30,single,TEX,ATL,673962,,694497
776981,2025-07-27,R,673962,3,Bot,29,single,TEX,ATL,694497,694671,666969
776981,2025-07-27,R,694497,3,Bot,28,hit_by_pitch,TEX,ATL,694671,666969,
776981,2025-07-27,R,694671,3,Bot,27,walk,TEX,ATL,,666969,
776981,2025-07-27,R,592626,3,Bot,26,field_out,TEX,ATL,666969,,
776981,2025-07-27,R,666969,3,Bot,25,single,TEX,ATL,,,
776981,2025-07-27,R,543760,2,Bot,21,field_out,TEX,ATL,,,
776981,2025-07-27,R,608369,2,Bot,20,strikeout,TEX,ATL,,,
776981,2025-07-27,R,669701,2,Bot,19,home_run,TEX,ATL,641680,,
776981,2025-07-27,R,641680,2,Bot,18,single,TEX,ATL,,,
776981,2025-07-27,R,673962,2,Bot,17,strikeout,TEX,ATL,,,
776981,2025-07-27,R,694497,1,Bot,10,field_out,TEX,ATL,,694671,
776981,2025-07-27,R,694671,1,Bot,9,double,TEX,ATL,666969,543760,669701
776981,2025-07-27,R,592626,1,Bot,8,strikeout,TEX,ATL,666969,543760,669701
776981,2025-07-27,R,666969,1,Bot,7,walk,TEX,ATL,,543760,669701
776981,2025-07-27,R,543760,1,Bot,6,force_out,TEX,ATL,608369,669701,
776981,2025-07-27,R,608369,1,Bot,5,walk,TEX,ATL,669701,,
776981,2025-07-27,R,669701,1,Bot,4,walk,TEX,ATL,,,
776993,2025-07-26,R,543760,10,Bot,80,single,TEX,ATL,608369,669701,
776993,2025-07-26,R,608369,10,Bot,79,intent_walk,TEX,ATL,,669701,
776993,2025-07-26,R,669701,9,Bot,75,double_play,TEX,ATL,,641680,
776993,2025-07-26,R,641680,9,Bot,74,double,TEX,ATL,,664059,
776993,2025-07-26,R,673962,9,Bot,73,walk,TEX,ATL,,,
776993,2025-07-26,R,642133,9,Bot,72,field_out,TEX,ATL,,,
776993,2025-07-26,R,694671,8,Bot,67,strikeout,TEX,ATL,,,
776993,2025-07-26,R,694497,8,Bot,66,field_out,TEX,ATL,,,
776993,2025-07-26,R,666969,8,Bot,65,strikeout,TEX,ATL,,,
776993,2025-07-26,R,543760,7,Bot,61,field_out,TEX,ATL,,,
776993,2025-07-26,R,608369,7,Bot,60,field_out,TEX,ATL,,,
776993,2025-07-26,R,669701,7,Bot,59,strikeout,TEX,ATL,,,
776993,2025-07-26,R,641680,6,Bot,55,strikeout,TEX,ATL,,,
776993,2025-07-26,R,673962,6,Bot,54,field_out,TEX,ATL,,,
776993,2025-07-26,R,642133,6,Bot,53,strikeout,TEX,ATL,,,
776993,2025-07-26,R,694671,5,Bot,48,strikeout,TEX,ATL,,,
776993,2025-07-26,R,694497,5,Bot,47,field_out,TEX,ATL,,,
776993,2025-07-26,R,666969,5,Bot,46,strikeout,TEX,ATL,,,
776993,2025-07-26,R,543760,4,Bot,40,field_out,TEX,ATL,608369,673962,642133
776993,2025-07-26,R,608369,4,Bot,39,intent_walk,TEX,ATL,,673962,642133
776993,2025-07-26,R,669701,4,Bot,38,field_out,TEX,ATL,,673962,642133
776993,2025-07-26,R,641680,4,Bot,37,field_out,TEX,ATL,673962,642133,
776993,2025-07-26,R,673962,4,Bot,36,single,TEX,ATL,642133,,
776993,2025-07-26,R,642133,4,Bot,35,single,TEX,ATL,,,
776993,2025-07-26,R,694671,3,Bot,29,field_out,TEX,ATL,666969,,
776993,2025-07-26,R,694497,3,Bot,28,strikeout,TEX,ATL,666969,,
776993,2025-07-26,R,666969,3,Bot,27,single,TEX,ATL,,543760,608369
776993,2025-07-26,R,543760,3,Bot,26,hit_by_pitch,TEX,ATL,608369,,
776993,2025-07-26,R,608369,3,Bot,25,single,TEX,ATL,,,
776993,2025-07-26,R,669701,3,Bot,24,field_out,TEX,ATL,,,
776993,2025-07-26,R,641680,2,Bot,20,field_out,TEX,ATL,673962,,
776993,2025-07-26,R,673962,2,Bot,19,single,TEX,ATL,,,694497
776993,2025-07-26,R,642133,2,Bot,18,strikeout,TEX,ATL,,,694497
776993,2025-07-26,R,694671,2,Bot,17,field_out,TEX,ATL,,,694497
776993,2025-07-26,R,694497,2,Bot,16,triple,TEX,ATL,666969,,
776993,2025-07-26,R,666969,2,Bot,15,walk,TEX,ATL,,,
776993,2025-07-26,R,543760,1,Bot,9,field_out,TEX,ATL,,,
776993,2025-07-26,R,608369,1,Bot,8,field_out,TEX,ATL,,,
776993,2025-07-26,R,669701,1,Bot,7,field_out,TEX,ATL,,,
777009,2025-07-25,R,543760,8,Bot,71,field_out,TEX,ATL,608369,694497,669701
777009,2025-07-25,R,608369,8,Bot,70,walk,TEX,ATL,694497,669701,
777009,2025-07-25,R,642133,8,Bot,69,sac_fly,TEX,ATL,694497,669701,641680
777009,2025-07-25,R,694497,8,Bot,68,single,TEX,ATL,669701,641680,694671
777009,2025-07-25,R,669701,8,Bot,67,hit_by_pitch,TEX,ATL,641680,694671,673962
777009,2025-07-25,R,641680,8,Bot,66,walk,TEX,ATL,694671,673962,666969
777009,2025-07-25,R,694671,8,Bot,65,walk,TEX,ATL,673962,666969,
777009,2025-07-25,R,673962,8,Bot,64,single,TEX,ATL,666969,,
777009,2025-07-25,R,666969,8,Bot,63,single,TEX,ATL,,,
777009,2025-07-25,R,543760,8,Bot,62,field_out,TEX,ATL,,,
777009,2025-07-25,R,608369,7,Bot,58,field_out,TEX,ATL,,,
777009,2025-07-25,R,664059,7,Bot,57,strikeout,TEX,ATL,,,
777009,2025-07-25,R,694497,7,Bot,56,field_out,TEX,ATL,,,
777009,2025-07-25,R,669701,6,Bot,51,field_out,TEX,ATL,673962,,
777009,2025-07-25,R,641680,6,Bot,50,field_out,TEX,ATL,673962,,
777009,2025-07-25,R,694671,6,Bot,49,strikeout,TEX,ATL,673962,,
777009,2025-07-25,R,673962,6,Bot,48,walk,TEX,ATL,,,
777009,2025-07-25,R,666969,5,Bot,43,field_out,TEX,ATL,608369,664059,
777009,2025-07-25,R,543760,5,Bot,42,field_out,TEX,ATL,608369,664059,
777009,2025-07-25,R,608369,5,Bot,41,walk,TEX,ATL,,664059,
777009,2025-07-25,R,664059,5,Bot,40,double,TEX,ATL,680737,,
777009,2025-07-25,R,680737,5,Bot,39,single,TEX,ATL,,,
777009,2025-07-25,R,669701,5,Bot,38,field_out,TEX,ATL,,,
777009,2025-07-25,R,641680,4,Bot,32,field_out,TEX,ATL,,694671,
777009,2025-07-25,R,694671,4,Bot,31,double,TEX,ATL,,543760,
777009,2025-07-25,R,673962,4,Bot,30,strikeout,TEX,ATL,,543760,
777009,2025-07-25,R,666969,4,Bot,29,strikeout,TEX,ATL,543760,,
777009,2025-07-25,R,543760,4,Bot,28,walk,TEX,ATL,,,
777009,2025-07-25,R,608369,3,Bot,22,field_out,TEX,ATL,,,
777009,2025-07-25,R,664059,3,Bot,21,strikeout,TEX,ATL,,,
777009,2025-07-25,R,680737,3,Bot,20,field_out,TEX,ATL,,,
777009,2025-07-25,R,669701,2,Bot,16,strikeout,TEX,ATL,,,
777009,2025-07-25,R,641680,2,Bot,15,home_run,TEX,ATL,,,
777009,2025-07-25,R,694671,2,Bot,14,strikeout,TEX,ATL,,,
777009,2025-07-25,R,673962,2,Bot,13,field_out,TEX,ATL,,,
777009,2025-07-25,R,666969,1,Bot,9,strikeout,TEX,ATL,,,
777009,2025-07-25,R,543760,1,Bot,8,sac_fly,TEX,ATL,,,664059
777009,2025-07-25,R,608369,1,Bot,7,field_out,TEX,ATL,664059,,
777009,2025-07-25,R,664059,1,Bot,6,single,TEX,ATL,,,
777033,2025-07-23,R,608369,8,Bot,59,grounded_into_double_play,TEX,ATH,642133,,
777033,2025-07-23,R,694497,8,Bot,58,field_out,TEX,ATH,642133,,
777033,2025-07-23,R,642133,8,Bot,57,walk,TEX,ATH,,,
777033,2025-07-23,R,669701,7,Bot,52,strikeout,TEX,ATH,,641680,
777033,2025-07-23,R,641680,7,Bot,51,double,TEX,ATH,694671,,
777033,2025-07-23,R,694671,7,Bot,50,walk,TEX,ATH,,,
777033,2025-07-23,R,673962,7,Bot,49,strikeout,TEX,ATH,,,
777033,2025-07-23,R,666969,7,Bot,48,field_out,TEX,ATH,,,
777033,2025-07-23,R,543760,6,Bot,44,field_out,TEX,ATH,,,
777033,2025-07-23,R,608369,6,Bot,43,strikeout,TEX,ATH,,,
777033,2025-07-23,R,694497,6,Bot,42,strikeout,TEX,ATH,,,
777033,2025-07-23,R,677649,5,Bot,35,strikeout,TEX,ATH,,,
777033,2025-07-23,R,683227,5,Bot,34,field_out,TEX,ATH,,,
777033,2025-07-23,R,641680,5,Bot,33,field_out,TEX,ATH,,,
777033,2025-07-23,R,694671,4,Bot,28,strikeout,TEX,ATH,,,
777033,2025-07-23,R,673962,4,Bot,27,strikeout,TEX,ATH,,,
777033,2025-07-23,R,666969,4,Bot,26,strikeout,TEX,ATH,,,
777033,2025-07-23,R,543760,3,Bot,22,field_out,TEX,ATH,,,
777033,2025-07-23,R,608369,3,Bot,21,home_run,TEX,ATH,,,
777033,2025-07-23,R,680737,3,Bot,20,strikeout,TEX,ATH,,,
777033,2025-07-23,R,677649,3,Bot,19,field_out,TEX,ATH,,,
777033,2025-07-23,R,683227,2,Bot,14,strikeout,TEX,ATH,673962,,
777033,2025-07-23,R,641680,2,Bot,13,field_out,TEX,ATH,673962,,
777033,2025-07-23,R,694671,2,Bot,12,field_out,TEX,ATH,673962,,
777033,2025-07-23,R,673962,2,Bot,11,single,TEX,ATH,,,
777033,2025-07-23,R,666969,1,Bot,7,strikeout,TEX,ATH,,,608369
777033,2025-07-23,R,543760,1,Bot,6,field_out,TEX,ATH,,608369,
777033,2025-07-23,R,608369,1,Bot,5,double,TEX,ATH,,,
777033,2025-07-23,R,680737,1,Bot,4,field_out,TEX,ATH,,,
777043,2025-07-22,R,694671,8,Bot,66,strikeout,TEX,ATH,,,
777043,2025-07-22,R,694497,8,Bot,65,field_out,TEX,ATH,,,
777043,2025-07-22,R,666969,8,Bot,64,field_out,TEX,ATH,,,
777043,2025-07-22,R,543760,7,Bot,57,field_out,TEX,ATH,,,
777043,2025-07-22,R,608369,7,Bot,56,home_run,TEX,ATH,669701,543309,
777043,2025-07-22,R,669701,7,Bot,55,single,TEX,ATH,543309,673962,
777043,2025-07-22,R,543309,7,Bot,54,single,TEX,ATH,673962,,
777043,2025-07-22,R,673962,7,Bot,53,single,TEX,ATH,,,
777043,2025-07-22,R,642133,7,Bot,52,field_out,TEX,ATH,,,
777043,2025-07-22,R,694671,7,Bot,51,field_out,TEX,ATH,,,
777043,2025-07-22,R,694497,6,Bot,45,field_out,TEX,ATH,,,
777043,2025-07-22,R,666969,6,Bot,44,field_out,TEX,ATH,,,
777043,2025-07-22,R,543760,6,Bot,43,home_run,TEX,ATH,,,
777043,2025-07-22,R,608369,6,Bot,42,field_out,TEX,ATH,,,
777043,2025-07-22,R,669701,5,Bot,37,field_out,TEX,ATH,,,
777043,2025-07-22,R,543309,5,Bot,36,field_out,TEX,ATH,,,
777043,2025-07-22,R,673962,5,Bot,35,strikeout,TEX,ATH,,,
777043,2025-07-22,R,642133,4,Bot,30,field_out,TEX,ATH,,,
777043,2025-07-22,R,694671,4,Bot,29,strikeout,TEX,ATH,,,
777043,2025-07-22,R,694497,4,Bot,28,field_out,TEX,ATH,,,
777043,2025-07-22,R,666969,4,Bot,27,home_run,TEX,ATH,,,
777043,2025-07-22,R,543760,3,Bot,22,field_out,TEX,ATH,,608369,
777043,2025-07-22,R,608369,3,Bot,21,double,TEX,ATH,,,
777043,2025-07-22,R,669701,3,Bot,20,grounded_into_double_play,TEX,ATH,543309,,
777043,2025-07-22,R,543309,3,Bot,19,single,TEX,ATH,,,
777043,2025-07-22,R,673962,2,Bot,15,field_out,TEX,ATH,642133,694671,
777043,2025-07-22,R,642133,2,Bot,14,single,TEX,ATH,694671,,
777043,2025-07-22,R,694671,2,Bot,13,single,TEX,ATH,,,
777043,2025-07-22,R,694497,2,Bot,12,field_out,TEX,ATH,,,
777043,2025-07-22,R,666969,2,Bot,11,field_out,TEX,ATH,,,
777043,2025-07-22,R,543760,1,Bot,7,field_out,TEX,ATH,,,
777043,2025-07-22,R,608369,1,Bot,6,grounded_into_double_play,TEX,ATH,669701,,
777043,2025-07-22,R,669701,1,Bot,5,walk,TEX,ATH,,,
777057,2025-07-21,R,543309,8,Bot,68,field_out,TEX,ATH,,,
777057,2025-07-21,R,694671,8,Bot,67,field_out,TEX,ATH,,,
777057,2025-07-21,R,666969,8,Bot,66,strikeout,TEX,ATH,,,
777057,2025-07-21,R,543760,7,Bot,61,field_out,TEX,ATH,608369,,
777057,2025-07-21,R,608369,7,Bot,60,single,TEX,ATH,,673962,
777057,2025-07-21,R,680737,7,Bot,59,sac_bunt,TEX,ATH,673962,,669701
777057,2025-07-21,R,642133,7,Bot,58,strikeout,TEX,ATH,673962,,669701
777057,2025-07-21,R,673962,7,Bot,57,single,TEX,ATH,,669701,
777057,2025-07-21,R,669701,7,Bot,56,double,TEX,ATH,,,
777057,2025-07-21,R,543309,6,Bot,50,strikeout,TEX,ATH,,,
777057,2025-07-21,R,694671,6,Bot,49,field_out,TEX,ATH,,,
777057,2025-07-21,R,666969,6,Bot,48,field_out,TEX,ATH,,,
777057,2025-07-21,R,543760,5,Bot,42,strikeout,TEX,ATH,,,
777057,2025-07-21,R,608369,5,Bot,41,strikeout,TEX,ATH,,,
777057,2025-07-21,R,680737,5,Bot,40,home_run,TEX,ATH,,683227,673962
777057,2025-07-21,R,683227,5,Bot,39,double,TEX,ATH,673962,669701,
777057,2025-07-21,R,673962,5,Bot,38,walk,TEX,ATH,669701,,
777057,2025-07-21,R,669701,5,Bot,37,single,TEX,ATH,,,
777057,2025-07-21,R,543309,5,Bot,36,field_out,TEX,ATH,,,
777057,2025-07-21,R,543309,4,Bot,31,truncated_pa,TEX,ATH,694671,,
777057,2025-07-21,R,694671,4,Bot,30,walk,TEX,ATH,,,
777057,2025-07-21,R,666969,4,Bot,29,strikeout,TEX,ATH,,,
777057,2025-07-21,R,543760,4,Bot,28,field_out,TEX,ATH,,,
777057,2025-07-21,R,608369,3,Bot,21,field_out,TEX,ATH,,,
777057,2025-07-21,R,680737,3,Bot,20,field_out,TEX,ATH,,,
777057,2025-07-21,R,683227,3,Bot,19,field_out,TEX,ATH,,,
777057,2025-07-21,R,673962,3,Bot,18,home_run,TEX,ATH,,,
777057,2025-07-21,R,669701,2,Bot,14,field_out,TEX,ATH,,,
777057,2025-07-21,R,543309,2,Bot,13,field_out,TEX,ATH,,,
777057,2025-07-21,R,694671,2,Bot,12,strikeout,TEX,ATH,,,
777057,2025-07-21,R,666969,1,Bot,8,strikeout,TEX,ATH,,543760,
777057,2025-07-21,R,543760,1,Bot,7,walk,TEX,ATH,,,
777057,2025-07-21,R,608369,1,Bot,6,strikeout,TEX,ATH,,,
777057,2025-07-21,R,680737,1,Bot,5,field_out,TEX,ATH,,,
777073,2025-07-20,R,666969,9,Bot,69,strikeout,TEX,DET,,,
777073,2025-07-20,R,543760,9,Bot,68,field_out,TEX,DET,,,
777073,2025-07-20,R,608369,9,Bot,67,field_out,TEX,DET,,,
777073,2025-07-20,R,694671,8,Bot,62,strikeout,TEX,DET,,,
777073,2025-07-20,R,677649,8,Bot,61,strikeout,TEX,DET,,,
777073,2025-07-20,R,679822,8,Bot,60,strikeout,TEX,DET,,,
777073,2025-07-20,R,683227,7,Bot,53,field_out,TEX,DET,,,543309
777073,2025-07-20,R,641680,7,Bot,52,strikeout,TEX,DET,543309,,666969
777073,2025-07-20,R,543309,7,Bot,51,single,TEX,DET,,666969,
777073,2025-07-20,R,666969,7,Bot,50,double,TEX,DET,,,
777073,2025-07-20,R,543760,7,Bot,49,strikeout,TEX,DET,,,
777073,2025-07-20,R,608369,6,Bot,44,field_out,TEX,DET,,,
777073,2025-07-20,R,694671,6,Bot,43,field_out,TEX,DET,,,
777073,2025-07-20,R,677649,6,Bot,42,strikeout,TEX,DET,,,
777073,2025-07-20,R,679822,5,Bot,38,field_out,TEX,DET,,,
777073,2025-07-20,R,683227,5,Bot,37,field_out,TEX,DET,,,
777073,2025-07-20,R,641680,5,Bot,36,field_out,TEX,DET,,,
777073,2025-07-20,R,543309,4,Bot,32,field_out,TEX,DET,543760,,
777073,2025-07-20,R,666969,4,Bot,31,strikeout,TEX,DET,543760,,
777073,2025-07-20,R,543760,4,Bot,30,force_out,TEX,DET,608369,,
777073,2025-07-20,R,608369,4,Bot,29,single,TEX,DET,,,
777073,2025-07-20,R,694671,3,Bot,24,strikeout,TEX,DET,,,
777073,2025-07-20,R,677649,3,Bot,23,strikeout,TEX,DET,,,
777073,2025-07-20,R,679822,3,Bot,22,strikeout,TEX,DET,,,
777073,2025-07-20,R,683227,2,Bot,17,strikeout,TEX,DET,,,
777073,2025-07-20,R,641680,2,Bot,16,field_out,TEX,DET,,,
777073,2025-07-20,R,543309,2,Bot,15,strikeout,TEX,DET,,,
777073,2025-07-20,R,666969,1,Bot,8,strikeout,TEX,DET,,608369,
777073,2025-07-20,R,543760,1,Bot,7,strikeout,TEX,DET,,608369,
777073,2025-07-20,R,608369,1,Bot,6,double,TEX,DET,,,
777073,2025-07-20,R,694671,1,Bot,5,field_out,TEX,DET,,,
777088,2025-07-19,R,694497,8,Bot,62,strikeout,TEX,DET,,,
777088,2025-07-19,R,666969,8,Bot,61,field_out,TEX,DET,,,
777088,2025-07-19,R,543760,8,Bot,60,field_out,TEX,DET,,,
777088,2025-07-19,R,608369,7,Bot,56,field_out,TEX,DET,,,
777088,2025-07-19,R,669701,7,Bot,55,field_out,TEX,DET,,,
777088,2025-07-19,R,641680,7,Bot,54,strikeout,TEX,DET,,,
777088,2025-07-19,R,543309,6,Bot,48,strikeout,TEX,DET,642133,,
777088,2025-07-19,R,642133,6,Bot,47,walk,TEX,DET,,,
777088,2025-07-19,R,694671,6,Bot,46,strikeout,TEX,DET,,,
777088,2025-07-19,R,694497,6,Bot,45,field_out,TEX,DET,,,
777088,2025-07-19,R,666969,5,Bot,40,force_out,TEX,DET,608369,669701,
777088,2025-07-19,R,543760,5,Bot,39,field_out,TEX,DET,608369,669701,
777088,2025-07-19,R,608369,5,Bot,38,single,TEX,DET,669701,696030,
777088,2025-07-19,R,669701,5,Bot,37,force_out,TEX,DET,696030,543309,
777088,2025-07-19,R,696030,5,Bot,36,walk,TEX,DET,543309,,
777088,2025-07-19,R,543309,5,Bot,35,single,TEX,DET,,,
777088,2025-07-19,R,642133,4,Bot,31,strikeout,TEX,DET,,,
777088,2025-07-19,R,694671,4,Bot,30,strikeout,TEX,DET,,,
777088,2025-07-19,R,694497,4,Bot,29,field_out,TEX,DET,,,
777088,2025-07-19,R,666969,3,Bot,23,field_out,TEX,DET,543760,,
777088,2025-07-19,R,543760,3,Bot,22,walk,TEX,DET,,,
777088,2025-07-19,R,608369,3,Bot,21,strikeout,TEX,DET,,,
777088,2025-07-19,R,669701,3,Bot,20,field_out,TEX,DET,,,
777088,2025-07-19,R,696030,2,Bot,16,strikeout,TEX,DET,,,
777088,2025-07-19,R,543309,2,Bot,15,field_out,TEX,DET,,,
777088,2025-07-19,R,642133,2,Bot,14,home_run,TEX,DET,694671,,666969
777088,2025-07-19,R,694671,2,Bot,13,force_out,TEX,DET,694497,666969,
777088,2025-07-19,R,694497,2,Bot,12,walk,TEX,DET,,666969,
777088,2025-07-19,R,666969,2,Bot,11,single,TEX,DET,,,
777088,2025-07-19,R,543760,1,Bot,7,strikeout,TEX,DET,,,
777088,2025-07-19,R,608369,1,Bot,6,field_out,TEX,DET,,,
777088,2025-07-19,R,669701,1,Bot,5,field_out,TEX,DET,,,
777098,2025-07-18,R,543760,8,Bot,58,field_out,TEX,DET,,608369,
777098,2025-07-18,R,608369,8,Bot,57,double,TEX,DET,669701,,683227
777098,2025-07-18,R,669701,8,Bot,56,walk,TEX,DET,,,683227
777098,2025-07-18,R,641680,8,Bot,55,field_out,TEX,DET,,683227,
777098,2025-07-18,R,543309,8,Bot,54,double,TEX,DET,,,
777098,2025-07-18,R,642133,8,Bot,53,field_out,TEX,DET,,,
777098,2025-07-18,R,694671,7,Bot,49,strikeout,TEX,DET,,,
777098,2025-07-18,R,694497,7,Bot,48,field_out,TEX,DET,,,
777098,2025-07-18,R,666969,7,Bot,47,strikeout,TEX,DET,,,
777098,2025-07-18,R,543760,6,Bot,43,field_out,TEX,DET,,,641680
777098,2025-07-18,R,608369,6,Bot,42,strikeout,TEX,DET,,,641680
777098,2025-07-18,R,669701,6,Bot,41,sac_bunt,TEX,DET,,641680,
777098,2025-07-18,R,641680,6,Bot,40,double,TEX,DET,,,
777098,2025-07-18,R,543309,5,Bot,36,field_out,TEX,DET,,,
777098,2025-07-18,R,642133,5,Bot,35,field_out,TEX,DET,,,
777098,2025-07-18,R,694671,5,Bot,34,strikeout,TEX,DET,,,
777098,2025-07-18,R,694497,4,Bot,28,strikeout,TEX,DET,,,
777098,2025-07-18,R,666969,4,Bot,27,strikeout,TEX,DET,,,
777098,2025-07-18,R,543760,4,Bot,26,field_out,TEX,DET,,,
777098,2025-07-18,R,608369,3,Bot,21,strikeout,TEX,DET,641680,,543309
777098,2025-07-18,R,669701,3,Bot,20,field_out,TEX,DET,641680,,543309
777098,2025-07-18,R,641680,3,Bot,19,field_error,TEX,DET,543309,,
777098,2025-07-18,R,543309,3,Bot,18,single,TEX,DET,,,
777098,2025-07-18,R,642133,3,Bot,17,strikeout,TEX,DET,,,
777098,2025-07-18,R,694671,2,Bot,13,strikeout,TEX,DET,,,
777098,2025-07-18,R,694497,2,Bot,12,walk,TEX,DET,,,
777098,2025-07-18,R,666969,2,Bot,11,field_out,TEX,DET,,,
777098,2025-07-18,R,543760,1,Bot,6,field_out,TEX,DET,,,
777098,2025-07-18,R,608369,1,Bot,5,field_out,TEX,DET,,,
777098,2025-07-18,R,669701,1,Bot,4,field_out,TEX,DET,,,
777125,2025-07-13,R,669701,9,Top,66,field_out,HOU,TEX,677649,543309,
777125,2025-07-13,R,677649,9,Top,65,walk,HOU,TEX,,543309,
777125,2025-07-13,R,664059,9,Top,64,strikeout,HOU,TEX,543309,,
777125,2025-07-13,R,543309,9,Top,63,single,HOU,TEX,,,
777125,2025-07-13,R,694497,9,Top,62,field_out,HOU,TEX,,,
777125,2025-07-13,R,694671,8,Top,57,field_out,HOU,TEX,,,
777125,2025-07-13,R,666969,8,Top,56,field_out,HOU,TEX,,,
777125,2025-07-13,R,543760,8,Top,55,home_run,HOU,TEX,,,
777125,2025-07-13,R,608369,8,Top,54,field_out,HOU,TEX,,,
777125,2025-07-13,R,669701,7,Top,50,double_play,HOU,TEX,677649,,
777125,2025-07-13,R,677649,7,Top,49,single,HOU,TEX,,,
777125,2025-07-13,R,664059,7,Top,48,field_out,HOU,TEX,,,
777125,2025-07-13,R,543309,6,Top,42,strikeout,HOU,TEX,,,
777125,2025-07-13,R,694497,6,Top,41,field_out,HOU,TEX,,,
777125,2025-07-13,R,694671,6,Top,40,field_out,HOU,TEX,,,
777125,2025-07-13,R,666969,5,Top,36,strikeout,HOU,TEX,,,
777125,2025-07-13,R,543760,5,Top,35,strikeout,HOU,TEX,,,
777125,2025-07-13,R,608369,5,Top,34,field_out,HOU,TEX,,,
777125,2025-07-13,R,669701,4,Top,29,field_out,HOU,TEX,543309,,
777125,2025-07-13,R,677649,4,Top,28,strikeout,HOU,TEX,543309,,
777125,2025-07-13,R,696030,4,Top,27,sac_fly,HOU,TEX,543309,,694497
777125,2025-07-13,R,543309,4,Top,26,single,HOU,TEX,,694497,
777125,2025-07-13,R,694497,4,Top,25,double,HOU,TEX,,,
777125,2025-07-13,R,694671,3,Top,21,field_out,HOU,TEX,,,
777125,2025-07-13,R,666969,3,Top,20,home_run,HOU,TEX,,,
777125,2025-07-13,R,543760,3,Top,19,strikeout,HOU,TEX,,,
777125,2025-07-13,R,608369,3,Top,18,strikeout,HOU,TEX,,,
777125,2025-07-13,R,669701,2,Top,14,strikeout,HOU,TEX,,677649,
777125,2025-07-13,R,677649,2,Top,13,double,HOU,TEX,,,694497
777125,2025-07-13,R,696030,2,Top,12,strikeout,HOU,TEX,,,694497
777125,2025-07-13,R,543309,2,Top,11,field_out,HOU,TEX,,,694497
777125,2025-07-13,R,694497,2,Top,10,triple,HOU,TEX,694671,,
777125,2025-07-13,R,694671,2,Top,9,walk,HOU,TEX,,,
777125,2025-07-13,R,666969,1,Top,4,field_out,HOU,TEX,608369,,
777125,2025-07-13,R,543760,1,Top,3,field_out,HOU,TEX,608369,,
777125,2025-07-13,R,608369,1,Top,2,walk,HOU,TEX,,,
777125,2025-07-13,R,669701,1,Top,1,strikeout,HOU,TEX,,,
777137,2025-07-12,R,543309,11,Top,80,field_out,HOU,TEX,,666969,
777137,2025-07-12,R,641680,11,Top,79,strikeout,HOU,TEX,,666969,
777137,2025-07-12,R,694671,11,Top,78,field_out,HOU,TEX,,666969,
777137,2025-07-12,R,666969,11,Top,77,single,HOU,TEX,,543760,
777137,2025-07-12,R,543760,10,Top,73,field_out,HOU,TEX,,677649,
777137,2025-07-12,R,608369,10,Top,72,strikeout,HOU,TEX,,677649,
777137,2025-07-12,R,669394,10,Top,71,strikeout,HOU,TEX,,677649,
777137,2025-07-12,R,677649,9,Top,66,strikeout,HOU,TEX,,669701,
777137,2025-07-12,R,669701,9,Top,65,single,HOU,TEX,,,
777137,2025-07-12,R,543309,9,Top,64,home_run,HOU,TEX,,,
777137,2025-07-12,R,641680,9,Top,63,field_out,HOU,TEX,,,
777137,2025-07-12,R,694671,9,Top,62,strikeout,HOU,TEX,,,
777137,2025-07-12,R,666969,8,Top,58,field_out,HOU,TEX,,,
777137,2025-07-12,R,543760,8,Top,57,home_run,HOU,TEX,,,
777137,2025-07-12,R,608369,8,Top,56,strikeout,HOU,TEX,,,
777137,2025-07-12,R,694497,8,Top,55,strikeout,HOU,TEX,,,
777137,2025-07-12,R,677649,7,Top,50,strikeout,HOU,TEX,,,
777137,2025-07-12,R,669701,7,Top,49,field_out,HOU,TEX,,,
777137,2025-07-12,R,543309,7,Top,48,strikeout,HOU,TEX,,,
777137,2025-07-12,R,641680,6,Top,43,field_out,HOU,TEX,,694671,608369
777137,2025-07-12,R,694671,6,Top,42,single,HOU,TEX,,608369,
777137,2025-07-12,R,666969,6,Top,41,strikeout,HOU,TEX,,608369,
777137,2025-07-12,R,543760,6,Top,40,strikeout,HOU,TEX,,608369,
777137,2025-07-12,R,608369,6,Top,39,double,HOU,TEX,,,
777137,2025-07-12,R,664059,5,Top,35,field_out,HOU,TEX,,,
777137,2025-07-12,R,677649,5,Top,34,strikeout,HOU,TEX,,,
777137,2025-07-12,R,669701,5,Top,33,strikeout,HOU,TEX,,,
777137,2025-07-12,R,543309,4,Top,28,strikeout,HOU,TEX,,,
777137,2025-07-12,R,641680,4,Top,27,strikeout,HOU,TEX,,,
777137,2025-07-12,R,694671,4,Top,26,strikeout,HOU,TEX,,,
777137,2025-07-12,R,666969,3,Top,22,field_out,HOU,TEX,,,664059
777137,2025-07-12,R,543760,3,Top,21,field_out,HOU,TEX,,664059,
777137,2025-07-12,R,608369,3,Top,20,field_out,HOU,TEX,,664059,
777137,2025-07-12,R,664059,3,Top,19,double,HOU,TEX,,,
777137,2025-07-12,R,677649,2,Top,13,strikeout,HOU,TEX,,,
777137,2025-07-12,R,669701,2,Top,12,field_out,HOU,TEX,,,
777137,2025-07-12,R,543309,2,Top,11,field_out,HOU,TEX,,,
777137,2025-07-12,R,641680,1,Top,6,strikeout,HOU,TEX,,666969,543760
777137,2025-07-12,R,694671,1,Top,5,strikeout,HOU,TEX,,666969,543760
777137,2025-07-12,R,666969,1,Top,4,hit_by_pitch,HOU,TEX,543760,,664059
777137,2025-07-12,R,543760,1,Top,3,single,HOU,TEX,664059,,
777137,2025-07-12,R,608369,1,Top,2,field_out,HOU,TEX,664059,,
777137,2025-07-12,R,664059,1,Top,1,field_error,HOU,TEX,,,
777154,2025-07-11,R,677649,9,Top,77,field_out,HOU,TEX,,694671,
777154,2025-07-11,R,694497,9,Top,76,strikeout,HOU,TEX,694671,,
777154,2025-07-11,R,694671,9,Top,75,single,HOU,TEX,,,
777154,2025-07-11,R,666969,9,Top,74,strikeout,HOU,TEX,,,
777154,2025-07-11,R,543760,8,Top,68,field_out,HOU,TEX,608369,669701,543309
777154,2025-07-11,R,608369,8,Top,67,walk,HOU,TEX,669701,,543309
777154,2025-07-11,R,669701,8,Top,66,single,HOU,TEX,543309,,
777154,2025-07-11,R,543309,8,Top,65,single,HOU,TEX,,,
777154,2025-07-11,R,641680,8,Top,64,field_out,HOU,TEX,,,
777154,2025-07-11,R,677649,8,Top,63,field_out,HOU,TEX,,,
777154,2025-07-11,R,694497,7,Top,59,strikeout,HOU,TEX,,,
777154,2025-07-11,R,694671,7,Top,58,home_run,HOU,TEX,608369,,
777154,2025-07-11,R,666969,7,Top,57,field_out,HOU,TEX,608369,,
777154,2025-07-11,R,543760,7,Top,56,strikeout,HOU,TEX,608369,,
777154,2025-07-11,R,608369,7,Top,55,walk,HOU,TEX,,,
777154,2025-07-11,R,669701,6,Top,50,field_out,HOU,TEX,,,
777154,2025-07-11,R,543309,6,Top,49,field_out,HOU,TEX,,,
777154,2025-07-11,R,641680,6,Top,48,strikeout,HOU,TEX,,,
777154,2025-07-11,R,669394,5,Top,42,grounded_into_double_play,HOU,TEX,694671,666969,
777154,2025-07-11,R,694497,5,Top,41,strikeout,HOU,TEX,694671,666969,
777154,2025-07-11,R,694671,5,Top,40,single,HOU,TEX,666969,,
777154,2025-07-11,R,666969,5,Top,39,single,HOU,TEX,,,
777154,2025-07-11,R,543760,4,Top,33,field_out,HOU,TEX,608369,,
777154,2025-07-11,R,608369,4,Top,32,single,HOU,TEX,,,
777154,2025-07-11,R,669701,4,Top,31,field_out,HOU,TEX,,,
777154,2025-07-11,R,543309,4,Top,30,strikeout,HOU,TEX,,,
777154,2025-07-11,R,641680,3,Top,26,double,HOU,TEX,669394,694497,
777154,2025-07-11,R,669394,3,Top,25,single,HOU,TEX,694497,,
777154,2025-07-11,R,694497,3,Top,24,walk,HOU,TEX,,,
777154,2025-07-11,R,694671,3,Top,23,strikeout,HOU,TEX,,,
777154,2025-07-11,R,666969,3,Top,22,home_run,HOU,TEX,,,
777154,2025-07-11,R,543760,3,Top,21,strikeout,HOU,TEX,,,
777154,2025-07-11,R,608369,2,Top,17,strikeout,HOU,TEX,543309,,
777154,2025-07-11,R,669701,2,Top,16,strikeout,HOU,TEX,543309,,
777154,2025-07-11,R,543309,2,Top,15,walk,HOU,TEX,,,
777154,2025-07-11,R,641680,2,Top,14,field_out,HOU,TEX,,,
777154,2025-07-11,R,669394,1,Top,7,field_out,HOU,TEX,,694497,694671
777154,2025-07-11,R,694497,1,Top,6,single,HOU,TEX,694671,543760,608369
777154,2025-07-11,R,694671,1,Top,5,single,HOU,TEX,543760,608369,
777154,2025-07-11,R,666969,1,Top,4,strikeout,HOU,TEX,543760,608369,
777154,2025-07-11,R,543760,1,Top,3,hit_by_pitch,HOU,TEX,608369,,
777154,2025-07-11,R,608369,1,Top,2,single,HOU,TEX,,,
777154,2025-07-11,R,669701,1,Top,1,field_out,HOU,TEX,,,
777159,2025-07-10,R,696030,9,Top,79,field_out,LAA,TEX,,,
777159,2025-07-10,R,669394,9,Top,78,field_out,LAA,TEX,,,
777159,2025-07-10,R,694497,9,Top,77,field_out,LAA,TEX,,,
777159,2025-07-10,R,694671,8,Top,73,field_out,LAA,TEX,,,
777159,2025-07-10,R,641680,8,Top,72,field_out,LAA,TEX,,,
777159,2025-07-10,R,666969,8,Top,71,home_run,LAA,TEX,543760,,
777159,2025-07-10,R,543760,8,Top,70,single,LAA,TEX,,,
777159,2025-07-10,R,677649,8,Top,69,field_out,LAA,TEX,,,
777159,2025-07-10,R,669701,7,Top,65,strikeout,LAA,TEX,,,
777159,2025-07-10,R,696030,7,Top,64,strikeout,LAA,TEX,,,
777159,2025-07-10,R,669394,7,Top,63,field_out,LAA,TEX,,,
777159,2025-07-10,R,694497,6,Top,56,field_out,LAA,TEX,,,
777159,2025-07-10,R,694671,6,Top,55,field_out,LAA,TEX,,,
777159,2025-07-10,R,641680,6,Top,54,field_out,LAA,TEX,,,
777159,2025-07-10,R,666969,5,Top,48,field_out,LAA,TEX,669701,,
777159,2025-07-10,R,543760,5,Top,47,strikeout,LAA,TEX,669701,,
777159,2025-07-10,R,608369,5,Top,46,strikeout,LAA,TEX,669701,,
777159,2025-07-10,R,669701,5,Top,45,walk,LAA,TEX,,,
777159,2025-07-10,R,696030,4,Top,39,field_out,LAA,TEX,,669394,694497
777159,2025-07-10,R,669394,4,Top,38,fielders_choice_out,LAA,TEX,,694497,694671
777159,2025-07-10,R,694497,4,Top,37,double,LAA,TEX,694671,,
777159,2025-07-10,R,694671,4,Top,36,walk,LAA,TEX,,,
777159,2025-07-10,R,641680,4,Top,35,field_out,LAA,TEX,,,
777159,2025-07-10,R,666969,3,Top,31,strikeout,LAA,TEX,543760,,608369
777159,2025-07-10,R,543760,3,Top,30,single,LAA,TEX,608369,,669701
777159,2025-07-10,R,608369,3,Top,29,single,LAA,TEX,669701,696030,669394
777159,2025-07-10,R,669701,3,Top,28,walk,LAA,TEX,696030,669394,
777159,2025-07-10,R,696030,3,Top,27,walk,LAA,TEX,,669394,
777159,2025-07-10,R,669394,3,Top,26,double,LAA,TEX,,694497,
777159,2025-07-10,R,694497,3,Top,25,single,LAA,TEX,694671,666969,
777159,2025-07-10,R,694671,3,Top,24,single,LAA,TEX,666969,543760,
777159,2025-07-10,R,641680,3,Top,23,strikeout,LAA,TEX,666969,543760,
777159,2025-07-10,R,666969,3,Top,22,force_out,LAA,TEX,543760,608369,
777159,2025-07-10,R,543760,3,Top,21,single,LAA,TEX,608369,,
777159,2025-07-10,R,608369,3,Top,20,walk,LAA,TEX,,,
777159,2025-07-10,R,669701,2,Top,14,strikeout,LAA,TEX,,,
777159,2025-07-10,R,696030,2,Top,13,field_out,LAA,TEX,,,
777159,2025-07-10,R,669394,2,Top,12,strikeout,LAA,TEX,,,
777159,2025-07-10,R,694497,1,Top,7,grounded_into_double_play,LAA,TEX,694671,641680,666969
777159,2025-07-10,R,694671,1,Top,6,walk,LAA,TEX,641680,,666969
777159,2025-07-10,R,641680,1,Top,5,single,LAA,TEX,666969,,543760
777159,2025-07-10,R,666969,1,Top,4,single,LAA,TEX,543760,608369,
777159,2025-07-10,R,543760,1,Top,3,single,LAA,TEX,608369,,
777159,2025-07-10,R,608369,1,Top,2,single,LAA,TEX,,,
777159,2025-07-10,R,669701,1,Top,1,field_out,LAA,TEX,,,
777171,2025-07-09,R,666969,9,Top,79,strikeout,LAA,TEX,,608369,
777171,2025-07-09,R,543760,9,Top,78,field_out,LAA,TEX,,608369,
777171,2025-07-09,R,608369,9,Top,77,double,LAA,TEX,,,
777171,2025-07-09,R,669701,9,Top,76,field_out,LAA,TEX,,,
777171,2025-07-09,R,543309,8,Top,68,field_out,LAA,TEX,,,
777171,2025-07-09,R,669394,8,Top,67,field_out,LAA,TEX,,,
777171,2025-07-09,R,694497,8,Top,66,field_out,LAA,TEX,,,
777171,2025-07-09,R,694671,7,Top,59,strikeout,LAA,TEX,,,
777171,2025-07-09,R,641680,7,Top,58,field_out,LAA,TEX,,,
777171,2025-07-09,R,666969,7,Top,57,field_out,LAA,TEX,,,
777171,2025-07-09,R,543760,7,Top,56,home_run,LAA,TEX,608369,,
777171,2025-07-09,R,608369,7,Top,55,hit_by_pitch,LAA,TEX,,,
777171,2025-07-09,R,669701,6,Top,51,force_out,LAA,TEX,543309,,
777171,2025-07-09,R,543309,6,Top,50,single,LAA,TEX,,694671,
777171,2025-07-09,R,669394,6,Top,49,field_out,LAA,TEX,694671,,
777171,2025-07-09,R,694497,6,Top,48,field_out,LAA,TEX,694671,,
777171,2025-07-09,R,694671,6,Top,47,single,LAA,TEX,,,
777171,2025-07-09,R,641680,5,Top,42,grounded_into_double_play,LAA,TEX,543760,,
777171,2025-07-09,R,666969,5,Top,41,field_out,LAA,TEX,543760,,
777171,2025-07-09,R,543760,5,Top,40,walk,LAA,TEX,,,
777171,2025-07-09,R,608369,4,Top,35,field_out,LAA,TEX,,669701,
777171,2025-07-09,R,669701,4,Top,34,double,LAA,TEX,,669394,
777171,2025-07-09,R,543309,4,Top,33,field_out,LAA,TEX,,669394,
777171,2025-07-09,R,669394,4,Top,32,fielders_choice,LAA,TEX,,,694671
777171,2025-07-09,R,694497,4,Top,31,strikeout,LAA,TEX,,694671,
777171,2025-07-09,R,694671,4,Top,30,single,LAA,TEX,,,
777171,2025-07-09,R,641680,3,Top,21,field_out,LAA,TEX,608369,,
777171,2025-07-09,R,666969,3,Top,20,field_out,LAA,TEX,608369,,
777171,2025-07-09,R,543760,3,Top,19,sac_fly,LAA,TEX,608369,,669701
777171,2025-07-09,R,608369,3,Top,18,single,LAA,TEX,669701,,
777171,2025-07-09,R,669701,3,Top,17,walk,LAA,TEX,,,
777171,2025-07-09,R,543309,3,Top,16,home_run,LAA,TEX,,,
777171,2025-07-09,R,669394,2,Top,11,field_out,LAA,TEX,,,
777171,2025-07-09,R,694497,2,Top,10,field_out,LAA,TEX,,,
777171,2025-07-09,R,694671,2,Top,9,strikeout,LAA,TEX,,,
777171,2025-07-09,R,641680,1,Top,5,strikeout,LAA,TEX,,666969,
777171,2025-07-09,R,666969,1,Top,4,single,LAA,TEX,,,
777171,2025-07-09,R,543760,1,Top,3,field_out,LAA,TEX,,,669701
777171,2025-07-09,R,608369,1,Top,2,field_out,LAA,TEX,,669701,
777171,2025-07-09,R,669701,1,Top,1,double,LAA,TEX,,,
777180,2025-07-08,R,677649,9,Top,76,field_out,LAA,TEX,,,
777180,2025-07-08,R,669701,9,Top,75,field_out,LAA,TEX,,,
777180,2025-07-08,R,543309,9,Top,74,field_out,LAA,TEX,,,
777180,2025-07-08,R,669394,8,Top,70,field_out,LAA,TEX,,,
777180,2025-07-08,R,694497,8,Top,69,field_out,LAA,TEX,,,
777180,2025-07-08,R,694671,8,Top,68,home_run,LAA,TEX,,666969,
777180,2025-07-08,R,641680,8,Top,67,field_out,LAA,TEX,,666969,
777180,2025-07-08,R,666969,8,Top,66,double,LAA,TEX,,,
777180,2025-07-08,R,664059,7,Top,62,field_out,LAA,TEX,,669701,
777180,2025-07-08,R,677649,7,Top,61,field_out,LAA,TEX,,669701,
777180,2025-07-08,R,669701,7,Top,60,double,LAA,TEX,,,
777180,2025-07-08,R,543309,7,Top,59,field_out,LAA,TEX,,,
777180,2025-07-08,R,669394,7,Top,58,home_run,LAA,TEX,,,
777180,2025-07-08,R,694497,6,Top,53,strikeout,LAA,TEX,694671,641680,
777180,2025-07-08,R,694671,6,Top,52,walk,LAA,TEX,641680,,
777180,2025-07-08,R,641680,6,Top,51,single,LAA,TEX,,,
777180,2025-07-08,R,666969,6,Top,50,field_out,LAA,TEX,,,
777180,2025-07-08,R,543760,6,Top,49,field_out,LAA,TEX,,,
777180,2025-07-08,R,608369,6,Top,48,home_run,LAA,TEX,,,
777180,2025-07-08,R,669701,5,Top,44,field_out,LAA,TEX,543309,669394,
777180,2025-07-08,R,543309,5,Top,43,single,LAA,TEX,669394,,694497
777180,2025-07-08,R,669394,5,Top,42,single,LAA,TEX,694497,641680,666969
777180,2025-07-08,R,694497,5,Top,41,walk,LAA,TEX,641680,666969,543760
777180,2025-07-08,R,694671,5,Top,40,strikeout,LAA,TEX,641680,666969,543760
777180,2025-07-08,R,641680,5,Top,39,walk,LAA,TEX,666969,543760,
777180,2025-07-08,R,666969,5,Top,38,walk,LAA,TEX,543760,,
777180,2025-07-08,R,543760,5,Top,37,force_out,LAA,TEX,608369,,
777180,2025-07-08,R,608369,5,Top,36,single,LAA,TEX,,,
777180,2025-07-08,R,669701,4,Top,31,field_out,LAA,TEX,,669394,
777180,2025-07-08,R,543309,4,Top,30,field_out,LAA,TEX,669394,,
777180,2025-07-08,R,669394,4,Top,29,single,LAA,TEX,,694497,
777180,2025-07-08,R,694497,4,Top,28,double,LAA,TEX,,694671,641680
777180,2025-07-08,R,694671,4,Top,27,double,LAA,TEX,641680,543760,608369
777180,2025-07-08,R,641680,4,Top,26,walk,LAA,TEX,543760,608369,
777180,2025-07-08,R,666969,4,Top,25,field_out,LAA,TEX,543760,608369,
777180,2025-07-08,R,543760,4,Top,24,walk,LAA,TEX,608369,,
777180,2025-07-08,R,608369,4,Top,23,walk,LAA,TEX,,,
777180,2025-07-08,R,669701,3,Top,18,strikeout,LAA,TEX,,,
777180,2025-07-08,R,543309,3,Top,17,strikeout,LAA,TEX,,,
777180,2025-07-08,R,669394,3,Top,16,strikeout,LAA,TEX,,,
777180,2025-07-08,R,694497,2,Top,11,field_out,LAA,TEX,,,666969
777180,2025-07-08,R,694671,2,Top,10,field_out,LAA,TEX,,666969,
777180,2025-07-08,R,641680,2,Top,9,field_out,LAA,TEX,666969,,
777180,2025-07-08,R,666969,2,Top,8,walk,LAA,TEX,,,
777180,2025-07-08,R,543760,1,Top,3,strikeout,LAA,TEX,,,
777180,2025-07-08,R,608369,1,Top,2,grounded_into_double_play,LAA,TEX,669701,,
777180,2025-07-08,R,669701,1,Top,1,walk,LAA,TEX,,,
777200,2025-07-07,R,543760,9,Top,72,strikeout,LAA,TEX,,,
777200,2025-07-07,R,608369,9,Top,71,grounded_into_double_play,LAA,TEX,664059,,
777200,2025-07-07,R,664059,9,Top,70,field_error,LAA,TEX,,,
777200,2025-07-07,R,694497,8,Top,66,field_out,LAA,TEX,,669701,
777200,2025-07-07,R,669701,8,Top,65,double,LAA,TEX,669394,,
777200,2025-07-07,R,669394,8,Top,64,strikeout,LAA,TEX,,,
777200,2025-07-07,R,641680,8,Top,63,field_out,LAA,TEX,,,
777200,2025-07-07,R,694671,8,Top,62,field_out,LAA,TEX,,,
777200,2025-07-07,R,666969,7,Top,58,field_out,LAA,TEX,,,
777200,2025-07-07,R,543760,7,Top,57,grounded_into_double_play,LAA,TEX,608369,,
777200,2025-07-07,R,608369,7,Top,56,single,LAA,TEX,,,
777200,2025-07-07,R,664059,6,Top,50,force_out,LAA,TEX,669701,641680,
777200,2025-07-07,R,694497,6,Top,49,strikeout,LAA,TEX,669701,641680,
777200,2025-07-07,R,669701,6,Top,48,hit_by_pitch,LAA,TEX,641680,,
777200,2025-07-07,R,669394,6,Top,47,strikeout,LAA,TEX,641680,,
777200,2025-07-07,R,641680,6,Top,46,walk,LAA,TEX,,,
777200,2025-07-07,R,694671,5,Top,41,strikeout,LAA,TEX,543760,,
777200,2025-07-07,R,666969,5,Top,40,field_out,LAA,TEX,543760,,
777200,2025-07-07,R,543760,5,Top,39,walk,LAA,TEX,,,
777200,2025-07-07,R,608369,5,Top,38,field_out,LAA,TEX,,,
777200,2025-07-07,R,664059,4,Top,34,field_out,LAA,TEX,,,
777200,2025-07-07,R,680737,4,Top,33,field_out,LAA,TEX,,,
777200,2025-07-07,R,677649,4,Top,32,strikeout,LAA,TEX,,,
777200,2025-07-07,R,669394,3,Top,25,strikeout,LAA,TEX,641680,666969,
777200,2025-07-07,R,641680,3,Top,24,single,LAA,TEX,666969,,608369
777200,2025-07-07,R,694671,3,Top,23,field_out,LAA,TEX,666969,,608369
777200,2025-07-07,R,666969,3,Top,22,single,LAA,TEX,608369,664059,
777200,2025-07-07,R,543760,3,Top,21,strikeout,LAA,TEX,608369,664059,
777200,2025-07-07,R,608369,3,Top,20,walk,LAA,TEX,664059,,
777200,2025-07-07,R,664059,3,Top,19,single,LAA,TEX,,,
777200,2025-07-07,R,680737,2,Top,13,field_out,LAA,TEX,641680,,
777200,2025-07-07,R,677649,2,Top,12,field_out,LAA,TEX,641680,,
777200,2025-07-07,R,669394,2,Top,11,field_out,LAA,TEX,641680,,
777200,2025-07-07,R,641680,2,Top,10,single,LAA,TEX,,,
777200,2025-07-07,R,694671,1,Top,5,field_out,LAA,TEX,,,
777200,2025-07-07,R,666969,1,Top,4,field_out,LAA,TEX,,,
777200,2025-07-07,R,543760,1,Top,3,field_out,LAA,TEX,,,
777200,2025-07-07,R,608369,1,Top,2,home_run,LAA,TEX,664059,,
777200,2025-07-07,R,664059,1,Top,1,single,LAA,TEX,,,
777207,2025-07-06,R,641680,9,Top,72,field_out,SD,TEX,,,
777207,2025-07-06,R,694671,9,Top,71,strikeout,SD,TEX,,,
777207,2025-07-06,R,694497,9,Top,70,strikeout,SD,TEX,,,
777207,2025-07-06,R,666969,8,Top,66,field_out,SD,TEX,543760,,
777207,2025-07-06,R,543760,8,Top,65,single,SD,TEX,,,
777207,2025-07-06,R,608369,8,Top,64,strikeout,SD,TEX,,,
777207,2025-07-06,R,664059,8,Top,63,field_out,SD,TEX,,,
777207,2025-07-06,R,543309,7,Top,56,field_out,SD,TEX,669394,,
777207,2025-07-06,R,669394,7,Top,55,single,SD,TEX,,,
777207,2025-07-06,R,641680,7,Top,54,field_out,SD,TEX,,,
777207,2025-07-06,R,694671,7,Top,53,strikeout,SD,TEX,,,
777207,2025-07-06,R,694497,6,Top,45,strikeout,SD,TEX,,,
777207,2025-07-06,R,666969,6,Top,44,strikeout,SD,TEX,,,
777207,2025-07-06,R,543760,6,Top,43,field_out,SD,TEX,,,
777207,2025-07-06,R,608369,5,Top,39,strikeout,SD,TEX,,,
777207,2025-07-06,R,669701,5,Top,38,field_out,SD,TEX,,,
777207,2025-07-06,R,543309,5,Top,37,field_out,SD,TEX,,,
777207,2025-07-06,R,669394,4,Top,31,field_out,SD,TEX,,,
777207,2025-07-06,R,641680,4,Top,30,field_out,SD,TEX,,,
777207,2025-07-06,R,694671,4,Top,29,field_out,SD,TEX,,,
777207,2025-07-06,R,694497,3,Top,23,strikeout,SD,TEX,,,
777207,2025-07-06,R,666969,3,Top,22,field_out,SD,TEX,,,
777207,2025-07-06,R,543760,3,Top,21,field_out,SD,TEX,,,
777207,2025-07-06,R,608369,2,Top,17,field_out,SD,TEX,669394,,
777207,2025-07-06,R,669701,2,Top,16,field_out,SD,TEX,669394,,
777207,2025-07-06,R,543309,2,Top,15,field_out,SD,TEX,669394,,
777207,2025-07-06,R,669394,2,Top,14,single,SD,TEX,,,
777207,2025-07-06,R,641680,1,Top,7,field_out,SD,TEX,694671,694497,666969
777207,2025-07-06,R,694671,1,Top,6,walk,SD,TEX,694497,666969,
777207,2025-07-06,R,694497,1,Top,5,fielders_choice_out,SD,TEX,666969,,608369
777207,2025-07-06,R,666969,1,Top,4,single,SD,TEX,,608369,
777207,2025-07-06,R,543760,1,Top,3,strikeout,SD,TEX,,608369,
777207,2025-07-06,R,608369,1,Top,2,double,SD,TEX,669701,,
777207,2025-07-06,R,669701,1,Top,1,single,SD,TEX,,,
777223,2025-07-05,R,666969,9,Top,75,field_out,SD,TEX,,,
777223,2025-07-05,R,543760,9,Top,74,field_out,SD,TEX,,,
777223,2025-07-05,R,608369,9,Top,73,field_out,SD,TEX,,,
777223,2025-07-05,R,669701,8,Top,69,strikeout,SD,TEX,,543309,669394
777223,2025-07-05,R,543309,8,Top,68,single,SD,TEX,669394,,694497
777223,2025-07-05,R,669394,8,Top,67,force_out,SD,TEX,641680,694497,
777223,2025-07-05,R,641680,8,Top,66,walk,SD,TEX,,694497,
777223,2025-07-05,R,694671,8,Top,65,strikeout,SD,TEX,,694497,
777223,2025-07-05,R,694497,8,Top,64,single,SD,TEX,,,
777223,2025-07-05,R,666969,7,Top,56,grounded_into_double_play,SD,TEX,608369,,
777223,2025-07-05,R,543760,7,Top,55,field_out,SD,TEX,608369,,
777223,2025-07-05,R,608369,7,Top,54,walk,SD,TEX,,,
777223,2025-07-05,R,669701,6,Top,49,field_out,SD,TEX,669394,,
777223,2025-07-05,R,543309,6,Top,48,sac_fly,SD,TEX,669394,,694671
777223,2025-07-05,R,669394,6,Top,47,single,SD,TEX,694671,,
777223,2025-07-05,R,641680,6,Top,46,field_out,SD,TEX,694671,,
777223,2025-07-05,R,694671,6,Top,45,single,SD,TEX,,,
777223,2025-07-05,R,694497,5,Top,41,field_out,SD,TEX,666969,,
777223,2025-07-05,R,666969,5,Top,40,single,SD,TEX,,,
777223,2025-07-05,R,543760,5,Top,39,field_out,SD,TEX,,,
777223,2025-07-05,R,608369,5,Top,38,field_out,SD,TEX,,,
777223,2025-07-05,R,669701,4,Top,32,field_out,SD,TEX,543309,669394,
777223,2025-07-05,R,543309,4,Top,31,single,SD,TEX,669394,,641680
777223,2025-07-05,R,669394,4,Top,30,single,SD,TEX,,641680,
777223,2025-07-05,R,641680,4,Top,29,double,SD,TEX,694671,,
777223,2025-07-05,R,694671,4,Top,28,walk,SD,TEX,,,
777223,2025-07-05,R,694497,4,Top,27,field_out,SD,TEX,,,
777223,2025-07-05,R,666969,4,Top,26,strikeout,SD,TEX,,,
777223,2025-07-05,R,543760,3,Top,22,field_out,SD,TEX,,,
777223,2025-07-05,R,608369,3,Top,21,grounded_into_double_play,SD,TEX,669701,,
777223,2025-07-05,R,669701,3,Top,20,single,SD,TEX,,,
777223,2025-07-05,R,543309,3,Top,19,home_run,SD,TEX,669394,,
777223,2025-07-05,R,669394,3,Top,18,hit_by_pitch,SD,TEX,,,
777223,2025-07-05,R,641680,2,Top,12,field_out,SD,TEX,,,
777223,2025-07-05,R,694671,2,Top,11,field_out,SD,TEX,,,
777223,2025-07-05,R,694497,2,Top,10,field_out,SD,TEX,,,
777223,2025-07-05,R,666969,1,Top,4,field_out,SD,TEX,,,
777223,2025-07-05,R,543760,1,Top,3,field_out,SD,TEX,,,
777223,2025-07-05,R,608369,1,Top,2,strikeout,SD,TEX,,,
777223,2025-07-05,R,669701,1,Top,1,home_run,SD,TEX,,,
777239,2025-07-04,R,664059,10,Top,79,field_out,SD,TEX,543760,669701,
777239,2025-07-04,R,666969,10,Top,78,field_out,SD,TEX,543760,669701,
777239,2025-07-04,R,543760,10,Top,77,walk,SD,TEX,,669701,
777239,2025-07-04,R,608369,10,Top,76,strikeout,SD,TEX,,669701,
777239,2025-07-04,R,669701,9,Top,70,field_out,SD,TEX,,677649,
777239,2025-07-04,R,543309,9,Top,69,field_out,SD,TEX,677649,,
777239,2025-07-04,R,669394,9,Top,68,single,SD,TEX,,,
777239,2025-07-04,R,696030,9,Top,67,strikeout,SD,TEX,,,
777239,2025-07-04,R,641680,8,Top,61,strikeout,SD,TEX,,,
777239,2025-07-04,R,694497,8,Top,60,walk,SD,TEX,,,
777239,2025-07-04,R,666969,8,Top,59,field_out,SD,TEX,,,
777239,2025-07-04,R,543760,7,Top,55,strikeout,SD,TEX,608369,543309,
777239,2025-07-04,R,608369,7,Top,54,intent_walk,SD,TEX,,543309,
777239,2025-07-04,R,669701,7,Top,53,field_out,SD,TEX,,543309,
777239,2025-07-04,R,543309,7,Top,52,double,SD,TEX,,,
777239,2025-07-04,R,669394,7,Top,51,field_out,SD,TEX,,,
777239,2025-07-04,R,696030,6,Top,43,field_out,SD,TEX,,694497,
777239,2025-07-04,R,641680,6,Top,42,field_out,SD,TEX,694497,,
777239,2025-07-04,R,694497,6,Top,41,field_error,SD,TEX,,,
777239,2025-07-04,R,666969,6,Top,40,field_out,SD,TEX,,,
777239,2025-07-04,R,543760,5,Top,36,field_out,SD,TEX,608369,669701,
777239,2025-07-04,R,608369,5,Top,35,walk,SD,TEX,,669701,
777239,2025-07-04,R,669701,5,Top,34,walk,SD,TEX,,,
777239,2025-07-04,R,543309,5,Top,33,strikeout,SD,TEX,,,
777239,2025-07-04,R,669394,5,Top,32,field_out,SD,TEX,,,
777239,2025-07-04,R,696030,4,Top,26,field_out,SD,TEX,,,
777239,2025-07-04,R,641680,4,Top,25,field_out,SD,TEX,,,
777239,2025-07-04,R,694497,4,Top,24,field_out,SD,TEX,,,
777239,2025-07-04,R,666969,3,Top,20,field_out,SD,TEX,,543760,
777239,2025-07-04,R,543760,3,Top,19,double,SD,TEX,608369,,669701
777239,2025-07-04,R,608369,3,Top,18,single,SD,TEX,669701,,
777239,2025-07-04,R,669701,3,Top,17,walk,SD,TEX,,,
777239,2025-07-04,R,543309,3,Top,16,field_out,SD,TEX,,,
777239,2025-07-04,R,669394,3,Top,15,field_out,SD,TEX,,,
777239,2025-07-04,R,696030,2,Top,10,field_out,SD,TEX,,,694497
777239,2025-07-04,R,641680,2,Top,9,field_out,SD,TEX,,694497,
777239,2025-07-04,R,694497,2,Top,8,single,SD,TEX,,,
777239,2025-07-04,R,666969,2,Top,7,field_out,SD,TEX,,,
777239,2025-07-04,R,543760,1,Top,3,field_out,SD,TEX,,,
777239,2025-07-04,R,608369,1,Top,2,field_out,SD,TEX,,,
777239,2025-07-04,R,669701,1,Top,1,field_out,SD,TEX,,,
777268,2025-07-02,R,677649,8,Bot,66,strikeout,TEX,BAL,,,
777268,2025-07-02,R,641856,8,Bot,65,field_out,TEX,BAL,,,
777268,2025-07-02,R,669394,8,Bot,64,field_out,TEX,BAL,,,
777268,2025-07-02,R,641680,7,Bot,59,field_out,TEX,BAL,,696030,
777268,2025-07-02,R,696030,7,Bot,58,walk,TEX,BAL,,,
777268,2025-07-02,R,666969,7,Bot,57,field_out,TEX,BAL,,,
777268,2025-07-02,R,543760,7,Bot,56,field_out,TEX,BAL,,,
777268,2025-07-02,R,608369,6,Bot,51,strikeout,TEX,BAL,669701,,
777268,2025-07-02,R,669701,6,Bot,50,single,TEX,BAL,,,
777268,2025-07-02,R,677649,6,Bot,49,field_out,TEX,BAL,,,
777268,2025-07-02,R,641856,6,Bot,48,field_out,TEX,BAL,,,
777268,2025-07-02,R,669394,5,Bot,43,strikeout,TEX,BAL,641680,,696030
777268,2025-07-02,R,641680,5,Bot,42,single,TEX,BAL,696030,,
777268,2025-07-02,R,696030,5,Bot,41,single,TEX,BAL,,,
777268,2025-07-02,R,666969,5,Bot,40,field_out,TEX,BAL,,,
777268,2025-07-02,R,543760,5,Bot,39,strikeout,TEX,BAL,,,
777268,2025-07-02,R,608369,5,Bot,38,home_run,TEX,BAL,,,
777268,2025-07-02,R,669701,4,Bot,34,field_out,TEX,BAL,677649,,
777268,2025-07-02,R,677649,4,Bot,33,single,TEX,BAL,,641680,696030
777268,2025-07-02,R,641856,4,Bot,32,strikeout,TEX,BAL,,641680,696030
777268,2025-07-02,R,669394,4,Bot,31,strikeout,TEX,BAL,,641680,696030
777268,2025-07-02,R,641680,4,Bot,30,single,TEX,BAL,696030,,
777268,2025-07-02,R,696030,4,Bot,29,single,TEX,BAL,,,
777268,2025-07-02,R,696030,3,Bot,24,truncated_pa,TEX,BAL,666969,,
777268,2025-07-02,R,666969,3,Bot,23,single,TEX,BAL,,,
777268,2025-07-02,R,543760,3,Bot,22,home_run,TEX,BAL,,669701,641856
777268,2025-07-02,R,608369,3,Bot,21,field_out,TEX,BAL,669701,641856,
777268,2025-07-02,R,669701,3,Bot,20,single,TEX,BAL,641856,,
777268,2025-07-02,R,677649,3,Bot,19,field_out,TEX,BAL,641856,,
777268,2025-07-02,R,641856,3,Bot,18,walk,TEX,BAL,,,
777268,2025-07-02,R,669394,2,Bot,14,field_out,TEX,BAL,,,
777268,2025-07-02,R,641680,2,Bot,13,strikeout,TEX,BAL,,,
777268,2025-07-02,R,696030,2,Bot,12,field_out,TEX,BAL,,,
777268,2025-07-02,R,666969,1,Bot,8,strikeout,TEX,BAL,,,669701
777268,2025-07-02,R,543760,1,Bot,7,field_out,TEX,BAL,669701,,
777268,2025-07-02,R,608369,1,Bot,6,field_out,TEX,BAL,669701,,
777268,2025-07-02,R,669701,1,Bot,5,single,TEX,BAL,,,
777282,2025-07-01,R,677649,8,Bot,75,field_out,TEX,BAL,,679822,
777282,2025-07-01,R,679822,8,Bot,74,double,TEX,BAL,,680737,543760
777282,2025-07-01,R,641680,8,Bot,73,strikeout,TEX,BAL,680737,543760,608369
777282,2025-07-01,R,680737,8,Bot,72,walk,TEX,BAL,,543760,608369
777282,2025-07-01,R,666969,8,Bot,71,field_out,TEX,BAL,,543760,608369
777282,2025-07-01,R,543760,8,Bot,70,walk,TEX,BAL,,608369,
777282,2025-07-01,R,608369,8,Bot,69,hit_by_pitch,TEX,BAL,,,
777282,2025-07-01,R,669701,7,Bot,65,field_out,TEX,BAL,,677649,
777282,2025-07-01,R,664059,7,Bot,64,field_out,TEX,BAL,,677649,
777282,2025-07-01,R,677649,7,Bot,63,double,TEX,BAL,,,
777282,2025-07-01,R,641856,7,Bot,62,field_out,TEX,BAL,,,
777282,2025-07-01,R,641680,6,Bot,56,strikeout,TEX,BAL,,,666969
777282,2025-07-01,R,696030,6,Bot,55,field_out,TEX,BAL,,666969,
777282,2025-07-01,R,666969,6,Bot,54,single,TEX,BAL,,543760,608369
777282,2025-07-01,R,543760,6,Bot,53,single,TEX,BAL,,608369,
777282,2025-07-01,R,608369,6,Bot,52,double,TEX,BAL,,,
777282,2025-07-01,R,669701,6,Bot,51,field_out,TEX,BAL,,,
777282,2025-07-01,R,664059,5,Bot,46,field_out,TEX,BAL,677649,641856,641680
777282,2025-07-01,R,677649,5,Bot,45,hit_by_pitch,TEX,BAL,641856,641680,
777282,2025-07-01,R,641856,5,Bot,44,single,TEX,BAL,641680,,
777282,2025-07-01,R,641680,5,Bot,43,walk,TEX,BAL,,,
777282,2025-07-01,R,696030,5,Bot,42,home_run,TEX,BAL,,666969,
777282,2025-07-01,R,666969,5,Bot,41,double,TEX,BAL,,,
777282,2025-07-01,R,543760,5,Bot,40,field_out,TEX,BAL,,,
777282,2025-07-01,R,608369,5,Bot,39,strikeout,TEX,BAL,,,
777282,2025-07-01,R,669701,4,Bot,34,grounded_into_double_play,TEX,BAL,664059,,
777282,2025-07-01,R,664059,4,Bot,33,walk,TEX,BAL,,,
777282,2025-07-01,R,677649,4,Bot,32,field_out,TEX,BAL,,,
777282,2025-07-01,R,641856,3,Bot,26,field_out,TEX,BAL,641680,666969,
777282,2025-07-01,R,641680,3,Bot,25,single,TEX,BAL,666969,543760,
777282,2025-07-01,R,696030,3,Bot,24,strikeout,TEX,BAL,666969,543760,
777282,2025-07-01,R,666969,3,Bot,23,single,TEX,BAL,543760,669701,664059
777282,2025-07-01,R,543760,3,Bot,22,walk,TEX,BAL,669701,664059,
777282,2025-07-01,R,608369,3,Bot,21,strikeout,TEX,BAL,669701,664059,
777282,2025-07-01,R,669701,3,Bot,20,single,TEX,BAL,664059,,
777282,2025-07-01,R,664059,3,Bot,19,single,TEX,BAL,,,
777282,2025-07-01,R,677649,2,Bot,15,strikeout,TEX,BAL,,,641680
777282,2025-07-01,R,641856,2,Bot,14,field_out,TEX,BAL,,641680,
777282,2025-07-01,R,641680,2,Bot,13,double,TEX,BAL,,,
777282,2025-07-01,R,696030,2,Bot,12,field_out,TEX,BAL,,,
777282,2025-07-01,R,666969,1,Bot,7,strikeout,TEX,BAL,,608369,
777282,2025-07-01,R,543760,1,Bot,6,field_out,TEX,BAL,,608369,
777282,2025-07-01,R,608369,1,Bot,5,double,TEX,BAL,,,
777282,2025-07-01,R,669701,1,Bot,4,field_out,TEX,BAL,,,
777292,2025-06-30,R,696030,11,Bot,96,field_out,TEX,BAL,,669701,
777292,2025-06-30,R,683004,11,Bot,95,strikeout,TEX,BAL,,669701,
777292,2025-06-30,R,673962,11,Bot,94,field_out,TEX,BAL,,669701,
777292,2025-06-30,R,669701,10,Bot,85,field_out,TEX,BAL,,,
777292,2025-06-30,R,641680,10,Bot,84,field_out,TEX,BAL,,,
777292,2025-06-30,R,666969,10,Bot,83,home_run,TEX,BAL,543760,,664059
777292,2025-06-30,R,543760,10,Bot,82,single,TEX,BAL,,664059,
777292,2025-06-30,R,608369,10,Bot,81,field_out,TEX,BAL,,664059,
777292,2025-06-30,R,664059,9,Bot,75,field_out,TEX,BAL,,,677649
777292,2025-06-30,R,696030,9,Bot,74,strikeout,TEX,BAL,,,677649
777292,2025-06-30,R,543309,9,Bot,73,walk,TEX,BAL,,,
777292,2025-06-30,R,673962,9,Bot,72,strikeout,TEX,BAL,,,
777292,2025-06-30,R,669701,8,Bot,68,strikeout,TEX,BAL,,666969,543760
777292,2025-06-30,R,641680,8,Bot,67,strikeout,TEX,BAL,666969,,543760
777292,2025-06-30,R,666969,8,Bot,66,single,TEX,BAL,,543760,
777292,2025-06-30,R,543760,8,Bot,65,single,TEX,BAL,,,
777292,2025-06-30,R,608369,8,Bot,64,strikeout,TEX,BAL,,,
777292,2025-06-30,R,664059,7,Bot,59,field_out,TEX,BAL,,,
777292,2025-06-30,R,680737,7,Bot,58,walk,TEX,BAL,,,
777292,2025-06-30,R,543309,7,Bot,57,strikeout,TEX,BAL,,,
777292,2025-06-30,R,673962,7,Bot,56,strikeout,TEX,BAL,,,
777292,2025-06-30,R,669701,6,Bot,51,field_out,TEX,BAL,,,
777292,2025-06-30,R,641680,6,Bot,50,strikeout,TEX,BAL,,,
777292,2025-06-30,R,666969,6,Bot,49,field_out,TEX,BAL,,,
777292,2025-06-30,R,543760,6,Bot,48,home_run,TEX,BAL,608369,,
777292,2025-06-30,R,608369,6,Bot,47,walk,TEX,BAL,,,
777292,2025-06-30,R,664059,5,Bot,43,strikeout,TEX,BAL,,,
777292,2025-06-30,R,680737,5,Bot,42,field_out,TEX,BAL,,,
777292,2025-06-30,R,543309,5,Bot,41,field_out,TEX,BAL,,,
777292,2025-06-30,R,673962,4,Bot,36,field_out,TEX,BAL,,,
777292,2025-06-30,R,679822,4,Bot,35,strikeout,TEX,BAL,,,
777292,2025-06-30,R,641680,4,Bot,34,field_out,TEX,BAL,,,
777292,2025-06-30,R,666969,3,Bot,30,strikeout,TEX,BAL,543760,,
777292,2025-06-30,R,543760,3,Bot,29,walk,TEX,BAL,,,
777292,2025-06-30,R,608369,3,Bot,28,field_out,TEX,BAL,,,
777292,2025-06-30,R,664059,3,Bot,27,field_out,TEX,BAL,,,
777292,2025-06-30,R,680737,2,Bot,18,field_out,TEX,BAL,543309,,
777292,2025-06-30,R,543309,2,Bot,17,single,TEX,BAL,,,
777292,2025-06-30,R,673962,2,Bot,16,field_out,TEX,BAL,,,
777292,2025-06-30,R,679822,2,Bot,15,field_out,TEX,BAL,,,
777292,2025-06-30,R,641680,1,Bot,9,strikeout,TEX,BAL,543760,608369,
777292,2025-06-30,R,666969,1,Bot,8,strikeout,TEX,BAL,543760,608369,
777292,2025-06-30,R,543760,1,Bot,7,walk,TEX,BAL,608369,,
777292,2025-06-30,R,608369,1,Bot,6,single,TEX,BAL,,,
777292,2025-06-30,R,664059,1,Bot,5,field_out,TEX,BAL,,,
777302,2025-06-29,R,543760,12,Bot,102,field_out,TEX,SEA,,,
777302,2025-06-29,R,608369,12,Bot,101,sac_fly,TEX,SEA,,,543309
777302,2025-06-29,R,669701,12,Bot,100,field_out,TEX,SEA,,543309,
777302,2025-06-29,R,543309,11,Bot,94,strikeout,TEX,SEA,696030,694497,666969
777302,2025-06-29,R,696030,11,Bot,93,intent_walk,TEX,SEA,,694497,666969
777302,2025-06-29,R,673962,11,Bot,92,strikeout,TEX,SEA,,694497,666969
777302,2025-06-29,R,694497,11,Bot,91,intent_walk,TEX,SEA,,,666969
777302,2025-06-29,R,641680,11,Bot,90,sac_bunt,TEX,SEA,,666969,
777302,2025-06-29,R,666969,10,Bot,85,field_out,TEX,SEA,,,
777302,2025-06-29,R,543760,10,Bot,84,field_out,TEX,SEA,,,
777302,2025-06-29,R,608369,10,Bot,83,home_run,TEX,SEA,,,543309
777302,2025-06-29,R,669701,10,Bot,82,field_out,TEX,SEA,,543309,
777302,2025-06-29,R,543309,9,Bot,74,field_out,TEX,SEA,,696030,
777302,2025-06-29,R,696030,9,Bot,73,single,TEX,SEA,,,
777302,2025-06-29,R,673962,9,Bot,72,strikeout,TEX,SEA,,,
777302,2025-06-29,R,694497,9,Bot,71,field_out,TEX,SEA,,,
777302,2025-06-29,R,641680,8,Bot,65,field_out,TEX,SEA,,,
777302,2025-06-29,R,666969,8,Bot,64,strikeout,TEX,SEA,,,
777302,2025-06-29,R,543760,8,Bot,63,strikeout,TEX,SEA,,,
777302,2025-06-29,R,608369,7,Bot,58,field_out,TEX,SEA,,,
777302,2025-06-29,R,669701,7,Bot,57,field_out,TEX,SEA,,,
777302,2025-06-29,R,543309,7,Bot,56,field_out,TEX,SEA,,,
777302,2025-06-29,R,696030,6,Bot,52,field_out,TEX,SEA,,694497,
777302,2025-06-29,R,673962,6,Bot,51,strikeout,TEX,SEA,,694497,
777302,2025-06-29,R,694497,6,Bot,50,single,TEX,SEA,,,
777302,2025-06-29,R,641680,6,Bot,49,field_out,TEX,SEA,,,
777302,2025-06-29,R,666969,5,Bot,43,field_out,TEX,SEA,608369,669701,
777302,2025-06-29,R,543760,5,Bot,42,field_out,TEX,SEA,608369,669701,
777302,2025-06-29,R,608369,5,Bot,41,walk,TEX,SEA,669701,,
777302,2025-06-29,R,669701,5,Bot,40,walk,TEX,SEA,,,
777302,2025-06-29,R,543309,5,Bot,39,field_out,TEX,SEA,,,
777302,2025-06-29,R,696030,4,Bot,33,field_out,TEX,SEA,,,
777302,2025-06-29,R,673962,4,Bot,32,grounded_into_double_play,TEX,SEA,694497,,
777302,2025-06-29,R,694497,4,Bot,31,single,TEX,SEA,,,
777302,2025-06-29,R,641680,3,Bot,26,field_out,TEX,SEA,543760,608369,
777302,2025-06-29,R,666969,3,Bot,25,strikeout,TEX,SEA,543760,608369,
777302,2025-06-29,R,543760,3,Bot,24,single,TEX,SEA,608369,,
777302,2025-06-29,R,608369,3,Bot,23,force_out,TEX,SEA,669701,,
777302,2025-06-29,R,669701,3,Bot,22,single,TEX,SEA,,,
777302,2025-06-29,R,543309,2,Bot,17,strikeout,TEX,SEA,673962,,
777302,2025-06-29,R,696030,2,Bot,16,strikeout,TEX,SEA,673962,,
777302,2025-06-29,R,673962,2,Bot,15,single,TEX,SEA,,694497,
777302,2025-06-29,R,694497,2,Bot,14,double,TEX,SEA,,,
777302,2025-06-29,R,641680,2,Bot,13,field_out,TEX,SEA,,,
777302,2025-06-29,R,666969,1,Bot,9,field_out,TEX,SEA,,669701,
777302,2025-06-29,R,543760,1,Bot,8,field_out,TEX,SEA,,669701,
777302,2025-06-29,R,608369,1,Bot,7,field_out,TEX,SEA,669701,,
777302,2025-06-29,R,669701,1,Bot,6,single,TEX,SEA,,,
777322,2025-06-28,R,543760,10,Bot,76,single,TEX,SEA,608369,669701,696030
777322,2025-06-28,R,608369,10,Bot,75,walk,TEX,SEA,,669701,696030
777322,2025-06-28,R,669701,10,Bot,74,hit_by_pitch,TEX,SEA,,696030,
777322,2025-06-28,R,664059,10,Bot,73,strikeout,TEX,SEA,,696030,
777322,2025-06-28,R,696030,9,Bot,69,field_out,TEX,SEA,673962,,
777322,2025-06-28,R,673962,9,Bot,68,walk,TEX,SEA,,,
777322,2025-06-28,R,694497,9,Bot,67,field_out,TEX,SEA,,,
777322,2025-06-28,R,641680,9,Bot,66,strikeout,TEX,SEA,,,
777322,2025-06-28,R,666969,8,Bot,62,strikeout,TEX,SEA,,,
777322,2025-06-28,R,543760,8,Bot,61,field_out,TEX,SEA,,,
777322,2025-06-28,R,608369,8,Bot,60,field_out,TEX,SEA,,,
777322,2025-06-28,R,669701,7,Bot,55,field_out,TEX,SEA,543309,,
777322,2025-06-28,R,543309,7,Bot,54,walk,TEX,SEA,,,
777322,2025-06-28,R,696030,7,Bot,53,field_out,TEX,SEA,,,
777322,2025-06-28,R,673962,7,Bot,52,field_out,TEX,SEA,,,
777322,2025-06-28,R,694497,6,Bot,48,field_out,TEX,SEA,,,
777322,2025-06-28,R,641680,6,Bot,47,strikeout,TEX,SEA,,,
777322,2025-06-28,R,666969,6,Bot,46,strikeout,TEX,SEA,,,
777322,2025-06-28,R,543760,5,Bot,40,strikeout,TEX,SEA,608369,,
777322,2025-06-28,R,608369,5,Bot,39,walk,TEX,SEA,,,
777322,2025-06-28,R,669701,5,Bot,38,field_out,TEX,SEA,,,
777322,2025-06-28,R,543309,5,Bot,37,strikeout,TEX,SEA,,,
777322,2025-06-28,R,696030,4,Bot,33,field_out,TEX,SEA,673962,,
777322,2025-06-28,R,673962,4,Bot,32,single,TEX,SEA,,,
777322,2025-06-28,R,694497,4,Bot,31,field_out,TEX,SEA,,,
777322,2025-06-28,R,641680,4,Bot,30,strikeout,TEX,SEA,,,
777322,2025-06-28,R,666969,3,Bot,24,strikeout,TEX,SEA,543760,,
777322,2025-06-28,R,543760,3,Bot,23,single,TEX,SEA,,,
777322,2025-06-28,R,608369,3,Bot,22,home_run,TEX,SEA,669701,,
777322,2025-06-28,R,669701,3,Bot,21,field_error,TEX,SEA,,,
777322,2025-06-28,R,543309,3,Bot,20,field_out,TEX,SEA,,,
777322,2025-06-28,R,696030,3,Bot,19,walk,TEX,SEA,,,
777322,2025-06-28,R,673962,2,Bot,13,strikeout,TEX,SEA,694497,,
777322,2025-06-28,R,694497,2,Bot,12,single,TEX,SEA,,,
777322,2025-06-28,R,641680,2,Bot,11,field_out,TEX,SEA,,,
777322,2025-06-28,R,666969,2,Bot,10,strikeout,TEX,SEA,,,
777322,2025-06-28,R,543760,1,Bot,6,strikeout,TEX,SEA,,,
777322,2025-06-28,R,608369,1,Bot,5,grounded_into_double_play,TEX,SEA,669701,,
777322,2025-06-28,R,669701,1,Bot,4,single,TEX,SEA,,,
777340,2025-06-27,R,673962,12,Bot,106,strikeout,TEX,SEA,694497,543760,
777340,2025-06-27,R,694497,12,Bot,105,walk,TEX,SEA,,543760,
777340,2025-06-27,R,666969,12,Bot,104,field_out,TEX,SEA,,543760,
777340,2025-06-27,R,543760,12,Bot,103,fielders_choice_out,TEX,SEA,,608369,
777340,2025-06-27,R,608369,11,Bot,98,field_out,TEX,SEA,664059,669701,673962
777340,2025-06-27,R,664059,11,Bot,97,walk,TEX,SEA,,669701,673962
777340,2025-06-27,R,669701,11,Bot,96,intent_walk,TEX,SEA,,,673962
777340,2025-06-27,R,677649,11,Bot,95,field_out,TEX,SEA,,673962,
777340,2025-06-27,R,543309,11,Bot,94,field_out,TEX,SEA,,673962,
777340,2025-06-27,R,673962,10,Bot,89,field_out,TEX,SEA,694497,608369,
777340,2025-06-27,R,694497,10,Bot,88,walk,TEX,SEA,,608369,
777340,2025-06-27,R,666969,10,Bot,87,sac_fly,TEX,SEA,608369,,664059
777340,2025-06-27,R,543760,10,Bot,86,field_out,TEX,SEA,608369,664059,
777340,2025-06-27,R,608369,10,Bot,85,intent_walk,TEX,SEA,,664059,
777340,2025-06-27,R,664059,9,Bot,81,strikeout,TEX,SEA,,680737,
777340,2025-06-27,R,669701,9,Bot,80,strikeout,TEX,SEA,,680737,
777340,2025-06-27,R,677649,9,Bot,79,sac_bunt,TEX,SEA,680737,,
777340,2025-06-27,R,641680,9,Bot,78,single,TEX,SEA,,,
777340,2025-06-27,R,673962,8,Bot,74,strikeout,TEX,SEA,,,
777340,2025-06-27,R,694497,8,Bot,73,field_out,TEX,SEA,,,
777340,2025-06-27,R,666969,8,Bot,72,strikeout,TEX,SEA,,,
777340,2025-06-27,R,543760,7,Bot,67,strikeout,TEX,SEA,608369,664059,
777340,2025-06-27,R,608369,7,Bot,66,hit_by_pitch,TEX,SEA,664059,,
777340,2025-06-27,R,664059,7,Bot,65,single,TEX,SEA,,669701,
777340,2025-06-27,R,669701,7,Bot,64,double,TEX,SEA,,,
777340,2025-06-27,R,677649,7,Bot,63,strikeout,TEX,SEA,,,
777340,2025-06-27,R,641680,7,Bot,62,field_out,TEX,SEA,,,
777340,2025-06-27,R,673962,6,Bot,58,grounded_into_double_play,TEX,SEA,694497,666969,
777340,2025-06-27,R,694497,6,Bot,57,single,TEX,SEA,666969,,
777340,2025-06-27,R,666969,6,Bot,56,single,TEX,SEA,,543760,664059
777340,2025-06-27,R,543760,6,Bot,55,double,TEX,SEA,664059,669701,
777340,2025-06-27,R,608369,6,Bot,54,strikeout,TEX,SEA,664059,669701,
777340,2025-06-27,R,664059,6,Bot,53,hit_by_pitch,TEX,SEA,669701,,
777340,2025-06-27,R,669701,6,Bot,52,single,TEX,SEA,,,
777340,2025-06-27,R,696030,5,Bot,45,field_out,TEX,SEA,,,
777340,2025-06-27,R,641680,5,Bot,44,field_out,TEX,SEA,,,
777340,2025-06-27,R,673962,5,Bot,43,field_out,TEX,SEA,,,
777340,2025-06-27,R,694497,4,Bot,37,strikeout,TEX,SEA,,,608369
777340,2025-06-27,R,666969,4,Bot,36,field_out,TEX,SEA,,608369,
777340,2025-06-27,R,543760,4,Bot,35,field_out,TEX,SEA,608369,,
777340,2025-06-27,R,608369,4,Bot,34,walk,TEX,SEA,,,
777340,2025-06-27,R,664059,3,Bot,26,strikeout,TEX,SEA,,696030,
777340,2025-06-27,R,669701,3,Bot,25,field_out,TEX,SEA,,696030,
777340,2025-06-27,R,696030,3,Bot,24,double,TEX,SEA,,,
777340,2025-06-27,R,641680,3,Bot,23,field_out,TEX,SEA,,,
777340,2025-06-27,R,673962,2,Bot,16,field_out,TEX,SEA,,,
777340,2025-06-27,R,694497,2,Bot,15,strikeout,TEX,SEA,,,
777340,2025-06-27,R,666969,2,Bot,14,field_out,TEX,SEA,,,
777340,2025-06-27,R,543760,1,Bot,9,strikeout,TEX,SEA,,,
777340,2025-06-27,R,608369,1,Bot,8,home_run,TEX,SEA,,,
777340,2025-06-27,R,664059,1,Bot,7,strikeout,TEX,SEA,,,
777340,2025-06-27,R,669701,1,Bot,6,strikeout,TEX,SEA,,,
777365,2025-06-25,R,664059,9,Top,65,strikeout,BAL,TEX,,,
777365,2025-06-25,R,669701,9,Top,64,field_out,BAL,TEX,,,
777365,2025-06-25,R,696030,9,Top,63,field_out,BAL,TEX,,,
777365,2025-06-25,R,641680,8,Top,58,field_out,BAL,TEX,,,
777365,2025-06-25,R,673962,8,Top,57,field_out,BAL,TEX,,,
777365,2025-06-25,R,694497,8,Top,56,field_out,BAL,TEX,,,
777365,2025-06-25,R,666969,7,Top,50,strikeout,BAL,TEX,,543760,
777365,2025-06-25,R,543760,7,Top,49,single,BAL,TEX,,,
777365,2025-06-25,R,608369,7,Top,48,field_out,BAL,TEX,,,
777365,2025-06-25,R,664059,7,Top,47,field_out,BAL,TEX,,,
777365,2025-06-25,R,669701,6,Top,43,strikeout,BAL,TEX,,,
777365,2025-06-25,R,696030,6,Top,42,field_out,BAL,TEX,,,
777365,2025-06-25,R,641680,6,Top,41,home_run,BAL,TEX,,,
777365,2025-06-25,R,673962,6,Top,40,field_out,BAL,TEX,,,
777365,2025-06-25,R,694497,5,Top,36,field_out,BAL,TEX,,,543760
777365,2025-06-25,R,666969,5,Top,35,sac_fly,BAL,TEX,,543760,608369
777365,2025-06-25,R,543760,5,Top,34,single,BAL,TEX,608369,,664059
777365,2025-06-25,R,608369,5,Top,33,single,BAL,TEX,664059,696030,
777365,2025-06-25,R,664059,5,Top,32,walk,BAL,TEX,,696030,
777365,2025-06-25,R,669701,5,Top,31,field_out,BAL,TEX,696030,,
777365,2025-06-25,R,696030,5,Top,30,walk,BAL,TEX,,,
777365,2025-06-25,R,641680,4,Top,26,field_out,BAL,TEX,,,
777365,2025-06-25,R,673962,4,Top,25,home_run,BAL,TEX,694497,,
777365,2025-06-25,R,694497,4,Top,24,single,BAL,TEX,,,
777365,2025-06-25,R,666969,4,Top,23,field_out,BAL,TEX,,,
777365,2025-06-25,R,543760,4,Top,22,field_out,BAL,TEX,,,
777365,2025-06-25,R,608369,3,Top,18,strikeout,BAL,TEX,,,
777365,2025-06-25,R,664059,3,Top,17,field_out,BAL,TEX,,,
777365,2025-06-25,R,669701,3,Top,16,field_out,BAL,TEX,,,
777365,2025-06-25,R,696030,2,Top,12,field_out,BAL,TEX,,641680,673962
777365,2025-06-25,R,641680,2,Top,11,double,BAL,TEX,673962,,
777365,2025-06-25,R,673962,2,Top,10,single,BAL,TEX,,,543760
777365,2025-06-25,R,694497,2,Top,9,field_out,BAL,TEX,,543760,
777365,2025-06-25,R,666969,2,Top,8,strikeout,BAL,TEX,,543760,
777365,2025-06-25,R,543760,2,Top,7,double,BAL,TEX,,,
777365,2025-06-25,R,608369,1,Top,3,field_out,BAL,TEX,,,
777365,2025-06-25,R,664059,1,Top,2,field_out,BAL,TEX,,,
777365,2025-06-25,R,669701,1,Top,1,field_out,BAL,TEX,,,
777380,2025-06-24,R,694671,10,Top,82,strikeout,BAL,TEX,,677649,664059
777380,2025-06-24,R,677649,10,Top,81,walk,BAL,TEX,,,664059
777380,2025-06-24,R,543309,10,Top,80,strikeout,BAL,TEX,664059,,
777380,2025-06-24,R,664059,10,Top,79,fielders_choice,BAL,TEX,,,694497
777380,2025-06-24,R,673962,10,Top,78,strikeout,BAL,TEX,,694497,
777380,2025-06-24,R,694497,9,Top,74,strikeout,BAL,TEX,,608369,
777380,2025-06-24,R,666969,9,Top,73,field_out,BAL,TEX,,608369,
777380,2025-06-24,R,543760,9,Top,72,strikeout,BAL,TEX,,608369,
777380,2025-06-24,R,608369,9,Top,71,single,BAL,TEX,,,
777380,2025-06-24,R,694671,8,Top,66,strikeout,BAL,TEX,,,
777380,2025-06-24,R,641680,8,Top,65,sac_fly,BAL,TEX,,,664059
777380,2025-06-24,R,543309,8,Top,64,field_out,BAL,TEX,664059,,
777380,2025-06-24,R,664059,8,Top,63,walk,BAL,TEX,,,
777380,2025-06-24,R,673962,7,Top,54,field_out,BAL,TEX,694497,,666969
777380,2025-06-24,R,694497,7,Top,53,single,BAL,TEX,,666969,
777380,2025-06-24,R,666969,7,Top,52,single,BAL,TEX,,608369,
777380,2025-06-24,R,543760,7,Top,51,field_out,BAL,TEX,608369,,
777380,2025-06-24,R,608369,7,Top,50,single,BAL,TEX,,,
777380,2025-06-24,R,694671,7,Top,49,field_out,BAL,TEX,,,
777380,2025-06-24,R,669701,6,Top,45,field_out,BAL,TEX,543309,696030,673962
777380,2025-06-24,R,543309,6,Top,44,walk,BAL,TEX,696030,673962,
777380,2025-06-24,R,696030,6,Top,43,single,BAL,TEX,673962,,
777380,2025-06-24,R,673962,6,Top,42,single,BAL,TEX,,,
777380,2025-06-24,R,694497,6,Top,41,strikeout,BAL,TEX,,,
777380,2025-06-24,R,666969,6,Top,40,field_out,BAL,TEX,,,
777380,2025-06-24,R,543760,5,Top,35,field_out,BAL,TEX,,,
777380,2025-06-24,R,608369,5,Top,34,field_out,BAL,TEX,,,
777380,2025-06-24,R,694671,5,Top,33,strikeout,BAL,TEX,,,
777380,2025-06-24,R,669701,4,Top,29,field_out,BAL,TEX,,543309,673962
777380,2025-06-24,R,543309,4,Top,28,double,BAL,TEX,673962,,
777380,2025-06-24,R,696030,4,Top,27,sac_fly,BAL,TEX,673962,,694497
777380,2025-06-24,R,673962,4,Top,26,fielders_choice,BAL,TEX,,694497,543760
777380,2025-06-24,R,694497,4,Top,25,single,BAL,TEX,543760,608369,
777380,2025-06-24,R,666969,4,Top,24,field_out,BAL,TEX,543760,608369,
777380,2025-06-24,R,543760,4,Top,23,single,BAL,TEX,608369,,
777380,2025-06-24,R,608369,4,Top,22,walk,BAL,TEX,,,
777380,2025-06-24,R,694671,3,Top,18,field_out,BAL,TEX,669701,,
777380,2025-06-24,R,669701,3,Top,17,hit_by_pitch,BAL,TEX,,,
777380,2025-06-24,R,543309,3,Top,16,field_out,BAL,TEX,,,
777380,2025-06-24,R,696030,3,Top,15,field_out,BAL,TEX,,,
777380,2025-06-24,R,673962,2,Top,10,single,BAL,TEX,,,
777380,2025-06-24,R,694497,2,Top,9,strikeout,BAL,TEX,,,
777380,2025-06-24,R,666969,2,Top,8,field_out,BAL,TEX,,,
777380,2025-06-24,R,543760,1,Top,4,field_out,BAL,TEX,669701,,
777380,2025-06-24,R,608369,1,Top,3,strikeout,BAL,TEX,669701,,
777380,2025-06-24,R,694671,1,Top,2,field_out,BAL,TEX,669701,,
777380,2025-06-24,R,669701,1,Top,1,walk,BAL,TEX,,,
777394,2025-06-23,R,543760,9,Top,68,field_out,BAL,TEX,,,
777394,2025-06-23,R,694671,9,Top,67,field_out,BAL,TEX,,,
777394,2025-06-23,R,664059,9,Top,66,field_out,BAL,TEX,,,
777394,2025-06-23,R,679822,8,Top,60,field_out,BAL,TEX,,,
777394,2025-06-23,R,677649,8,Top,59,field_out,BAL,TEX,,,
777394,2025-06-23,R,673962,8,Top,58,field_out,BAL,TEX,,,
777394,2025-06-23,R,543309,7,Top,51,field_out,BAL,TEX,,,
777394,2025-06-23,R,641680,7,Top,50,field_out,BAL,TEX,,,
777394,2025-06-23,R,666969,7,Top,49,field_out,BAL,TEX,,,
777394,2025-06-23,R,543760,6,Top,42,field_out,BAL,TEX,694671,664059,
777394,2025-06-23,R,694671,6,Top,41,single,BAL,TEX,664059,,
777394,2025-06-23,R,664059,6,Top,40,single,BAL,TEX,,,
777394,2025-06-23,R,679822,6,Top,39,field_out,BAL,TEX,,,
777394,2025-06-23,R,677649,6,Top,38,field_out,BAL,TEX,,,
777394,2025-06-23,R,673962,5,Top,30,field_out,BAL,TEX,,,
777394,2025-06-23,R,543309,5,Top,29,field_out,BAL,TEX,,,
777394,2025-06-23,R,641680,5,Top,28,field_out,BAL,TEX,,,
777394,2025-06-23,R,666969,4,Top,24,strikeout,BAL,TEX,,,
777394,2025-06-23,R,543760,4,Top,23,field_out,BAL,TEX,,,
777394,2025-06-23,R,694671,4,Top,22,field_out,BAL,TEX,,,
777394,2025-06-23,R,664059,3,Top,16,field_out,BAL,TEX,,,
777394,2025-06-23,R,679822,3,Top,15,field_out,BAL,TEX,,,
777394,2025-06-23,R,677649,3,Top,14,field_out,BAL,TEX,,,
777394,2025-06-23,R,673962,2,Top,10,force_out,BAL,TEX,666969,,
777394,2025-06-23,R,543309,2,Top,9,strikeout,BAL,TEX,666969,,
777394,2025-06-23,R,641680,2,Top,8,field_out,BAL,TEX,666969,,
777394,2025-06-23,R,666969,2,Top,7,single,BAL,TEX,,,
777394,2025-06-23,R,543760,1,Top,3,strikeout,BAL,TEX,,,
777394,2025-06-23,R,694671,1,Top,2,strikeout,BAL,TEX,,,
777394,2025-06-23,R,664059,1,Top,1,field_out,BAL,TEX,,,
777404,2025-06-22,R,677649,9,Top,77,strikeout,PIT,TEX,,,
777404,2025-06-22,R,673962,9,Top,76,strikeout,PIT,TEX,,,
777404,2025-06-22,R,669701,9,Top,75,field_out,PIT,TEX,,,
777404,2025-06-22,R,641680,8,Top,69,field_out,PIT,TEX,,,
777404,2025-06-22,R,666969,8,Top,68,strikeout,PIT,TEX,,,
777404,2025-06-22,R,543760,8,Top,67,field_out,PIT,TEX,,,
777404,2025-06-22,R,608369,7,Top,61,strikeout,PIT,TEX,,,
777404,2025-06-22,R,694671,7,Top,60,field_out,PIT,TEX,,,
777404,2025-06-22,R,664059,7,Top,59,field_out,PIT,TEX,,,
777404,2025-06-22,R,677649,6,Top,54,strikeout,PIT,TEX,673962,,
777404,2025-06-22,R,673962,6,Top,53,force_out,PIT,TEX,641680,,666969
777404,2025-06-22,R,669701,6,Top,52,field_out,PIT,TEX,641680,666969,
777404,2025-06-22,R,641680,6,Top,51,single,PIT,TEX,666969,,
777404,2025-06-22,R,666969,6,Top,50,walk,PIT,TEX,,,
777404,2025-06-22,R,543760,5,Top,40,field_out,PIT,TEX,664059,677649,
777404,2025-06-22,R,608369,5,Top,39,strikeout,PIT,TEX,664059,677649,
777404,2025-06-22,R,694671,5,Top,38,field_out,PIT,TEX,664059,677649,
777404,2025-06-22,R,664059,5,Top,37,walk,PIT,TEX,677649,,
777404,2025-06-22,R,677649,5,Top,36,single,PIT,TEX,,,
777404,2025-06-22,R,673962,4,Top,29,field_out,PIT,TEX,,,
777404,2025-06-22,R,669701,4,Top,28,field_out,PIT,TEX,,,
777404,2025-06-22,R,641680,4,Top,27,field_out,PIT,TEX,,,
777404,2025-06-22,R,666969,3,Top,23,field_out,PIT,TEX,,694671,664059
777404,2025-06-22,R,543760,3,Top,22,field_out,PIT,TEX,694671,664059,
777404,2025-06-22,R,608369,3,Top,21,field_out,PIT,TEX,694671,664059,
777404,2025-06-22,R,694671,3,Top,20,walk,PIT,TEX,,664059,
777404,2025-06-22,R,664059,3,Top,19,double,PIT,TEX,,,
777404,2025-06-22,R,677649,2,Top,13,grounded_into_double_play,PIT,TEX,673962,669701,
777404,2025-06-22,R,673962,2,Top,12,single,PIT,TEX,669701,,666969
777404,2025-06-22,R,669701,2,Top,11,single,PIT,TEX,666969,,543760
777404,2025-06-22,R,641680,2,Top,10,field_out,PIT,TEX,666969,543760,
777404,2025-06-22,R,666969,2,Top,9,walk,PIT,TEX,543760,,
777404,2025-06-22,R,543760,2,Top,8,walk,PIT,TEX,,,
777404,2025-06-22,R,608369,1,Top,3,grounded_into_double_play,PIT,TEX,664059,,
777404,2025-06-22,R,694671,1,Top,2,field_out,PIT,TEX,664059,,
777404,2025-06-22,R,664059,1,Top,1,single,PIT,TEX,,,
777421,2025-06-21,R,677649,9,Top,66,field_out,PIT,TEX,694497,543760,
777421,2025-06-21,R,694497,9,Top,65,fielders_choice_out,PIT,TEX,543760,,608369
777421,2025-06-21,R,666969,9,Top,64,field_out,PIT,TEX,543760,608369,
777421,2025-06-21,R,543760,9,Top,63,walk,PIT,TEX,608369,,
777421,2025-06-21,R,608369,9,Top,62,walk,PIT,TEX,,,
777421,2025-06-21,R,664059,8,Top,58,strikeout,PIT,TEX,,,
777421,2025-06-21,R,669701,8,Top,57,strikeout,PIT,TEX,,,
777421,2025-06-21,R,543309,8,Top,56,field_out,PIT,TEX,,,
777421,2025-06-21,R,673962,7,Top,52,strikeout,PIT,TEX,,,
777421,2025-06-21,R,677649,7,Top,51,grounded_into_double_play,PIT,TEX,694497,,
777421,2025-06-21,R,694497,7,Top,50,single,PIT,TEX,,,
777421,2025-06-21,R,666969,6,Top,43,force_out,PIT,TEX,608369,,
777421,2025-06-21,R,543760,6,Top,42,sac_fly,PIT,TEX,608369,,664059
777421,2025-06-21,R,608369,6,Top,41,single,PIT,TEX,664059,669701,
777421,2025-06-21,R,664059,6,Top,40,walk,PIT,TEX,669701,,
777421,2025-06-21,R,669701,6,Top,39,single,PIT,TEX,,,
777421,2025-06-21,R,543309,6,Top,38,strikeout,PIT,TEX,,,
777421,2025-06-21,R,673962,5,Top,32,field_out,PIT,TEX,,,
777421,2025-06-21,R,677649,5,Top,31,strikeout,PIT,TEX,,,
777421,2025-06-21,R,694497,5,Top,30,strikeout,PIT,TEX,,,
777421,2025-06-21,R,666969,4,Top,26,strikeout,PIT,TEX,,,
777421,2025-06-21,R,543760,4,Top,25,field_out,PIT,TEX,,,
777421,2025-06-21,R,608369,4,Top,24,field_out,PIT,TEX,,,
777421,2025-06-21,R,664059,3,Top,20,field_out,PIT,TEX,,543309,
777421,2025-06-21,R,669701,3,Top,19,field_out,PIT,TEX,,543309,
777421,2025-06-21,R,543309,3,Top,18,single,PIT,TEX,677649,,
777421,2025-06-21,R,673962,3,Top,17,field_out,PIT,TEX,677649,,
777421,2025-06-21,R,677649,3,Top,16,walk,PIT,TEX,,,
777421,2025-06-21,R,694497,2,Top,11,field_out,PIT,TEX,,,
777421,2025-06-21,R,666969,2,Top,10,field_out,PIT,TEX,,,
777421,2025-06-21,R,543760,2,Top,9,field_out,PIT,TEX,,,
777421,2025-06-21,R,608369,1,Top,3,field_out,PIT,TEX,,,
777421,2025-06-21,R,664059,1,Top,2,strikeout,PIT,TEX,,,
777421,2025-06-21,R,669701,1,Top,1,field_out,PIT,TEX,,,
777432,2025-06-20,R,641680,9,Top,78,field_out,PIT,TEX,,694497,677649
777432,2025-06-20,R,673962,9,Top,77,field_out,PIT,TEX,694497,677649,666969
777432,2025-06-20,R,694497,9,Top,76,walk,PIT,TEX,,677649,666969
777432,2025-06-20,R,677649,9,Top,75,double,PIT,TEX,666969,,
777432,2025-06-20,R,666969,9,Top,74,walk,PIT,TEX,,,
777432,2025-06-20,R,543760,9,Top,73,field_out,PIT,TEX,,,
777432,2025-06-20,R,608369,8,Top,67,grounded_into_double_play,PIT,TEX,664059,641680,
777432,2025-06-20,R,664059,8,Top,66,walk,PIT,TEX,641680,,
777432,2025-06-20,R,669701,8,Top,65,strikeout,PIT,TEX,641680,,
777432,2025-06-20,R,641680,8,Top,64,single,PIT,TEX,,,
777432,2025-06-20,R,673962,7,Top,59,field_out,PIT,TEX,,666969,
777432,2025-06-20,R,694497,7,Top,58,field_out,PIT,TEX,,666969,
777432,2025-06-20,R,669394,7,Top,57,strikeout,PIT,TEX,,666969,
777432,2025-06-20,R,666969,7,Top,56,double,PIT,TEX,,,543760
777432,2025-06-20,R,543760,7,Top,55,triple,PIT,TEX,,,
777432,2025-06-20,R,608369,6,Top,50,field_out,PIT,TEX,664059,669701,641680
777432,2025-06-20,R,664059,6,Top,49,walk,PIT,TEX,669701,,641680
777432,2025-06-20,R,669701,6,Top,48,fielders_choice_out,PIT,TEX,,641680,673962
777432,2025-06-20,R,641680,6,Top,47,double,PIT,TEX,673962,,
777432,2025-06-20,R,673962,6,Top,46,force_out,PIT,TEX,694497,,
777432,2025-06-20,R,694497,6,Top,45,single,PIT,TEX,,,
777432,2025-06-20,R,669394,5,Top,41,strikeout,PIT,TEX,666969,,
777432,2025-06-20,R,666969,5,Top,40,single,PIT,TEX,,,
777432,2025-06-20,R,543760,5,Top,39,field_out,PIT,TEX,,,
777432,2025-06-20,R,608369,5,Top,38,home_run,PIT,TEX,,,
777432,2025-06-20,R,664059,5,Top,37,field_out,PIT,TEX,,,
777432,2025-06-20,R,669701,4,Top,28,field_out,PIT,TEX,641680,694497,
777432,2025-06-20,R,641680,4,Top,27,walk,PIT,TEX,,694497,
777432,2025-06-20,R,673962,4,Top,26,field_out,PIT,TEX,694497,,
777432,2025-06-20,R,694497,4,Top,25,hit_by_pitch,PIT,TEX,,,
777432,2025-06-20,R,669394,4,Top,24,strikeout,PIT,TEX,,,
777432,2025-06-20,R,666969,4,Top,23,home_run,PIT,TEX,,,
777432,2025-06-20,R,543760,3,Top,19,field_out,PIT,TEX,,,
777432,2025-06-20,R,608369,3,Top,18,strikeout,PIT,TEX,,,
777432,2025-06-20,R,664059,3,Top,17,field_out,PIT,TEX,,,
777432,2025-06-20,R,669701,2,Top,13,field_out,PIT,TEX,,,
777432,2025-06-20,R,641680,2,Top,12,strikeout,PIT,TEX,,,
777432,2025-06-20,R,673962,2,Top,11,strikeout,PIT,TEX,,,
777432,2025-06-20,R,694497,1,Top,7,field_out,PIT,TEX,669394,543760,
777432,2025-06-20,R,669394,1,Top,6,single,PIT,TEX,543760,,
777432,2025-06-20,R,666969,1,Top,5,field_out,PIT,TEX,543760,,
777432,2025-06-20,R,543760,1,Top,4,single,PIT,TEX,,,
777432,2025-06-20,R,608369,1,Top,3,field_out,PIT,TEX,,,
777432,2025-06-20,R,664059,1,Top,2,single,PIT,TEX,669701,,
777432,2025-06-20,R,669701,1,Top,1,single,PIT,TEX,,,
777443,2025-06-19,R,696030,9,Bot,69,field_out,TEX,KC,,,
777443,2025-06-19,R,666969,9,Bot,68,field_out,TEX,KC,,,
777443,2025-06-19,R,543760,9,Bot,67,field_out,TEX,KC,,,
777443,2025-06-19,R,608369,8,Bot,62,field_out,TEX,KC,664059,,
777443,2025-06-19,R,694671,8,Bot,61,strikeout,TEX,KC,664059,,
777443,2025-06-19,R,664059,8,Bot,60,single,TEX,KC,,,
777443,2025-06-19,R,641680,8,Bot,59,field_out,TEX,KC,,,
777443,2025-06-19,R,673962,7,Bot,53,strikeout,TEX,KC,,,
777443,2025-06-19,R,669394,7,Bot,52,field_out,TEX,KC,,,
777443,2025-06-19,R,696030,7,Bot,51,field_out,TEX,KC,,,
777443,2025-06-19,R,666969,6,Bot,45,field_out,TEX,KC,,543760,
777443,2025-06-19,R,543760,6,Bot,44,double,TEX,KC,694671,,
777443,2025-06-19,R,608369,6,Bot,43,field_out,TEX,KC,694671,,
777443,2025-06-19,R,694671,6,Bot,42,single,TEX,KC,,,
777443,2025-06-19,R,694497,6,Bot,41,field_out,TEX,KC,,,
777443,2025-06-19,R,641680,5,Bot,37,field_out,TEX,KC,696030,666969,
777443,2025-06-19,R,673962,5,Bot,36,field_out,TEX,KC,696030,666969,
777443,2025-06-19,R,669394,5,Bot,35,field_out,TEX,KC,696030,666969,
777443,2025-06-19,R,696030,5,Bot,34,walk,TEX,KC,666969,,
777443,2025-06-19,R,666969,5,Bot,33,walk,TEX,KC,,,
777443,2025-06-19,R,543760,4,Bot,28,strikeout,TEX,KC,,,
777443,2025-06-19,R,608369,4,Bot,27,field_out,TEX,KC,,,
777443,2025-06-19,R,694671,4,Bot,26,strikeout,TEX,KC,,,
777443,2025-06-19,R,694497,3,Bot,22,field_out,TEX,KC,,641680,
777443,2025-06-19,R,641680,3,Bot,21,field_error,TEX,KC,,,
777443,2025-06-19,R,673962,3,Bot,20,field_out,TEX,KC,,,
777443,2025-06-19,R,669394,3,Bot,19,field_out,TEX,KC,,,
777443,2025-06-19,R,696030,2,Bot,15,strikeout,TEX,KC,,,
777443,2025-06-19,R,666969,2,Bot,14,strikeout,TEX,KC,,,
777443,2025-06-19,R,543760,2,Bot,13,field_out,TEX,KC,,,
777443,2025-06-19,R,608369,1,Bot,8,field_out,TEX,KC,,,
777443,2025-06-19,R,694671,1,Bot,7,strikeout,TEX,KC,,,
777443,2025-06-19,R,694497,1,Bot,6,field_out,TEX,KC,,,
777460,2025-06-18,R,608369,9,Bot,78,field_out,TEX,KC,,,
777460,2025-06-18,R,694671,9,Bot,77,field_out,TEX,KC,,,
777460,2025-06-18,R,664059,9,Bot,76,field_out,TEX,KC,,,
777460,2025-06-18,R,694497,8,Bot,72,strikeout,TEX,KC,543309,,
777460,2025-06-18,R,543309,8,Bot,71,single,TEX,KC,,,
777460,2025-06-18,R,669394,8,Bot,70,field_out,TEX,KC,,,
777460,2025-06-18,R,673962,8,Bot,69,field_out,TEX,KC,,,
777460,2025-06-18,R,666969,7,Bot,61,grounded_into_double_play,TEX,KC,543760,,694671
777460,2025-06-18,R,543760,7,Bot,60,single,TEX,KC,,694671,
777460,2025-06-18,R,608369,7,Bot,59,strikeout,TEX,KC,,694671,
777460,2025-06-18,R,694671,7,Bot,58,double,TEX,KC,,,
777460,2025-06-18,R,664059,6,Bot,54,strikeout,TEX,KC,543309,,
777460,2025-06-18,R,694497,6,Bot,53,field_out,TEX,KC,543309,,
777460,2025-06-18,R,543309,6,Bot,52,walk,TEX,KC,,,
777460,2025-06-18,R,669394,6,Bot,51,field_out,TEX,KC,,,
777460,2025-06-18,R,673962,5,Bot,47,strikeout,TEX,KC,,666969,
777460,2025-06-18,R,666969,5,Bot,46,double,TEX,KC,,,
777460,2025-06-18,R,543760,5,Bot,45,strikeout,TEX,KC,,,
777460,2025-06-18,R,608369,5,Bot,44,strikeout,TEX,KC,,,
777460,2025-06-18,R,694671,4,Bot,39,field_out,TEX,KC,664059,,669394
777460,2025-06-18,R,664059,4,Bot,38,single,TEX,KC,,669394,
777460,2025-06-18,R,677649,4,Bot,37,strikeout,TEX,KC,,669394,
777460,2025-06-18,R,543309,4,Bot,36,field_out,TEX,KC,,669394,
777460,2025-06-18,R,669394,4,Bot,35,double,TEX,KC,,673962,
777460,2025-06-18,R,673962,4,Bot,34,double,TEX,KC,,,
777460,2025-06-18,R,666969,3,Bot,30,field_out,TEX,KC,694671,,
777460,2025-06-18,R,543760,3,Bot,29,strikeout,TEX,KC,694671,,
777460,2025-06-18,R,608369,3,Bot,28,strikeout,TEX,KC,694671,,
777460,2025-06-18,R,694671,3,Bot,27,single,TEX,KC,,,
777460,2025-06-18,R,694671,2,Bot,18,truncated_pa,TEX,KC,664059,,677649
777460,2025-06-18,R,664059,2,Bot,17,single,TEX,KC,677649,,
777460,2025-06-18,R,677649,2,Bot,16,force_out,TEX,KC,543309,,
777460,2025-06-18,R,543309,2,Bot,15,hit_by_pitch,TEX,KC,,,
777460,2025-06-18,R,669394,2,Bot,14,field_out,TEX,KC,,,
777460,2025-06-18,R,673962,1,Bot,9,field_out,TEX,KC,666969,,
777460,2025-06-18,R,666969,1,Bot,8,single,TEX,KC,,694671,
777460,2025-06-18,R,543760,1,Bot,7,field_out,TEX,KC,,694671,
777460,2025-06-18,R,608369,1,Bot,6,field_out,TEX,KC,,694671,
777460,2025-06-18,R,694671,1,Bot,5,double,TEX,KC,,,664059
777460,2025-06-18,R,664059,1,Bot,4,triple,TEX,KC,,,
777468,2025-06-17,R,641680,9,Bot,72,strikeout,TEX,KC,,,
777468,2025-06-17,R,669394,9,Bot,71,field_out,TEX,KC,,,
777468,2025-06-17,R,696030,9,Bot,70,field_out,TEX,KC,,,
777468,2025-06-17,R,666969,8,Bot,66,strikeout,TEX,KC,543760,608369,
777468,2025-06-17,R,543760,8,Bot,65,single,TEX,KC,608369,,
777468,2025-06-17,R,608369,8,Bot,64,single,TEX,KC,,,
777468,2025-06-17,R,694671,8,Bot,63,field_out,TEX,KC,,,
777468,2025-06-17,R,664059,8,Bot,62,strikeout,TEX,KC,,,
777468,2025-06-17,R,677649,7,Bot,58,strikeout,TEX,KC,,,
777468,2025-06-17,R,641680,7,Bot,57,field_out,TEX,KC,,,
777468,2025-06-17,R,669394,7,Bot,56,strikeout,TEX,KC,,,
777468,2025-06-17,R,696030,6,Bot,52,strikeout,TEX,KC,543760,608369,
777468,2025-06-17,R,666969,6,Bot,51,strikeout,TEX,KC,543760,608369,
777468,2025-06-17,R,543760,6,Bot,50,walk,TEX,KC,608369,,
777468,2025-06-17,R,608369,6,Bot,49,hit_by_pitch,TEX,KC,,,
777468,2025-06-17,R,694671,6,Bot,48,strikeout,TEX,KC,,,
777468,2025-06-17,R,694497,5,Bot,41,field_out,TEX,KC,,,
777468,2025-06-17,R,677649,5,Bot,40,field_out,TEX,KC,,,
777468,2025-06-17,R,641680,5,Bot,39,field_out,TEX,KC,,,
777468,2025-06-17,R,669394,4,Bot,33,field_out,TEX,KC,,696030,
777468,2025-06-17,R,696030,4,Bot,32,single,TEX,KC,,608369,
777468,2025-06-17,R,666969,4,Bot,31,field_out,TEX,KC,,608369,
777468,2025-06-17,R,543760,4,Bot,30,field_out,TEX,KC,,608369,
777468,2025-06-17,R,608369,4,Bot,29,double,TEX,KC,,,
777468,2025-06-17,R,694671,3,Bot,23,strikeout,TEX,KC,694497,,
777468,2025-06-17,R,694497,3,Bot,22,hit_by_pitch,TEX,KC,,,
777468,2025-06-17,R,677649,3,Bot,21,strikeout,TEX,KC,,,
777468,2025-06-17,R,641680,3,Bot,20,field_out,TEX,KC,,,
777468,2025-06-17,R,669394,2,Bot,16,strikeout,TEX,KC,666969,,
777468,2025-06-17,R,696030,2,Bot,15,strikeout,TEX,KC,666969,,
777468,2025-06-17,R,666969,2,Bot,14,single,TEX,KC,,,
777468,2025-06-17,R,543760,2,Bot,13,field_out,TEX,KC,,,
777468,2025-06-17,R,608369,1,Bot,9,field_out,TEX,KC,,,
777468,2025-06-17,R,694671,1,Bot,8,strikeout,TEX,KC,,,
777468,2025-06-17,R,694497,1,Bot,7,strikeout,TEX,KC,,,
777493,2025-06-15,R,664059,8,Bot,70,field_out,TEX,CWS,,677649,666969
777493,2025-06-15,R,677649,8,Bot,69,double,TEX,CWS,666969,,
777493,2025-06-15,R,543309,8,Bot,68,field_out,TEX,CWS,666969,,
777493,2025-06-15,R,666969,8,Bot,67,force_out,TEX,CWS,669394,,
777493,2025-06-15,R,669394,8,Bot,66,single,TEX,CWS,,,
777493,2025-06-15,R,694497,7,Bot,60,field_out,TEX,CWS,,543760,
777493,2025-06-15,R,543760,7,Bot,59,double,TEX,CWS,,,
777493,2025-06-15,R,608369,7,Bot,58,field_out,TEX,CWS,,,
777493,2025-06-15,R,694671,7,Bot,57,field_out,TEX,CWS,,,
777493,2025-06-15,R,669701,6,Bot,52,field_out,TEX,CWS,677649,,
777493,2025-06-15,R,677649,6,Bot,51,walk,TEX,CWS,,,
777493,2025-06-15,R,543309,6,Bot,50,field_out,TEX,CWS,,,
777493,2025-06-15,R,666969,6,Bot,49,field_out,TEX,CWS,,,
777493,2025-06-15,R,669394,5,Bot,44,strikeout,TEX,CWS,,694497,608369
777493,2025-06-15,R,694497,5,Bot,43,double,TEX,CWS,608369,,
777493,2025-06-15,R,543760,5,Bot,42,sac_fly,TEX,CWS,608369,,669701
777493,2025-06-15,R,608369,5,Bot,41,single,TEX,CWS,669701,,
777493,2025-06-15,R,694671,5,Bot,40,field_out,TEX,CWS,669701,,
777493,2025-06-15,R,669701,5,Bot,39,single,TEX,CWS,,,
777493,2025-06-15,R,677649,4,Bot,34,field_out,TEX,CWS,,666969,
777493,2025-06-15,R,543309,4,Bot,33,field_out,TEX,CWS,,666969,
777493,2025-06-15,R,666969,4,Bot,32,double,TEX,CWS,,,
777493,2025-06-15,R,669394,4,Bot,31,field_out,TEX,CWS,,,
777493,2025-06-15,R,694497,3,Bot,27,field_out,TEX,CWS,694671,,
777493,2025-06-15,R,543760,3,Bot,26,field_out,TEX,CWS,694671,,
777493,2025-06-15,R,608369,3,Bot,25,strikeout,TEX,CWS,694671,,
777493,2025-06-15,R,694671,3,Bot,24,single,TEX,CWS,,,
777493,2025-06-15,R,669701,2,Bot,19,strikeout,TEX,CWS,,677649,
777493,2025-06-15,R,677649,2,Bot,18,double,TEX,CWS,666969,,
777493,2025-06-15,R,543309,2,Bot,17,field_out,TEX,CWS,666969,,
777493,2025-06-15,R,666969,2,Bot,16,walk,TEX,CWS,,,
777493,2025-06-15,R,669394,2,Bot,15,strikeout,TEX,CWS,,,
777493,2025-06-15,R,694497,1,Bot,9,field_out,TEX,CWS,543760,608369,
777493,2025-06-15,R,543760,1,Bot,8,walk,TEX,CWS,608369,,
777493,2025-06-15,R,608369,1,Bot,7,walk,TEX,CWS,,,
777493,2025-06-15,R,694671,1,Bot,6,grounded_into_double_play,TEX,CWS,669701,,
777493,2025-06-15,R,669701,1,Bot,5,walk,TEX,CWS,,,
777508,2025-06-14,R,666969,11,Bot,95,single,TEX,CWS,,669394,694497
777508,2025-06-14,R,673962,11,Bot,94,field_out,TEX,CWS,,669394,694497
777508,2025-06-14,R,669394,11,Bot,93,walk,TEX,CWS,,,694497
777508,2025-06-14,R,543760,11,Bot,92,field_out,TEX,CWS,,694497,
777508,2025-06-14,R,608369,10,Bot,87,strikeout,TEX,CWS,694671,664059,666969
777508,2025-06-14,R,694671,10,Bot,86,intent_walk,TEX,CWS,,664059,666969
777508,2025-06-14,R,669701,10,Bot,85,strikeout,TEX,CWS,,664059,666969
777508,2025-06-14,R,664059,10,Bot,84,intent_walk,TEX,CWS,,,666969
777508,2025-06-14,R,641680,10,Bot,83,field_out,TEX,CWS,,666969,
777508,2025-06-14,R,666969,9,Bot,78,strikeout,TEX,CWS,,,
777508,2025-06-14,R,673962,9,Bot,77,field_out,TEX,CWS,,,
777508,2025-06-14,R,669394,9,Bot,76,field_out,TEX,CWS,,,
777508,2025-06-14,R,543760,8,Bot,70,field_out,TEX,CWS,608369,694671,
777508,2025-06-14,R,608369,8,Bot,69,single,TEX,CWS,694671,,
777508,2025-06-14,R,694671,8,Bot,68,field_error,TEX,CWS,,669701,
777508,2025-06-14,R,669701,8,Bot,67,double,TEX,CWS,,,
777508,2025-06-14,R,664059,8,Bot,66,strikeout,TEX,CWS,,,
777508,2025-06-14,R,641680,8,Bot,65,strikeout,TEX,CWS,,,
777508,2025-06-14,R,666969,7,Bot,59,strikeout,TEX,CWS,,,543760
777508,2025-06-14,R,673962,7,Bot,58,strikeout,TEX,CWS,,543760,608369
777508,2025-06-14,R,669394,7,Bot,57,strikeout,TEX,CWS,,543760,608369
777508,2025-06-14,R,543760,7,Bot,56,double,TEX,CWS,608369,694671,
777508,2025-06-14,R,608369,7,Bot,55,walk,TEX,CWS,694671,,
777508,2025-06-14,R,694671,7,Bot,54,single,TEX,CWS,,,
777508,2025-06-14,R,669701,6,Bot,50,field_out,TEX,CWS,666969,,
777508,2025-06-14,R,664059,6,Bot,49,field_out,TEX,CWS,666969,,
777508,2025-06-14,R,641680,6,Bot,48,field_out,TEX,CWS,666969,,
777508,2025-06-14,R,666969,6,Bot,47,single,TEX,CWS,,,
777508,2025-06-14,R,673962,5,Bot,43,strikeout,TEX,CWS,543760,608369,
777508,2025-06-14,R,669394,5,Bot,42,field_out,TEX,CWS,543760,608369,
777508,2025-06-14,R,543760,5,Bot,41,single,TEX,CWS,,608369,
777508,2025-06-14,R,608369,5,Bot,40,double,TEX,CWS,,,669701
777508,2025-06-14,R,694671,5,Bot,39,field_out,TEX,CWS,,669701,
777508,2025-06-14,R,669701,5,Bot,38,double,TEX,CWS,,,
777508,2025-06-14,R,664059,4,Bot,34,field_out,TEX,CWS,,,
777508,2025-06-14,R,641680,4,Bot,33,field_out,TEX,CWS,,,
777508,2025-06-14,R,666969,4,Bot,32,field_out,TEX,CWS,,,
777508,2025-06-14,R,673962,3,Bot,25,strikeout,TEX,CWS,669394,608369,694671
777508,2025-06-14,R,669394,3,Bot,24,walk,TEX,CWS,608369,694671,
777508,2025-06-14,R,543760,3,Bot,23,field_out,TEX,CWS,608369,694671,
777508,2025-06-14,R,608369,3,Bot,22,walk,TEX,CWS,694671,,
777508,2025-06-14,R,694671,3,Bot,21,hit_by_pitch,TEX,CWS,,,
777508,2025-06-14,R,669701,3,Bot,20,field_out,TEX,CWS,,,
777508,2025-06-14,R,664059,2,Bot,15,strikeout,TEX,CWS,,666969,673962
777508,2025-06-14,R,641680,2,Bot,14,strikeout,TEX,CWS,,666969,673962
777508,2025-06-14,R,666969,2,Bot,13,double,TEX,CWS,673962,,
777508,2025-06-14,R,673962,2,Bot,12,walk,TEX,CWS,,,
777508,2025-06-14,R,669394,2,Bot,11,strikeout,TEX,CWS,,,
777508,2025-06-14,R,543760,1,Bot,7,field_out,TEX,CWS,,,669701
777508,2025-06-14,R,608369,1,Bot,6,grounded_into_double_play,TEX,CWS,694671,669701,
777508,2025-06-14,R,694671,1,Bot,5,single,TEX,CWS,669701,,
777508,2025-06-14,R,669701,1,Bot,4,walk,TEX,CWS,,,
777524,2025-06-13,R,673962,8,Bot,64,field_out,TEX,CWS,,669394,
777524,2025-06-13,R,669394,8,Bot,63,double,TEX,CWS,,,
777524,2025-06-13,R,664059,8,Bot,62,field_out,TEX,CWS,,,
777524,2025-06-13,R,543760,8,Bot,61,field_out,TEX,CWS,,,
777524,2025-06-13,R,608369,7,Bot,57,strikeout,TEX,CWS,,,
777524,2025-06-13,R,694671,7,Bot,56,field_out,TEX,CWS,,,
777524,2025-06-13,R,669701,7,Bot,55,field_out,TEX,CWS,,,
777524,2025-06-13,R,641680,6,Bot,48,grounded_into_double_play,TEX,CWS,673962,,
777524,2025-06-13,R,666969,6,Bot,47,field_out,TEX,CWS,673962,,
777524,2025-06-13,R,673962,6,Bot,46,hit_by_pitch,TEX,CWS,,,
777524,2025-06-13,R,669394,5,Bot,41,field_out,TEX,CWS,,543760,608369
777524,2025-06-13,R,694497,5,Bot,40,field_out,TEX,CWS,,543760,608369
777524,2025-06-13,R,543760,5,Bot,39,double,TEX,CWS,608369,669701,
777524,2025-06-13,R,608369,5,Bot,38,walk,TEX,CWS,669701,,
777524,2025-06-13,R,694671,5,Bot,37,field_out,TEX,CWS,669701,,
777524,2025-06-13,R,669701,5,Bot,36,walk,TEX,CWS,,,
777524,2025-06-13,R,641680,4,Bot,30,single,TEX,CWS,,,
777524,2025-06-13,R,666969,4,Bot,29,field_out,TEX,CWS,,,
777524,2025-06-13,R,673962,4,Bot,28,field_out,TEX,CWS,,,
777524,2025-06-13,R,669394,3,Bot,24,field_out,TEX,CWS,694497,608369,
777524,2025-06-13,R,694497,3,Bot,23,walk,TEX,CWS,608369,,
777524,2025-06-13,R,543760,3,Bot,22,field_out,TEX,CWS,608369,,
777524,2025-06-13,R,608369,3,Bot,21,walk,TEX,CWS,,,
777524,2025-06-13,R,694671,3,Bot,20,strikeout,TEX,CWS,,,
777524,2025-06-13,R,669701,3,Bot,19,home_run,TEX,CWS,,,
777524,2025-06-13,R,641680,2,Bot,15,field_out,TEX,CWS,,669394,
777524,2025-06-13,R,666969,2,Bot,14,strikeout,TEX,CWS,,669394,
777524,2025-06-13,R,673962,2,Bot,13,field_out,TEX,CWS,669394,,
777524,2025-06-13,R,669394,2,Bot,12,single,TEX,CWS,,,
777524,2025-06-13,R,694497,1,Bot,8,field_out,TEX,CWS,694671,,
777524,2025-06-13,R,543760,1,Bot,7,field_out,TEX,CWS,694671,,
777524,2025-06-13,R,608369,1,Bot,6,sac_fly,TEX,CWS,694671,,669701
777524,2025-06-13,R,694671,1,Bot,5,single,TEX,CWS,669701,,
777524,2025-06-13,R,669701,1,Bot,4,single,TEX,CWS,,,
777533,2025-06-12,R,666969,9,Top,88,field_out,MIN,TEX,673962,,669394
777533,2025-06-12,R,673962,9,Top,87,single,MIN,TEX,669394,,
777533,2025-06-12,R,669394,9,Top,86,single,MIN,TEX,,,
777533,2025-06-12,R,696030,9,Top,85,field_out,MIN,TEX,,,
777533,2025-06-12,R,664059,9,Top,84,home_run,MIN,TEX,677649,694671,
777533,2025-06-12,R,677649,9,Top,83,hit_by_pitch,MIN,TEX,694671,,
777533,2025-06-12,R,694671,9,Top,82,single,MIN,TEX,,,
777533,2025-06-12,R,669701,9,Top,81,field_out,MIN,TEX,,,
777533,2025-06-12,R,543309,8,Top,76,field_out,MIN,TEX,,,
777533,2025-06-12,R,666969,8,Top,75,field_out,MIN,TEX,,,
777533,2025-06-12,R,673962,8,Top,74,field_out,MIN,TEX,,,
777533,2025-06-12,R,669394,7,Top,69,field_out,MIN,TEX,694497,543760,694671
777533,2025-06-12,R,694497,7,Top,68,walk,MIN,TEX,543760,,694671
777533,2025-06-12,R,543760,7,Top,67,force_out,MIN,TEX,608369,694671,
777533,2025-06-12,R,608369,7,Top,66,walk,MIN,TEX,694671,,
777533,2025-06-12,R,694671,7,Top,65,walk,MIN,TEX,,,
777533,2025-06-12,R,669701,7,Top,64,field_out,MIN,TEX,,,
777533,2025-06-12,R,543309,6,Top,57,field_out,MIN,TEX,,,
777533,2025-06-12,R,666969,6,Top,56,home_run,MIN,TEX,673962,,669394
777533,2025-06-12,R,673962,6,Top,55,single,MIN,TEX,669394,,
777533,2025-06-12,R,669394,6,Top,54,single,MIN,TEX,,694497,543760
777533,2025-06-12,R,694497,6,Top,53,single,MIN,TEX,543760,,669701
777533,2025-06-12,R,543760,6,Top,52,single,MIN,TEX,669701,,
777533,2025-06-12,R,608369,6,Top,51,strikeout,MIN,TEX,669701,,
777533,2025-06-12,R,694671,6,Top,50,strikeout,MIN,TEX,669701,,
777533,2025-06-12,R,669701,6,Top,49,single,MIN,TEX,,,
777533,2025-06-12,R,543309,5,Top,45,force_out,MIN,TEX,666969,673962,
777533,2025-06-12,R,666969,5,Top,44,walk,MIN,TEX,673962,,
777533,2025-06-12,R,673962,5,Top,43,walk,MIN,TEX,,,
777533,2025-06-12,R,669394,5,Top,42,field_out,MIN,TEX,,,
777533,2025-06-12,R,694497,5,Top,41,home_run,MIN,TEX,,,
777533,2025-06-12,R,543760,5,Top,40,field_out,MIN,TEX,,,
777533,2025-06-12,R,608369,4,Top,36,field_out,MIN,TEX,694671,,
777533,2025-06-12,R,694671,4,Top,35,walk,MIN,TEX,,,
777533,2025-06-12,R,669701,4,Top,34,field_out,MIN,TEX,,,
777533,2025-06-12,R,543309,4,Top,33,strikeout,MIN,TEX,,,
777533,2025-06-12,R,666969,3,Top,29,field_out,MIN,TEX,,673962,
777533,2025-06-12,R,673962,3,Top,28,double,MIN,TEX,,,
777533,2025-06-12,R,669394,3,Top,27,strikeout,MIN,TEX,,,
777533,2025-06-12,R,694497,3,Top,26,field_out,MIN,TEX,,,
777533,2025-06-12,R,543760,2,Top,19,force_out,MIN,TEX,608369,,
777533,2025-06-12,R,608369,2,Top,18,walk,MIN,TEX,,,
777533,2025-06-12,R,694671,2,Top,17,home_run,MIN,TEX,669701,543309,
777533,2025-06-12,R,669701,2,Top,16,walk,MIN,TEX,543309,,
777533,2025-06-12,R,543309,2,Top,15,single,MIN,TEX,,666969,
777533,2025-06-12,R,666969,2,Top,14,walk,MIN,TEX,,,
777533,2025-06-12,R,673962,2,Top,13,field_out,MIN,TEX,,,
777533,2025-06-12,R,669394,2,Top,12,home_run,MIN,TEX,,,
777533,2025-06-12,R,694497,2,Top,11,field_out,MIN,TEX,,,
777533,2025-06-12,R,543760,1,Top,4,field_out,MIN,TEX,,,
777533,2025-06-12,R,608369,1,Top,3,field_out,MIN,TEX,,,
777533,2025-06-12,R,694671,1,Top,2,strikeout,MIN,TEX,,,
777533,2025-06-12,R,669701,1,Top,1,home_run,MIN,TEX,,,
777556,2025-06-11,R,666969,9,Top,71,field_out,MIN,TEX,,,694497
777556,2025-06-11,R,673962,9,Top,70,field_out,MIN,TEX,,694497,
777556,2025-06-11,R,694497,9,Top,69,double,MIN,TEX,,,
777556,2025-06-11,R,669394,9,Top,68,strikeout,MIN,TEX,,,
777556,2025-06-11,R,543760,8,Top,63,field_out,MIN,TEX,,669701,641680
777556,2025-06-11,R,608369,8,Top,62,field_out,MIN,TEX,669701,641680,
777556,2025-06-11,R,694671,8,Top,61,strikeout,MIN,TEX,669701,641680,
777556,2025-06-11,R,669701,8,Top,60,single,MIN,TEX,641680,,
777556,2025-06-11,R,641680,8,Top,59,single,MIN,TEX,,,
777556,2025-06-11,R,666969,7,Top,55,field_out,MIN,TEX,,694497,
777556,2025-06-11,R,673962,7,Top,54,strikeout,MIN,TEX,694497,,
777556,2025-06-11,R,694497,7,Top,53,single,MIN,TEX,,,
777556,2025-06-11,R,669394,7,Top,52,field_out,MIN,TEX,,,
777556,2025-06-11,R,543760,6,Top,47,field_out,MIN,TEX,,,
777556,2025-06-11,R,608369,6,Top,46,field_out,MIN,TEX,,,
777556,2025-06-11,R,694671,6,Top,45,strikeout,MIN,TEX,,,
777556,2025-06-11,R,669701,5,Top,37,field_out,MIN,TEX,,,
777556,2025-06-11,R,641680,5,Top,36,field_out,MIN,TEX,,,
777556,2025-06-11,R,666969,5,Top,35,field_out,MIN,TEX,,,
777556,2025-06-11,R,673962,4,Top,29,strikeout,MIN,TEX,,,
777556,2025-06-11,R,694497,4,Top,28,walk,MIN,TEX,,,
777556,2025-06-11,R,669394,4,Top,27,field_out,MIN,TEX,,,
777556,2025-06-11,R,543760,3,Top,20,field_out,MIN,TEX,608369,669701,
777556,2025-06-11,R,608369,3,Top,19,walk,MIN,TEX,,669701,
777556,2025-06-11,R,694671,3,Top,18,strikeout,MIN,TEX,,669701,
777556,2025-06-11,R,669701,3,Top,17,double,MIN,TEX,,641680,
777556,2025-06-11,R,641680,3,Top,16,double,MIN,TEX,,,
777556,2025-06-11,R,666969,3,Top,15,field_out,MIN,TEX,,,
777556,2025-06-11,R,673962,2,Top,11,field_out,MIN,TEX,,,
777556,2025-06-11,R,694497,2,Top,10,field_out,MIN,TEX,,,
777556,2025-06-11,R,669394,2,Top,9,strikeout,MIN,TEX,,,
777556,2025-06-11,R,543760,2,Top,8,home_run,MIN,TEX,,,
777556,2025-06-11,R,608369,1,Top,3,field_out,MIN,TEX,,,
777556,2025-06-11,R,694671,1,Top,2,field_out,MIN,TEX,,,
777556,2025-06-11,R,669701,1,Top,1,field_out,MIN,TEX,,,
777557,2025-06-10,R,694497,9,Top,86,field_out,MIN,TEX,677649,694671,
777557,2025-06-10,R,669394,9,Top,85,field_out,MIN,TEX,677649,694671,
777557,2025-06-10,R,664059,9,Top,84,field_out,MIN,TEX,677649,694671,
777557,2025-06-10,R,677649,9,Top,83,hit_by_pitch,MIN,TEX,694671,,
777557,2025-06-10,R,694671,9,Top,82,single,MIN,TEX,,,
777557,2025-06-10,R,669701,8,Top,77,field_out,MIN,TEX,,,
777557,2025-06-10,R,543309,8,Top,76,field_out,MIN,TEX,,,673962
777557,2025-06-10,R,666969,8,Top,75,sac_fly,MIN,TEX,,673962,694497
777557,2025-06-10,R,673962,8,Top,74,double,MIN,TEX,694497,669394,543760
777557,2025-06-10,R,694497,8,Top,73,single,MIN,TEX,669394,543760,608369
777557,2025-06-10,R,669394,8,Top,72,single,MIN,TEX,543760,608369,
777557,2025-06-10,R,543760,8,Top,71,walk,MIN,TEX,608369,,
777557,2025-06-10,R,608369,8,Top,70,single,MIN,TEX,,,
777557,2025-06-10,R,694671,8,Top,69,home_run,MIN,TEX,,,
777557,2025-06-10,R,669701,7,Top,64,field_out,MIN,TEX,,,
777557,2025-06-10,R,543309,7,Top,63,field_out,MIN,TEX,,,
777557,2025-06-10,R,666969,7,Top,62,field_out,MIN,TEX,,,
777557,2025-06-10,R,673962,6,Top,56,field_out,MIN,TEX,,,
777557,2025-06-10,R,694497,6,Top,55,home_run,MIN,TEX,,543760,
777557,2025-06-10,R,669394,6,Top,54,field_out,MIN,TEX,,543760,
777557,2025-06-10,R,543760,6,Top,53,single,MIN,TEX,,,
777557,2025-06-10,R,608369,6,Top,52,field_out,MIN,TEX,,,
777557,2025-06-10,R,694671,5,Top,46,field_out,MIN,TEX,,669701,
777557,2025-06-10,R,669701,5,Top,45,single,MIN,TEX,,543309,
777557,2025-06-10,R,543309,5,Top,44,double,MIN,TEX,,666969,673962
777557,2025-06-10,R,666969,5,Top,43,double,MIN,TEX,673962,,
777557,2025-06-10,R,673962,5,Top,42,single,MIN,TEX,,694497,608369
777557,2025-06-10,R,694497,5,Top,41,single,MIN,TEX,608369,,
777557,2025-06-10,R,669394,5,Top,40,strikeout,MIN,TEX,608369,,
777557,2025-06-10,R,543760,5,Top,39,field_out,MIN,TEX,608369,,
777557,2025-06-10,R,608369,5,Top,38,walk,MIN,TEX,,,
777557,2025-06-10,R,694671,4,Top,31,field_out,MIN,TEX,,,543309
777557,2025-06-10,R,669701,4,Top,30,field_out,MIN,TEX,,543309,
777557,2025-06-10,R,543309,4,Top,29,single,MIN,TEX,,666969,694497
777557,2025-06-10,R,666969,4,Top,28,double,MIN,TEX,694497,669394,
777557,2025-06-10,R,673962,4,Top,27,strikeout,MIN,TEX,694497,669394,
777557,2025-06-10,R,694497,4,Top,26,walk,MIN,TEX,,669394,
777557,2025-06-10,R,669394,4,Top,25,field_error,MIN,TEX,,,
777557,2025-06-10,R,543760,3,Top,20,field_out,MIN,TEX,608369,,
777557,2025-06-10,R,608369,3,Top,19,single,MIN,TEX,,,
777557,2025-06-10,R,694671,3,Top,18,field_out,MIN,TEX,,,
777557,2025-06-10,R,669701,3,Top,17,field_out,MIN,TEX,,,
777557,2025-06-10,R,543309,2,Top,13,strikeout,MIN,TEX,,666969,
777557,2025-06-10,R,666969,2,Top,12,single,MIN,TEX,,,
777557,2025-06-10,R,673962,2,Top,11,strikeout,MIN,TEX,,,
777557,2025-06-10,R,694497,2,Top,10,field_out,MIN,TEX,,,
777557,2025-06-10,R,669394,1,Top,5,force_out,MIN,TEX,608369,669701,
777557,2025-06-10,R,543760,1,Top,4,field_out,MIN,TEX,608369,669701,
777557,2025-06-10,R,608369,1,Top,3,walk,MIN,TEX,669701,,
777557,2025-06-10,R,694671,1,Top,2,field_out,MIN,TEX,669701,,
777557,2025-06-10,R,669701,1,Top,1,single,MIN,TEX,,,
777596,2025-06-08,R,608369,9,Top,68,grounded_into_double_play,WSH,TEX,669701,,
777596,2025-06-08,R,664059,9,Top,67,field_out,WSH,TEX,669701,,
777596,2025-06-08,R,669701,9,Top,66,single,WSH,TEX,,,
777596,2025-06-08,R,641680,8,Top,61,field_out,WSH,TEX,,,
777596,2025-06-08,R,696030,8,Top,60,strikeout,WSH,TEX,,,
777596,2025-06-08,R,669394,8,Top,59,home_run,WSH,TEX,,,
777596,2025-06-08,R,694497,8,Top,58,strikeout,WSH,TEX,,,
777596,2025-06-08,R,673962,7,Top,53,grounded_into_double_play,WSH,TEX,543760,,
777596,2025-06-08,R,543760,7,Top,52,single,WSH,TEX,,,
777596,2025-06-08,R,608369,7,Top,51,field_out,WSH,TEX,,,
777596,2025-06-08,R,664059,6,Top,47,strikeout,WSH,TEX,641680,669394,694497
777596,2025-06-08,R,669701,6,Top,46,strikeout,WSH,TEX,641680,669394,694497
777596,2025-06-08,R,641680,6,Top,45,walk,WSH,TEX,669394,694497,
777596,2025-06-08,R,696030,6,Top,44,strikeout,WSH,TEX,669394,694497,
777596,2025-06-08,R,669394,6,Top,43,single,WSH,TEX,694497,,
777596,2025-06-08,R,694497,6,Top,42,single,WSH,TEX,,,
777596,2025-06-08,R,673962,5,Top,38,field_out,WSH,TEX,,608369,664059
777596,2025-06-08,R,543760,5,Top,37,field_out,WSH,TEX,608369,664059,669701
777596,2025-06-08,R,608369,5,Top,36,walk,WSH,TEX,664059,,669701
777596,2025-06-08,R,664059,5,Top,35,field_error,WSH,TEX,,669701,
777596,2025-06-08,R,669701,5,Top,34,double,WSH,TEX,,,
777596,2025-06-08,R,641680,5,Top,33,field_out,WSH,TEX,,,
777596,2025-06-08,R,696030,4,Top,26,field_out,WSH,TEX,,694497,
777596,2025-06-08,R,669394,4,Top,25,field_out,WSH,TEX,,694497,
777596,2025-06-08,R,694497,4,Top,24,double,WSH,TEX,,,
777596,2025-06-08,R,673962,4,Top,23,field_out,WSH,TEX,,,
777596,2025-06-08,R,543760,3,Top,19,field_out,WSH,TEX,,664059,
777596,2025-06-08,R,608369,3,Top,18,field_out,WSH,TEX,664059,,
777596,2025-06-08,R,664059,3,Top,17,single,WSH,TEX,,,
777596,2025-06-08,R,669701,3,Top,16,field_out,WSH,TEX,,,
777596,2025-06-08,R,641680,2,Top,12,field_out,WSH,TEX,,,669394
777596,2025-06-08,R,696030,2,Top,11,field_out,WSH,TEX,,669394,
777596,2025-06-08,R,669394,2,Top,10,double,WSH,TEX,,,
777596,2025-06-08,R,694497,2,Top,9,home_run,WSH,TEX,543760,,
777596,2025-06-08,R,673962,2,Top,8,field_out,WSH,TEX,543760,,
777596,2025-06-08,R,543760,2,Top,7,single,WSH,TEX,,,
777596,2025-06-08,R,608369,1,Top,3,field_out,WSH,TEX,,,
777596,2025-06-08,R,664059,1,Top,2,strikeout,WSH,TEX,,,
777596,2025-06-08,R,669701,1,Top,1,strikeout,WSH,TEX,,,
777610,2025-06-07,R,694671,9,Top,65,field_out,WSH,TEX,669701,,
777610,2025-06-07,R,664059,9,Top,64,field_out,WSH,TEX,669701,,
777610,2025-06-07,R,669701,9,Top,63,walk,WSH,TEX,,,
777610,2025-06-07,R,543309,9,Top,62,field_out,WSH,TEX,,,
777610,2025-06-07,R,641680,8,Top,57,field_out,WSH,TEX,,666969,
777610,2025-06-07,R,666969,8,Top,56,single,WSH,TEX,,543760,
777610,2025-06-07,R,669394,8,Top,55,strikeout,WSH,TEX,,543760,
777610,2025-06-07,R,543760,8,Top,54,double,WSH,TEX,694671,664059,
777610,2025-06-07,R,673962,8,Top,53,strikeout,WSH,TEX,694671,664059,
777610,2025-06-07,R,694671,8,Top,52,single,WSH,TEX,664059,,
777610,2025-06-07,R,664059,8,Top,51,single,WSH,TEX,,,
777610,2025-06-07,R,669701,7,Top,47,field_out,WSH,TEX,543309,669394,543760
777610,2025-06-07,R,543309,7,Top,46,walk,WSH,TEX,669394,543760,
777610,2025-06-07,R,641680,7,Top,45,field_out,WSH,TEX,669394,543760,
777610,2025-06-07,R,666969,7,Top,44,strikeout,WSH,TEX,669394,543760,
777610,2025-06-07,R,669394,7,Top,43,walk,WSH,TEX,,543760,
777610,2025-06-07,R,543760,7,Top,42,walk,WSH,TEX,,,
777610,2025-06-07,R,673962,6,Top,38,strikeout,WSH,TEX,,,
777610,2025-06-07,R,694671,6,Top,37,double_play,WSH,TEX,664059,,
777610,2025-06-07,R,664059,6,Top,36,single,WSH,TEX,,,
777610,2025-06-07,R,677649,5,Top,32,field_out,WSH,TEX,,,
777610,2025-06-07,R,543309,5,Top,31,field_out,WSH,TEX,,,
777610,2025-06-07,R,641680,5,Top,30,field_out,WSH,TEX,,,
777610,2025-06-07,R,666969,4,Top,26,strikeout,WSH,TEX,,,
777610,2025-06-07,R,669394,4,Top,25,strikeout,WSH,TEX,,,
777610,2025-06-07,R,543760,4,Top,24,field_out,WSH,TEX,,,
777610,2025-06-07,R,673962,3,Top,20,field_out,WSH,TEX,,,
777610,2025-06-07,R,694671,3,Top,19,field_out,WSH,TEX,,,
777610,2025-06-07,R,664059,3,Top,18,field_out,WSH,TEX,,,
777610,2025-06-07,R,677649,2,Top,12,strikeout,WSH,TEX,,,
777610,2025-06-07,R,543309,2,Top,11,field_out,WSH,TEX,,,
777610,2025-06-07,R,641680,2,Top,10,strikeout,WSH,TEX,,,
777610,2025-06-07,R,666969,1,Top,6,field_out,WSH,TEX,,,543760
777610,2025-06-07,R,669394,1,Top,5,field_out,WSH,TEX,,,543760
777610,2025-06-07,R,543760,1,Top,4,single,WSH,TEX,673962,664059,
777610,2025-06-07,R,673962,1,Top,3,single,WSH,TEX,664059,,
777610,2025-06-07,R,694671,1,Top,2,field_out,WSH,TEX,664059,,
777610,2025-06-07,R,664059,1,Top,1,single,WSH,TEX,,,
777624,2025-06-06,R,669394,9,Top,61,field_out,WSH,TEX,543760,,
777624,2025-06-06,R,543760,9,Top,60,field_error,WSH,TEX,,,
777624,2025-06-06,R,608369,9,Top,59,field_out,WSH,TEX,,,
777624,2025-06-06,R,694671,9,Top,58,strikeout,WSH,TEX,,,
777624,2025-06-06,R,673962,8,Top,54,field_out,WSH,TEX,,,
777624,2025-06-06,R,543309,8,Top,53,field_out,WSH,TEX,,,
777624,2025-06-06,R,664059,8,Top,52,field_out,WSH,TEX,,,
777624,2025-06-06,R,666969,7,Top,47,field_out,WSH,TEX,,,
777624,2025-06-06,R,694497,7,Top,46,field_out,WSH,TEX,,,
777624,2025-06-06,R,669394,7,Top,45,field_out,WSH,TEX,,,
777624,2025-06-06,R,543760,6,Top,41,field_out,WSH,TEX,608369,669701,
777624,2025-06-06,R,608369,6,Top,40,walk,WSH,TEX,,669701,
777624,2025-06-06,R,694671,6,Top,39,field_out,WSH,TEX,669701,,
777624,2025-06-06,R,669701,6,Top,38,single,WSH,TEX,,,
777624,2025-06-06,R,543309,6,Top,37,field_out,WSH,TEX,,,
777624,2025-06-06,R,696030,5,Top,33,field_out,WSH,TEX,666969,,
777624,2025-06-06,R,666969,5,Top,32,single,WSH,TEX,,,
777624,2025-06-06,R,694497,5,Top,31,strikeout,WSH,TEX,,,
777624,2025-06-06,R,669394,5,Top,30,strikeout,WSH,TEX,,,
777624,2025-06-06,R,543760,4,Top,26,strikeout,WSH,TEX,,,
777624,2025-06-06,R,608369,4,Top,25,field_out,WSH,TEX,,,
777624,2025-06-06,R,694671,4,Top,24,strikeout,WSH,TEX,,,
777624,2025-06-06,R,669701,3,Top,19,strikeout,WSH,TEX,543309,,
777624,2025-06-06,R,543309,3,Top,18,hit_by_pitch,WSH,TEX,,,
777624,2025-06-06,R,696030,3,Top,17,field_out,WSH,TEX,,,
777624,2025-06-06,R,666969,3,Top,16,strikeout,WSH,TEX,,,
777624,2025-06-06,R,694497,2,Top,9,strikeout,WSH,TEX,,,
777624,2025-06-06,R,669394,2,Top,8,field_out,WSH,TEX,,,
777624,2025-06-06,R,543760,2,Top,7,field_out,WSH,TEX,,,
777624,2025-06-06,R,608369,1,Top,3,field_out,WSH,TEX,,,
777624,2025-06-06,R,694671,1,Top,2,field_out,WSH,TEX,,,
777624,2025-06-06,R,669701,1,Top,1,field_out,WSH,TEX,,,
777629,2025-06-05,R,669394,9,Top,63,strikeout,TB,TEX,,,
777629,2025-06-05,R,666969,9,Top,62,grounded_into_double_play,TB,TEX,543760,,
777629,2025-06-05,R,543760,9,Top,61,single,TB,TEX,,,
777629,2025-06-05,R,694497,8,Top,57,strikeout,TB,TEX,608369,669701,
777629,2025-06-05,R,673962,8,Top,56,field_out,TB,TEX,608369,669701,
777629,2025-06-05,R,608369,8,Top,55,intent_walk,TB,TEX,,669701,
777629,2025-06-05,R,694671,8,Top,54,strikeout,TB,TEX,,669701,
777629,2025-06-05,R,669701,8,Top,53,single,TB,TEX,,,
777629,2025-06-05,R,641680,7,Top,49,strikeout,TB,TEX,669394,666969,
777629,2025-06-05,R,669394,7,Top,48,single,TB,TEX,666969,,
777629,2025-06-05,R,666969,7,Top,47,single,TB,TEX,,,
777629,2025-06-05,R,543760,7,Top,46,home_run,TB,TEX,,,
777629,2025-06-05,R,696030,7,Top,45,strikeout,TB,TEX,,,
777629,2025-06-05,R,673962,7,Top,44,field_out,TB,TEX,,,
777629,2025-06-05,R,608369,6,Top,40,field_out,TB,TEX,,,
777629,2025-06-05,R,694671,6,Top,39,field_out,TB,TEX,,,
777629,2025-06-05,R,669701,6,Top,38,strikeout,TB,TEX,,,
777629,2025-06-05,R,641680,5,Top,33,strikeout,TB,TEX,,,
777629,2025-06-05,R,669394,5,Top,32,field_out,TB,TEX,,,
777629,2025-06-05,R,666969,5,Top,31,field_out,TB,TEX,,,
777629,2025-06-05,R,543760,5,Top,30,home_run,TB,TEX,,,
777629,2025-06-05,R,696030,4,Top,24,strikeout,TB,TEX,673962,,
777629,2025-06-05,R,673962,4,Top,23,walk,TB,TEX,,,
777629,2025-06-05,R,608369,4,Top,22,strikeout_double_play,TB,TEX,694671,,
777629,2025-06-05,R,694671,4,Top,21,walk,TB,TEX,,,
777629,2025-06-05,R,669701,3,Top,17,field_out,TB,TEX,,,
777629,2025-06-05,R,641680,3,Top,16,strikeout,TB,TEX,,,
777629,2025-06-05,R,669394,3,Top,15,home_run,TB,TEX,,,
777629,2025-06-05,R,666969,3,Top,14,field_out,TB,TEX,,,
777629,2025-06-05,R,543760,2,Top,9,strikeout,TB,TEX,,,
777629,2025-06-05,R,696030,2,Top,8,field_out,TB,TEX,,,
777629,2025-06-05,R,673962,2,Top,7,field_out,TB,TEX,,,
777629,2025-06-05,R,608369,1,Top,3,strikeout,TB,TEX,,,
777629,2025-06-05,R,694671,1,Top,2,strikeout,TB,TEX,669701,,
777629,2025-06-05,R,669701,1,Top,1,single,TB,TEX,,,
777646,2025-06-04,R,608369,9,Top,74,field_out,TB,TEX,694671,,
777646,2025-06-04,R,694671,9,Top,73,single,TB,TEX,,669701,
777646,2025-06-04,R,669701,9,Top,72,field_error,TB,TEX,,,
777646,2025-06-04,R,641680,9,Top,71,field_out,TB,TEX,,,
777646,2025-06-04,R,669394,9,Top,70,field_out,TB,TEX,,,
777646,2025-06-04,R,666969,8,Top,66,strikeout,TB,TEX,673962,,
777646,2025-06-04,R,543760,8,Top,65,strikeout,TB,TEX,673962,,
777646,2025-06-04,R,694497,8,Top,64,field_out,TB,TEX,673962,,
777646,2025-06-04,R,673962,8,Top,63,walk,TB,TEX,,,
777646,2025-06-04,R,608369,7,Top,58,strikeout,TB,TEX,694671,,
777646,2025-06-04,R,694671,7,Top,57,single,TB,TEX,,,
777646,2025-06-04,R,669701,7,Top,56,strikeout,TB,TEX,,,
777646,2025-06-04,R,641680,7,Top,55,strikeout,TB,TEX,,,
777646,2025-06-04,R,669394,6,Top,51,field_out,TB,TEX,666969,,
777646,2025-06-04,R,666969,6,Top,50,force_out,TB,TEX,694497,,
777646,2025-06-04,R,543760,6,Top,49,strikeout,TB,TEX,694497,,
777646,2025-06-04,R,694497,6,Top,48,single,TB,TEX,,,
777646,2025-06-04,R,673962,5,Top,44,strikeout,TB,TEX,608369,694671,
777646,2025-06-04,R,608369,5,Top,43,walk,TB,TEX,,694671,
777646,2025-06-04,R,694671,5,Top,42,double,TB,TEX,669701,,
777646,2025-06-04,R,669701,5,Top,41,single,TB,TEX,,,
777646,2025-06-04,R,641680,5,Top,40,home_run,TB,TEX,669394,,
777646,2025-06-04,R,669394,5,Top,39,force_out,TB,TEX,666969,,
777646,2025-06-04,R,666969,5,Top,38,single,TB,TEX,,,
777646,2025-06-04,R,543760,5,Top,37,field_out,TB,TEX,,,
777646,2025-06-04,R,694497,4,Top,31,field_out,TB,TEX,,,
777646,2025-06-04,R,673962,4,Top,30,field_out,TB,TEX,,,
777646,2025-06-04,R,608369,4,Top,29,strikeout,TB,TEX,,,
777646,2025-06-04,R,694671,3,Top,19,strikeout,TB,TEX,,,
777646,2025-06-04,R,669701,3,Top,18,field_out,TB,TEX,,,
777646,2025-06-04,R,641680,3,Top,17,field_out,TB,TEX,,,
777646,2025-06-04,R,669394,2,Top,13,field_out,TB,TEX,,543760,
777646,2025-06-04,R,666969,2,Top,12,strikeout,TB,TEX,,543760,
777646,2025-06-04,R,543760,2,Top,11,double,TB,TEX,,,
777646,2025-06-04,R,694497,2,Top,10,field_out,TB,TEX,,,
777646,2025-06-04,R,673962,1,Top,4,strikeout,TB,TEX,694671,,
777646,2025-06-04,R,608369,1,Top,3,field_out,TB,TEX,694671,,
777646,2025-06-04,R,694671,1,Top,2,field_error,TB,TEX,,,
777646,2025-06-04,R,669701,1,Top,1,field_out,TB,TEX,,,
777662,2025-06-03,R,666969,9,Top,66,field_out,TB,TEX,,,
777662,2025-06-03,R,673962,9,Top,65,field_out,TB,TEX,,,
777662,2025-06-03,R,608369,9,Top,64,field_out,TB,TEX,,,
777662,2025-06-03,R,694671,8,Top,59,field_out,TB,TEX,,,
777662,2025-06-03,R,669701,8,Top,58,field_out,TB,TEX,,,
777662,2025-06-03,R,543309,8,Top,57,field_out,TB,TEX,,,
777662,2025-06-03,R,664059,7,Top,52,strikeout,TB,TEX,669394,,543760
777662,2025-06-03,R,669394,7,Top,51,single,TB,TEX,543760,666969,
777662,2025-06-03,R,543760,7,Top,50,walk,TB,TEX,666969,,
777662,2025-06-03,R,666969,7,Top,49,single,TB,TEX,,,
777662,2025-06-03,R,673962,7,Top,48,field_out,TB,TEX,,,
777662,2025-06-03,R,608369,7,Top,47,strikeout,TB,TEX,,,
777662,2025-06-03,R,694671,6,Top,39,strikeout,TB,TEX,669701,,
777662,2025-06-03,R,669701,6,Top,38,force_out,TB,TEX,543309,,
777662,2025-06-03,R,543309,6,Top,37,single,TB,TEX,,,
777662,2025-06-03,R,664059,6,Top,36,strikeout,TB,TEX,,,
777662,2025-06-03,R,669394,5,Top,32,field_out,TB,TEX,,,
777662,2025-06-03,R,543760,5,Top,31,strikeout,TB,TEX,,,
777662,2025-06-03,R,696030,5,Top,30,field_out,TB,TEX,,,
777662,2025-06-03,R,673962,4,Top,26,strikeout,TB,TEX,,,
777662,2025-06-03,R,608369,4,Top,25,strikeout,TB,TEX,,,
777662,2025-06-03,R,694671,4,Top,24,strikeout,TB,TEX,,,
777662,2025-06-03,R,669701,3,Top,19,strikeout,TB,TEX,,694497,
777662,2025-06-03,R,543309,3,Top,18,field_out,TB,TEX,694497,,
777662,2025-06-03,R,694497,3,Top,17,force_out,TB,TEX,669394,,
777662,2025-06-03,R,669394,3,Top,16,single,TB,TEX,,,
777662,2025-06-03,R,543760,2,Top,11,field_out,TB,TEX,,,
777662,2025-06-03,R,696030,2,Top,10,strikeout,TB,TEX,,,
777662,2025-06-03,R,673962,2,Top,9,field_out,TB,TEX,,,
777662,2025-06-03,R,608369,1,Top,3,strikeout,TB,TEX,,,
777662,2025-06-03,R,694671,1,Top,2,field_out,TB,TEX,,,
777662,2025-06-03,R,669701,1,Top,1,strikeout,TB,TEX,,,
777678,2025-06-01,R,694671,8,Bot,69,strikeout,TEX,STL,,,
777678,2025-06-01,R,669701,8,Bot,68,home_run,TEX,STL,,543760,
777678,2025-06-01,R,664059,8,Bot,67,sac_bunt,TEX,STL,543760,,669394
777678,2025-06-01,R,543760,8,Bot,66,walk,TEX,STL,,,669394
777678,2025-06-01,R,641680,8,Bot,65,sac_fly,TEX,STL,,669394,696030
777678,2025-06-01,R,669394,8,Bot,64,double,TEX,STL,696030,673962,
777678,2025-06-01,R,696030,8,Bot,63,fielders_choice,TEX,STL,673962,,
777678,2025-06-01,R,673962,8,Bot,62,single,TEX,STL,,,
777678,2025-06-01,R,608369,7,Bot,58,field_out,TEX,STL,,669701,664059
777678,2025-06-01,R,694671,7,Bot,57,sac_fly,TEX,STL,669701,664059,543760
777678,2025-06-01,R,669701,7,Bot,56,force_out,TEX,STL,664059,543760,641680
777678,2025-06-01,R,664059,7,Bot,55,single,TEX,STL,543760,641680,
777678,2025-06-01,R,543760,7,Bot,54,walk,TEX,STL,641680,,
777678,2025-06-01,R,641680,7,Bot,53,single,TEX,STL,,,
777678,2025-06-01,R,669394,6,Bot,48,field_out,TEX,STL,696030,,
777678,2025-06-01,R,696030,6,Bot,47,walk,TEX,STL,,,
777678,2025-06-01,R,673962,6,Bot,46,field_out,TEX,STL,,,
777678,2025-06-01,R,608369,6,Bot,45,field_out,TEX,STL,,,
777678,2025-06-01,R,694671,5,Bot,41,field_out,TEX,STL,,,
777678,2025-06-01,R,669701,5,Bot,40,field_out,TEX,STL,,,
777678,2025-06-01,R,664059,5,Bot,39,field_out,TEX,STL,,,
777678,2025-06-01,R,664059,4,Bot,35,truncated_pa,TEX,STL,,543760,
777678,2025-06-01,R,543760,4,Bot,34,double,TEX,STL,,,
777678,2025-06-01,R,641680,4,Bot,33,strikeout,TEX,STL,,,
777678,2025-06-01,R,669394,4,Bot,32,field_out,TEX,STL,,,
777678,2025-06-01,R,696030,3,Bot,26,field_out,TEX,STL,,,
777678,2025-06-01,R,673962,3,Bot,25,field_out,TEX,STL,,,
777678,2025-06-01,R,608369,3,Bot,24,field_out,TEX,STL,,,
777678,2025-06-01,R,694671,2,Bot,20,strikeout,TEX,STL,,669701,
777678,2025-06-01,R,669701,2,Bot,19,double,TEX,STL,664059,543760,
777678,2025-06-01,R,664059,2,Bot,18,walk,TEX,STL,,543760,
777678,2025-06-01,R,543760,2,Bot,17,single,TEX,STL,,,
777678,2025-06-01,R,641680,2,Bot,16,field_out,TEX,STL,,,
777678,2025-06-01,R,669394,2,Bot,15,strikeout,TEX,STL,,,
777678,2025-06-01,R,696030,1,Bot,11,field_out,TEX,STL,,694671,669701
777678,2025-06-01,R,673962,1,Bot,10,strikeout,TEX,STL,,694671,669701
777678,2025-06-01,R,608369,1,Bot,9,strikeout,TEX,STL,694671,669701,
777678,2025-06-01,R,694671,1,Bot,8,walk,TEX,STL,,669701,
777678,2025-06-01,R,669701,1,Bot,7,double,TEX,STL,,,
776147,2025-09-28,R,641856,10,Top,84,field_out,CLE,TEX,,,
776147,2025-09-28,R,641680,10,Top,83,field_out,CLE,TEX,,,
776147,2025-09-28,R,677649,10,Top,82,field_out,CLE,TEX,,,
776147,2025-09-28,R,642133,10,Top,81,home_run,CLE,TEX,666969,,673962
776147,2025-09-28,R,666969,10,Top,80,single,CLE,TEX,,673962,
776147,2025-09-28,R,673962,9,Top,75,field_out,CLE,TEX,,,
776147,2025-09-28,R,592626,9,Top,74,field_out,CLE,TEX,,,
776147,2025-09-28,R,680737,9,Top,73,field_out,CLE,TEX,,,
776147,2025-09-28,R,696030,8,Top,67,field_out,CLE,TEX,,,
776147,2025-09-28,R,641856,8,Top,66,field_out,CLE,TEX,,,
776147,2025-09-28,R,641680,8,Top,65,strikeout,CLE,TEX,,,
776147,2025-09-28,R,677649,7,Top,58,strikeout,CLE,TEX,,,
776147,2025-09-28,R,669394,7,Top,57,field_out,CLE,TEX,,,
776147,2025-09-28,R,666969,7,Top,56,field_out,CLE,TEX,,,
776147,2025-09-28,R,673962,6,Top,52,field_out,CLE,TEX,,680737,
776147,2025-09-28,R,683227,6,Top,51,strikeout,CLE,TEX,,680737,
776147,2025-09-28,R,680737,6,Top,50,sac_bunt,CLE,TEX,,,641856
776147,2025-09-28,R,696030,6,Top,49,field_out,CLE,TEX,,641856,
776147,2025-09-28,R,641856,6,Top,48,field_error,CLE,TEX,,,
776147,2025-09-28,R,641680,5,Top,44,strikeout,CLE,TEX,677649,669394,666969
776147,2025-09-28,R,677649,5,Top,43,force_out,CLE,TEX,669394,666969,673962
776147,2025-09-28,R,669394,5,Top,42,hit_by_pitch,CLE,TEX,666969,673962,
776147,2025-09-28,R,666969,5,Top,41,walk,CLE,TEX,673962,,
776147,2025-09-28,R,673962,5,Top,40,walk,CLE,TEX,,,
776147,2025-09-28,R,683227,5,Top,39,field_out,CLE,TEX,,,
776147,2025-09-28,R,680737,4,Top,35,strikeout,CLE,TEX,,,
776147,2025-09-28,R,696030,4,Top,34,strikeout,CLE,TEX,,,
776147,2025-09-28,R,664238,4,Top,33,field_out,CLE,TEX,,,
776147,2025-09-28,R,641680,3,Top,26,field_out,CLE,TEX,677649,,
776147,2025-09-28,R,677649,3,Top,25,force_out,CLE,TEX,669394,,
776147,2025-09-28,R,669394,3,Top,24,single,CLE,TEX,,673962,683227
776147,2025-09-28,R,666969,3,Top,23,strikeout,CLE,TEX,,673962,683227
776147,2025-09-28,R,673962,3,Top,22,double,CLE,TEX,683227,,
776147,2025-09-28,R,683227,3,Top,21,single,CLE,TEX,,,
776147,2025-09-28,R,680737,2,Top,16,fielders_choice_out,CLE,TEX,,696030,
776147,2025-09-28,R,696030,2,Top,15,double,CLE,TEX,664238,641680,
776147,2025-09-28,R,664238,2,Top,14,hit_by_pitch,CLE,TEX,641680,,
776147,2025-09-28,R,641680,2,Top,13,fielders_choice_out,CLE,TEX,,677649,
776147,2025-09-28,R,677649,2,Top,12,double,CLE,TEX,,,
776147,2025-09-28,R,669394,2,Top,11,field_out,CLE,TEX,,,
776147,2025-09-28,R,666969,1,Top,4,field_out,CLE,TEX,673962,,
776147,2025-09-28,R,673962,1,Top,3,field_error,CLE,TEX,,,
776147,2025-09-28,R,683227,1,Top,2,strikeout,CLE,TEX,,,
776147,2025-09-28,R,680737,1,Top,1,field_out,CLE,TEX,,,
776158,2025-09-27,R,642133,9,Top,62,strikeout,CLE,TEX,,,
776158,2025-09-27,R,543309,9,Top,61,field_out,CLE,TEX,,,
776158,2025-09-27,R,666969,9,Top,60,field_out,CLE,TEX,,,
776158,2025-09-27,R,666969,8,Top,55,truncated_pa,CLE,TEX,673962,,664238
776158,2025-09-27,R,673962,8,Top,54,force_out,CLE,TEX,680737,664238,
776158,2025-09-27,R,683227,8,Top,53,strikeout,CLE,TEX,680737,664238,
776158,2025-09-27,R,680737,8,Top,52,hit_by_pitch,CLE,TEX,664238,,
776158,2025-09-27,R,664238,8,Top,51,single,CLE,TEX,,,
776158,2025-09-27,R,677649,7,Top,47,force_out,CLE,TEX,543309,,
776158,2025-09-27,R,456781,7,Top,46,strikeout,CLE,TEX,543309,,
776158,2025-09-27,R,642133,7,Top,45,strikeout,CLE,TEX,543309,,
776158,2025-09-27,R,543309,7,Top,44,single,CLE,TEX,,,
776158,2025-09-27,R,666969,6,Top,40,strikeout,CLE,TEX,673962,,
776158,2025-09-27,R,673962,6,Top,39,single,CLE,TEX,,,
776158,2025-09-27,R,683227,6,Top,38,strikeout,CLE,TEX,,,
776158,2025-09-27,R,680737,6,Top,37,strikeout,CLE,TEX,,,
776158,2025-09-27,R,664238,5,Top,32,strikeout,CLE,TEX,,,
776158,2025-09-27,R,677649,5,Top,31,field_out,CLE,TEX,,,
776158,2025-09-27,R,456781,5,Top,30,strikeout,CLE,TEX,,,
776158,2025-09-27,R,669394,4,Top,26,field_out,CLE,TEX,,,
776158,2025-09-27,R,543309,4,Top,25,strikeout,CLE,TEX,,,
776158,2025-09-27,R,666969,4,Top,24,home_run,CLE,TEX,,,
776158,2025-09-27,R,673962,4,Top,23,strikeout,CLE,TEX,,,
776158,2025-09-27,R,683227,3,Top,19,field_out,CLE,TEX,,,
776158,2025-09-27,R,680737,3,Top,18,field_out,CLE,TEX,,,
776158,2025-09-27,R,664238,3,Top,17,field_out,CLE,TEX,,,
776158,2025-09-27,R,677649,2,Top,13,field_out,CLE,TEX,,,
776158,2025-09-27,R,456781,2,Top,12,field_out,CLE,TEX,,,
776158,2025-09-27,R,669394,2,Top,11,strikeout,CLE,TEX,,,
776158,2025-09-27,R,543309,1,Top,5,strikeout,CLE,TEX,,673962,
776158,2025-09-27,R,666969,1,Top,4,field_out,CLE,TEX,,673962,
776158,2025-09-27,R,673962,1,Top,3,double,CLE,TEX,,680737,
776158,2025-09-27,R,683227,1,Top,2,field_out,CLE,TEX,,680737,
776158,2025-09-27,R,680737,1,Top,1,double,CLE,TEX,,,
776175,2025-09-26,R,669394,9,Top,69,field_out,CLE,TEX,683227,592626,
776175,2025-09-26,R,673962,9,Top,68,field_out,CLE,TEX,683227,592626,
776175,2025-09-26,R,683227,9,Top,67,single,CLE,TEX,592626,,
776175,2025-09-26,R,592626,9,Top,66,single,CLE,TEX,,,
776175,2025-09-26,R,680737,9,Top,65,field_out,CLE,TEX,,,
776175,2025-09-26,R,641856,8,Top,61,field_out,CLE,TEX,,,
776175,2025-09-26,R,641680,8,Top,60,strikeout,CLE,TEX,,,
776175,2025-09-26,R,696030,8,Top,59,field_out,CLE,TEX,,,
776175,2025-09-26,R,677649,7,Top,55,field_out,CLE,TEX,669394,,683227
776175,2025-09-26,R,669394,7,Top,54,single,CLE,TEX,683227,592626,
776175,2025-09-26,R,673962,7,Top,53,strikeout,CLE,TEX,683227,592626,
776175,2025-09-26,R,683227,7,Top,52,single,CLE,TEX,592626,680737,641856
776175,2025-09-26,R,592626,7,Top,51,single,CLE,TEX,680737,641856,
776175,2025-09-26,R,680737,7,Top,50,single,CLE,TEX,641856,,
776175,2025-09-26,R,641856,7,Top,49,single,CLE,TEX,,,
776175,2025-09-26,R,641680,7,Top,48,field_out,CLE,TEX,,,
776175,2025-09-26,R,696030,6,Top,44,field_out,CLE,TEX,,,
776175,2025-09-26,R,677649,6,Top,43,field_out,CLE,TEX,,,
776175,2025-09-26,R,669394,6,Top,42,strikeout,CLE,TEX,,,
776175,2025-09-26,R,673962,5,Top,37,strikeout,CLE,TEX,,,
776175,2025-09-26,R,683227,5,Top,36,strikeout,CLE,TEX,,,
776175,2025-09-26,R,592626,5,Top,35,strikeout,CLE,TEX,,,
776175,2025-09-26,R,680737,4,Top,31,strikeout,CLE,TEX,,641680,
776175,2025-09-26,R,641856,4,Top,30,field_out,CLE,TEX,641680,,
776175,2025-09-26,R,641680,4,Top,29,single,CLE,TEX,,,
776175,2025-09-26,R,696030,4,Top,28,field_out,CLE,TEX,,,
776175,2025-09-26,R,677649,3,Top,23,field_out,CLE,TEX,673962,,
776175,2025-09-26,R,642133,3,Top,22,strikeout,CLE,TEX,673962,,
776175,2025-09-26,R,673962,3,Top,21,single,CLE,TEX,,,
776175,2025-09-26,R,683227,3,Top,20,field_out,CLE,TEX,,,
776175,2025-09-26,R,592626,2,Top,15,field_out,CLE,TEX,,,
776175,2025-09-26,R,680737,2,Top,14,field_out,CLE,TEX,,,
776175,2025-09-26,R,641856,2,Top,13,field_out,CLE,TEX,,,
776175,2025-09-26,R,641680,1,Top,7,field_out,CLE,TEX,,,
776175,2025-09-26,R,696030,1,Top,6,home_run,CLE,TEX,,642133,683227
776175,2025-09-26,R,677649,1,Top,5,field_out,CLE,TEX,,642133,683227
776175,2025-09-26,R,642133,1,Top,4,double,CLE,TEX,683227,592626,
776175,2025-09-26,R,673962,1,Top,3,strikeout,CLE,TEX,683227,592626,
776175,2025-09-26,R,683227,1,Top,2,single,CLE,TEX,592626,,
776175,2025-09-26,R,592626,1,Top,1,walk,CLE,TEX,,,
776183,2025-09-25,R,683227,9,Bot,65,field_out,TEX,MIN,,,
776183,2025-09-25,R,592626,9,Bot,64,field_out,TEX,MIN,,,
776183,2025-09-25,R,666969,9,Bot,63,strikeout,TEX,MIN,,,
776183,2025-09-25,R,677649,8,Bot,59,field_out,TEX,MIN,,641856,
776183,2025-09-25,R,641856,8,Bot,58,double,TEX,MIN,,,
776183,2025-09-25,R,543309,8,Bot,57,strikeout,TEX,MIN,,,
776183,2025-09-25,R,696030,8,Bot,56,field_out,TEX,MIN,,,
776183,2025-09-25,R,669394,7,Bot,47,strikeout,TEX,MIN,,,
776183,2025-09-25,R,673962,7,Bot,46,field_out,TEX,MIN,,,
776183,2025-09-25,R,683227,7,Bot,45,strikeout,TEX,MIN,,,
776183,2025-09-25,R,592626,6,Bot,41,field_out,TEX,MIN,,,
776183,2025-09-25,R,680737,6,Bot,40,strikeout,TEX,MIN,,,
776183,2025-09-25,R,677649,6,Bot,39,field_out,TEX,MIN,,,
776183,2025-09-25,R,641856,5,Bot,35,field_out,TEX,MIN,,,
776183,2025-09-25,R,543309,5,Bot,34,strikeout_double_play,TEX,MIN,696030,,
776183,2025-09-25,R,696030,5,Bot,33,single,TEX,MIN,,,
776183,2025-09-25,R,642133,4,Bot,28,field_out,TEX,MIN,,,
776183,2025-09-25,R,673962,4,Bot,27,field_out,TEX,MIN,,,
776183,2025-09-25,R,669701,4,Bot,26,strikeout,TEX,MIN,,,
776183,2025-09-25,R,592626,3,Bot,21,grounded_into_double_play,TEX,MIN,677649,,
776183,2025-09-25,R,680737,3,Bot,20,field_out,TEX,MIN,677649,,
776183,2025-09-25,R,677649,3,Bot,19,single,TEX,MIN,,,
776183,2025-09-25,R,641856,2,Bot,14,field_out,TEX,MIN,696030,,
776183,2025-09-25,R,543309,2,Bot,13,field_out,TEX,MIN,696030,,
776183,2025-09-25,R,696030,2,Bot,12,walk,TEX,MIN,,,
776183,2025-09-25,R,642133,2,Bot,11,field_out,TEX,MIN,,,
776183,2025-09-25,R,673962,1,Bot,7,field_out,TEX,MIN,,,
776183,2025-09-25,R,669701,1,Bot,6,strikeout,TEX,MIN,,,
776183,2025-09-25,R,592626,1,Bot,5,strikeout,TEX,MIN,,,
776192,2025-09-24,R,677649,8,Bot,62,strikeout,TEX,MIN,,,
776192,2025-09-24,R,696030,8,Bot,61,strikeout,TEX,MIN,,,
776192,2025-09-24,R,642133,8,Bot,60,field_out,TEX,MIN,,,
776192,2025-09-24,R,673962,7,Bot,54,field_out,TEX,MIN,,669701,666969
776192,2025-09-24,R,669701,7,Bot,53,walk,TEX,MIN,666969,641680,
776192,2025-09-24,R,666969,7,Bot,52,intent_walk,TEX,MIN,,641680,
776192,2025-09-24,R,680737,7,Bot,51,field_out,TEX,MIN,,641680,
776192,2025-09-24,R,641680,7,Bot,50,single,TEX,MIN,,641856,
776192,2025-09-24,R,641856,7,Bot,49,single,TEX,MIN,,677649,
776192,2025-09-24,R,677649,7,Bot,48,single,TEX,MIN,,,
776192,2025-09-24,R,696030,7,Bot,47,field_out,TEX,MIN,,,
776192,2025-09-24,R,642133,6,Bot,43,strikeout,TEX,MIN,673962,,
776192,2025-09-24,R,673962,6,Bot,42,walk,TEX,MIN,,,
776192,2025-09-24,R,669701,6,Bot,41,strikeout,TEX,MIN,,,
776192,2025-09-24,R,592626,6,Bot,40,strikeout,TEX,MIN,,,
776192,2025-09-24,R,680737,5,Bot,36,field_out,TEX,MIN,,,
776192,2025-09-24,R,641680,5,Bot,35,field_out,TEX,MIN,,,
776192,2025-09-24,R,641856,5,Bot,34,field_out,TEX,MIN,,,
776192,2025-09-24,R,677649,4,Bot,29,field_out,TEX,MIN,642133,,
776192,2025-09-24,R,696030,4,Bot,28,strikeout,TEX,MIN,642133,,
776192,2025-09-24,R,642133,4,Bot,27,walk,TEX,MIN,,,
776192,2025-09-24,R,673962,4,Bot,26,field_out,TEX,MIN,,,
776192,2025-09-24,R,669701,4,Bot,25,home_run,TEX,MIN,,,
776192,2025-09-24,R,592626,3,Bot,20,field_out,TEX,MIN,,,680737
776192,2025-09-24,R,680737,3,Bot,19,double,TEX,MIN,,,
776192,2025-09-24,R,641680,3,Bot,18,field_out,TEX,MIN,,,
776192,2025-09-24,R,641856,3,Bot,17,field_out,TEX,MIN,,,
776192,2025-09-24,R,677649,2,Bot,13,strikeout,TEX,MIN,,,
776192,2025-09-24,R,696030,2,Bot,12,strikeout,TEX,MIN,,,
776192,2025-09-24,R,642133,2,Bot,11,strikeout,TEX,MIN,,,
776192,2025-09-24,R,673962,1,Bot,7,field_out,TEX,MIN,,,
776192,2025-09-24,R,669701,1,Bot,6,strikeout,TEX,MIN,,,
776192,2025-09-24,R,592626,1,Bot,5,strikeout,TEX,MIN,,,
776210,2025-09-23,R,673962,9,Bot,76,field_out,TEX,MIN,,,
776210,2025-09-23,R,666969,9,Bot,75,field_out,TEX,MIN,,,
776210,2025-09-23,R,669394,9,Bot,74,field_out,TEX,MIN,,,
776210,2025-09-23,R,664238,8,Bot,68,strikeout,TEX,MIN,,,
776210,2025-09-23,R,680737,8,Bot,67,field_out,TEX,MIN,,,
776210,2025-09-23,R,641680,8,Bot,66,strikeout,TEX,MIN,,,
776210,2025-09-23,R,677649,7,Bot,61,field_out,TEX,MIN,683227,,
776210,2025-09-23,R,683227,7,Bot,60,field_error,TEX,MIN,,,
776210,2025-09-23,R,543309,7,Bot,59,strikeout,TEX,MIN,,,
776210,2025-09-23,R,673962,7,Bot,58,field_out,TEX,MIN,,,
776210,2025-09-23,R,666969,6,Bot,53,field_out,TEX,MIN,,,
776210,2025-09-23,R,669394,6,Bot,52,field_out,TEX,MIN,,,
776210,2025-09-23,R,696030,6,Bot,51,field_out,TEX,MIN,,,
776210,2025-09-23,R,680737,5,Bot,43,field_out,TEX,MIN,,,
776210,2025-09-23,R,592626,5,Bot,42,field_out,TEX,MIN,,,
776210,2025-09-23,R,677649,5,Bot,41,field_out,TEX,MIN,,,
776210,2025-09-23,R,683227,4,Bot,36,strikeout,TEX,MIN,673962,,
776210,2025-09-23,R,543309,4,Bot,35,strikeout,TEX,MIN,673962,,
776210,2025-09-23,R,673962,4,Bot,34,single,TEX,MIN,,,
776210,2025-09-23,R,666969,4,Bot,33,field_out,TEX,MIN,,,
776210,2025-09-23,R,669394,3,Bot,27,force_out,TEX,MIN,696030,677649,
776210,2025-09-23,R,696030,3,Bot,26,single,TEX,MIN,677649,,
776210,2025-09-23,R,694671,3,Bot,25,field_out,TEX,MIN,677649,,
776210,2025-09-23,R,592626,3,Bot,24,strikeout,TEX,MIN,677649,,
776210,2025-09-23,R,677649,3,Bot,23,single,TEX,MIN,,,
776210,2025-09-23,R,683227,2,Bot,15,field_out,TEX,MIN,543309,,
776210,2025-09-23,R,543309,2,Bot,14,field_error,TEX,MIN,,,
776210,2025-09-23,R,673962,2,Bot,13,field_out,TEX,MIN,,,
776210,2025-09-23,R,666969,2,Bot,12,strikeout,TEX,MIN,,,
776210,2025-09-23,R,669394,1,Bot,7,strikeout,TEX,MIN,,,
776210,2025-09-23,R,696030,1,Bot,6,field_out,TEX,MIN,,,
776210,2025-09-23,R,694671,1,Bot,5,field_out,TEX,MIN,,,
776210,2025-09-23,R,592626,1,Bot,4,home_run,TEX,MIN,,,
776226,2025-09-21,R,680737,9,Bot,73,field_out,TEX,MIA,,,
776226,2025-09-21,R,543309,9,Bot,72,strikeout,TEX,MIA,,,
776226,2025-09-21,R,669701,9,Bot,71,field_out,TEX,MIA,,,
776226,2025-09-21,R,683227,8,Bot,65,field_out,TEX,MIA,,,
776226,2025-09-21,R,673962,8,Bot,64,strikeout,TEX,MIA,,,
776226,2025-09-21,R,642133,8,Bot,63,field_out,TEX,MIA,,,
776226,2025-09-21,R,696030,7,Bot,59,field_out,TEX,MIA,,694671,
776226,2025-09-21,R,694671,7,Bot,58,walk,TEX,MIA,,,
776226,2025-09-21,R,592626,7,Bot,57,field_out,TEX,MIA,,,
776226,2025-09-21,R,680737,7,Bot,56,field_out,TEX,MIA,,,
776226,2025-09-21,R,677649,6,Bot,51,field_out,TEX,MIA,641680,683227,
776226,2025-09-21,R,641680,6,Bot,50,walk,TEX,MIA,683227,,
776226,2025-09-21,R,683227,6,Bot,49,single,TEX,MIA,,673962,
776226,2025-09-21,R,673962,6,Bot,48,single,TEX,MIA,,,
776226,2025-09-21,R,642133,6,Bot,47,field_out,TEX,MIA,,,
776226,2025-09-21,R,696030,6,Bot,46,field_out,TEX,MIA,,,
776226,2025-09-21,R,694671,6,Bot,45,home_run,TEX,MIA,,,
776226,2025-09-21,R,592626,5,Bot,41,field_out,TEX,MIA,,,
776226,2025-09-21,R,680737,5,Bot,40,strikeout,TEX,MIA,,,
776226,2025-09-21,R,677649,5,Bot,39,strikeout,TEX,MIA,,,
776226,2025-09-21,R,641680,4,Bot,33,strikeout,TEX,MIA,683227,673962,
776226,2025-09-21,R,683227,4,Bot,32,single,TEX,MIA,673962,,
776226,2025-09-21,R,673962,4,Bot,31,strikeout,TEX,MIA,,,
776226,2025-09-21,R,642133,4,Bot,30,field_out,TEX,MIA,,,
776226,2025-09-21,R,696030,4,Bot,29,field_out,TEX,MIA,,,
776226,2025-09-21,R,694671,3,Bot,22,strikeout,TEX,MIA,,,
776226,2025-09-21,R,592626,3,Bot,21,strikeout,TEX,MIA,,,
776226,2025-09-21,R,680737,3,Bot,20,strikeout,TEX,MIA,,,
776226,2025-09-21,R,677649,2,Bot,15,strikeout,TEX,MIA,,,
776226,2025-09-21,R,641680,2,Bot,14,field_out,TEX,MIA,,,
776226,2025-09-21,R,683227,2,Bot,13,strikeout,TEX,MIA,,,
776226,2025-09-21,R,673962,1,Bot,8,field_out,TEX,MIA,,696030,694671
776226,2025-09-21,R,642133,1,Bot,7,strikeout,TEX,MIA,,696030,694671
776226,2025-09-21,R,696030,1,Bot,6,double,TEX,MIA,694671,,
776226,2025-09-21,R,694671,1,Bot,5,walk,TEX,MIA,,,
776226,2025-09-21,R,592626,1,Bot,4,strikeout,TEX,MIA,,,
776242,2025-09-20,R,592626,9,Bot,76,field_out,TEX,MIA,,680737,694671
776242,2025-09-20,R,680737,9,Bot,75,walk,TEX,MIA,,694671,
776242,2025-09-20,R,677649,9,Bot,74,field_out,TEX,MIA,694671,,
776242,2025-09-20,R,673962,9,Bot,73,single,TEX,MIA,,,
776242,2025-09-20,R,669701,9,Bot,72,field_out,TEX,MIA,,,
776242,2025-09-20,R,543309,9,Bot,71,home_run,TEX,MIA,,,
776242,2025-09-20,R,669394,8,Bot,66,strikeout,TEX,MIA,,,
776242,2025-09-20,R,696030,8,Bot,65,strikeout,TEX,MIA,,,
776242,2025-09-20,R,683227,8,Bot,64,strikeout,TEX,MIA,,,
776242,2025-09-20,R,592626,7,Bot,60,field_out,TEX,MIA,680737,,
776242,2025-09-20,R,680737,7,Bot,59,single,TEX,MIA,,,
776242,2025-09-20,R,677649,7,Bot,58,field_out,TEX,MIA,,,
776242,2025-09-20,R,673962,7,Bot,57,field_out,TEX,MIA,,,
776242,2025-09-20,R,669701,6,Bot,51,strikeout_double_play,TEX,MIA,543309,,
776242,2025-09-20,R,543309,6,Bot,50,walk,TEX,MIA,,,
776242,2025-09-20,R,669394,6,Bot,49,strikeout,TEX,MIA,,,
776242,2025-09-20,R,696030,5,Bot,43,field_out,TEX,MIA,,,
776242,2025-09-20,R,683227,5,Bot,42,field_out,TEX,MIA,,,
776242,2025-09-20,R,592626,5,Bot,41,field_out,TEX,MIA,,,
776242,2025-09-20,R,680737,4,Bot,37,strikeout,TEX,MIA,673962,,
776242,2025-09-20,R,677649,4,Bot,36,field_out,TEX,MIA,673962,,
776242,2025-09-20,R,673962,4,Bot,35,single,TEX,MIA,,,
776242,2025-09-20,R,669701,4,Bot,34,field_out,TEX,MIA,,,
776242,2025-09-20,R,543309,3,Bot,29,strikeout,TEX,MIA,,642133,696030
776242,2025-09-20,R,642133,3,Bot,28,single,TEX,MIA,696030,,592626
776242,2025-09-20,R,696030,3,Bot,27,single,TEX,MIA,592626,677649,
776242,2025-09-20,R,683227,3,Bot,26,field_out,TEX,MIA,592626,677649,
776242,2025-09-20,R,592626,3,Bot,25,walk,TEX,MIA,,677649,
776242,2025-09-20,R,680737,3,Bot,24,field_out,TEX,MIA,677649,,
776242,2025-09-20,R,677649,3,Bot,23,single,TEX,MIA,,,
776242,2025-09-20,R,673962,2,Bot,16,field_out,TEX,MIA,,,
776242,2025-09-20,R,669701,2,Bot,15,field_out,TEX,MIA,,,
776242,2025-09-20,R,543309,2,Bot,14,field_out,TEX,MIA,,,
776242,2025-09-20,R,642133,1,Bot,8,field_out,TEX,MIA,,,592626
776242,2025-09-20,R,696030,1,Bot,7,grounded_into_double_play,TEX,MIA,683227,592626,
776242,2025-09-20,R,683227,1,Bot,6,walk,TEX,MIA,592626,,
776242,2025-09-20,R,592626,1,Bot,5,single,TEX,MIA,,,
776251,2025-09-19,R,666969,12,Bot,93,field_out,TEX,MIA,592626,,
776251,2025-09-19,R,592626,12,Bot,92,walk,TEX,MIA,,,
776251,2025-09-19,R,669394,12,Bot,91,sac_fly,TEX,MIA,,,677649
776251,2025-09-19,R,664238,12,Bot,90,field_out,TEX,MIA,,677649,
776251,2025-09-19,R,677649,11,Bot,83,strikeout,TEX,MIA,683227,,
776251,2025-09-19,R,680737,11,Bot,82,field_out,TEX,MIA,683227,,
776251,2025-09-19,R,683227,11,Bot,81,fielders_choice_out,TEX,MIA,,673962,
776251,2025-09-19,R,673962,10,Bot,77,field_out,TEX,MIA,,,
776251,2025-09-19,R,642133,10,Bot,76,home_run,TEX,MIA,,669394,
776251,2025-09-19,R,666969,10,Bot,75,field_out,TEX,MIA,,669394,
776251,2025-09-19,R,592626,10,Bot,74,field_out,TEX,MIA,,669394,
776251,2025-09-19,R,669394,9,Bot,67,field_out,TEX,MIA,,,
776251,2025-09-19,R,664238,9,Bot,66,field_out,TEX,MIA,,,
776251,2025-09-19,R,677649,9,Bot,65,strikeout,TEX,MIA,,,
776251,2025-09-19,R,680737,8,Bot,61,field_out,TEX,MIA,,,
776251,2025-09-19,R,683227,8,Bot,60,field_out,TEX,MIA,,,
776251,2025-09-19,R,673962,8,Bot,59,field_out,TEX,MIA,,,
776251,2025-09-19,R,641680,7,Bot,54,grounded_into_double_play,TEX,MIA,592626,,
776251,2025-09-19,R,666969,7,Bot,53,field_out,TEX,MIA,592626,,
776251,2025-09-19,R,592626,7,Bot,52,hit_by_pitch,TEX,MIA,,,
776251,2025-09-19,R,669394,6,Bot,46,field_out,TEX,MIA,696030,,
776251,2025-09-19,R,696030,6,Bot,45,single,TEX,MIA,,,
776251,2025-09-19,R,669701,6,Bot,44,field_out,TEX,MIA,,,
776251,2025-09-19,R,680737,6,Bot,43,field_out,TEX,MIA,,,
776251,2025-09-19,R,683227,5,Bot,37,field_out,TEX,MIA,,,
776251,2025-09-19,R,673962,5,Bot,36,strikeout,TEX,MIA,,,
776251,2025-09-19,R,641680,5,Bot,35,field_out,TEX,MIA,,,
776251,2025-09-19,R,666969,4,Bot,29,strikeout,TEX,MIA,,,
776251,2025-09-19,R,592626,4,Bot,28,field_out,TEX,MIA,,,
776251,2025-09-19,R,669394,4,Bot,27,field_out,TEX,MIA,,,
776251,2025-09-19,R,696030,3,Bot,22,field_out,TEX,MIA,,,
776251,2025-09-19,R,669701,3,Bot,21,strikeout,TEX,MIA,,,
776251,2025-09-19,R,680737,3,Bot,20,strikeout,TEX,MIA,,,
776251,2025-09-19,R,683227,2,Bot,14,field_out,TEX,MIA,673962,,
776251,2025-09-19,R,673962,2,Bot,13,single,TEX,MIA,,,592626
776251,2025-09-19,R,641680,2,Bot,12,field_out,TEX,MIA,,,592626
776251,2025-09-19,R,666969,2,Bot,11,field_out,TEX,MIA,,592626,
776251,2025-09-19,R,592626,2,Bot,10,double,TEX,MIA,,,
776251,2025-09-19,R,669394,1,Bot,6,field_out,TEX,MIA,,,
776251,2025-09-19,R,696030,1,Bot,5,strikeout,TEX,MIA,,,
776251,2025-09-19,R,669701,1,Bot,4,field_out,TEX,MIA,,,
776292,2025-09-17,R,673962,9,Top,67,field_out,HOU,TEX,,,
776292,2025-09-17,R,680737,9,Top,66,field_out,HOU,TEX,,,
776292,2025-09-17,R,666969,9,Top,65,field_out,HOU,TEX,,,
776292,2025-09-17,R,664238,8,Top,61,field_out,HOU,TEX,543309,,683227
776292,2025-09-17,R,543309,8,Top,60,walk,HOU,TEX,,,683227
776292,2025-09-17,R,694671,8,Top,59,grounded_into_double_play,HOU,TEX,677649,683227,
776292,2025-09-17,R,677649,8,Top,58,single,HOU,TEX,683227,,
776292,2025-09-17,R,683227,8,Top,57,walk,HOU,TEX,,,
776292,2025-09-17,R,641680,7,Top,52,field_out,HOU,TEX,,,
776292,2025-09-17,R,673962,7,Top,51,field_out,HOU,TEX,,,
776292,2025-09-17,R,696030,7,Top,50,strikeout,HOU,TEX,,,
776292,2025-09-17,R,666969,6,Top,46,field_out,HOU,TEX,642133,,
776292,2025-09-17,R,642133,6,Top,45,single,HOU,TEX,,,
776292,2025-09-17,R,592626,6,Top,44,field_out,HOU,TEX,,,
776292,2025-09-17,R,694671,6,Top,43,field_out,HOU,TEX,,,
776292,2025-09-17,R,669701,5,Top,38,field_out,HOU,TEX,,,
776292,2025-09-17,R,683227,5,Top,37,strikeout,HOU,TEX,,,
776292,2025-09-17,R,641680,5,Top,36,field_out,HOU,TEX,,,
776292,2025-09-17,R,673962,4,Top,32,strikeout,HOU,TEX,,,
776292,2025-09-17,R,696030,4,Top,31,field_out,HOU,TEX,,,
776292,2025-09-17,R,666969,4,Top,30,field_out,HOU,TEX,,,
776292,2025-09-17,R,642133,3,Top,24,field_out,HOU,TEX,,592626,
776292,2025-09-17,R,592626,3,Top,23,single,HOU,TEX,,,
776292,2025-09-17,R,694671,3,Top,22,field_out,HOU,TEX,,,
776292,2025-09-17,R,669701,3,Top,21,field_out,HOU,TEX,,,
776292,2025-09-17,R,669701,2,Top,17,truncated_pa,HOU,TEX,683227,,
776292,2025-09-17,R,683227,2,Top,16,single,HOU,TEX,,,673962
776292,2025-09-17,R,641680,2,Top,15,field_out,HOU,TEX,,673962,
776292,2025-09-17,R,673962,2,Top,14,double,HOU,TEX,,696030,
776292,2025-09-17,R,696030,2,Top,13,single,HOU,TEX,,,
776292,2025-09-17,R,666969,2,Top,12,strikeout,HOU,TEX,,,
776292,2025-09-17,R,642133,1,Top,4,strikeout,HOU,TEX,,,694671
776292,2025-09-17,R,592626,1,Top,3,field_out,HOU,TEX,,694671,
776292,2025-09-17,R,694671,1,Top,2,walk,HOU,TEX,,,
776292,2025-09-17,R,669701,1,Top,1,field_out,HOU,TEX,,,
776301,2025-09-16,R,543309,9,Top,79,strikeout,HOU,TEX,641680,669701,
776301,2025-09-16,R,641680,9,Top,78,single,HOU,TEX,669701,,
776301,2025-09-16,R,642133,9,Top,77,field_out,HOU,TEX,669701,,
776301,2025-09-16,R,694671,9,Top,76,strikeout,HOU,TEX,669701,,
776301,2025-09-16,R,669701,9,Top,75,single,HOU,TEX,,,
776301,2025-09-16,R,683227,8,Top,71,field_out,HOU,TEX,,677649,696030
776301,2025-09-16,R,666969,8,Top,70,single,HOU,TEX,696030,673962,
776301,2025-09-16,R,696030,8,Top,69,walk,HOU,TEX,,673962,
776301,2025-09-16,R,673962,8,Top,68,double,HOU,TEX,543309,,
776301,2025-09-16,R,543309,8,Top,67,single,HOU,TEX,,,
776301,2025-09-16,R,641680,8,Top,66,home_run,HOU,TEX,642133,,
776301,2025-09-16,R,642133,8,Top,65,walk,HOU,TEX,,,
776301,2025-09-16,R,694671,8,Top,64,field_out,HOU,TEX,,,
776301,2025-09-16,R,669701,8,Top,63,field_out,HOU,TEX,,,
776301,2025-09-16,R,683227,7,Top,58,field_out,HOU,TEX,,,
776301,2025-09-16,R,680737,7,Top,57,strikeout,HOU,TEX,,,
776301,2025-09-16,R,696030,7,Top,56,field_out,HOU,TEX,,,
776301,2025-09-16,R,673962,6,Top,50,grounded_into_double_play,HOU,TEX,664238,,
776301,2025-09-16,R,543309,6,Top,49,field_out,HOU,TEX,664238,,
776301,2025-09-16,R,664238,6,Top,48,walk,HOU,TEX,,,
776301,2025-09-16,R,669394,5,Top,43,field_out,HOU,TEX,,694671,
776301,2025-09-16,R,694671,5,Top,42,walk,HOU,TEX,,,
776301,2025-09-16,R,669701,5,Top,41,field_out,HOU,TEX,,,
776301,2025-09-16,R,683227,5,Top,40,home_run,HOU,TEX,,,
776301,2025-09-16,R,680737,5,Top,39,strikeout,HOU,TEX,,,
776301,2025-09-16,R,696030,4,Top,30,force_out,HOU,TEX,592626,,
776301,2025-09-16,R,673962,4,Top,29,field_out,HOU,TEX,592626,,
776301,2025-09-16,R,543309,4,Top,28,field_out,HOU,TEX,592626,,
776301,2025-09-16,R,592626,4,Top,27,single,HOU,TEX,,,
776301,2025-09-16,R,669394,3,Top,21,strikeout,HOU,TEX,,,683227
776301,2025-09-16,R,694671,3,Top,20,field_out,HOU,TEX,,683227,
776301,2025-09-16,R,669701,3,Top,19,strikeout,HOU,TEX,683227,,
776301,2025-09-16,R,683227,3,Top,18,walk,HOU,TEX,,,
776301,2025-09-16,R,680737,2,Top,13,field_out,HOU,TEX,,696030,543309
776301,2025-09-16,R,696030,2,Top,12,double,HOU,TEX,543309,,
776301,2025-09-16,R,673962,2,Top,11,strikeout,HOU,TEX,543309,,
776301,2025-09-16,R,543309,2,Top,10,single,HOU,TEX,,,
776301,2025-09-16,R,592626,2,Top,9,strikeout,HOU,TEX,,,
776301,2025-09-16,R,669394,1,Top,3,strikeout,HOU,TEX,,,
776301,2025-09-16,R,694671,1,Top,2,strikeout,HOU,TEX,,,
776301,2025-09-16,R,669701,1,Top,1,strikeout,HOU,TEX,,,
776319,2025-09-15,R,683227,9,Top,70,force_out,HOU,TEX,677649,641680,
776319,2025-09-15,R,677649,9,Top,69,single,HOU,TEX,641680,,
776319,2025-09-15,R,641680,9,Top,68,walk,HOU,TEX,,,
776319,2025-09-15,R,673962,9,Top,67,grounded_into_double_play,HOU,TEX,680737,,
776319,2025-09-15,R,680737,9,Top,66,single,HOU,TEX,,,
776319,2025-09-15,R,666969,8,Top,62,field_out,HOU,TEX,,,
776319,2025-09-15,R,669394,8,Top,61,field_out,HOU,TEX,,,
776319,2025-09-15,R,543309,8,Top,60,field_out,HOU,TEX,,,
776319,2025-09-15,R,694671,7,Top,53,single,HOU,TEX,677649,641680,
776319,2025-09-15,R,683227,7,Top,52,field_out,HOU,TEX,677649,641680,
776319,2025-09-15,R,642133,7,Top,51,single,HOU,TEX,641680,,
776319,2025-09-15,R,641680,7,Top,50,single,HOU,TEX,,,
776319,2025-09-15,R,673962,7,Top,49,field_out,HOU,TEX,,,
776319,2025-09-15,R,680737,6,Top,45,strikeout,HOU,TEX,,,
776319,2025-09-15,R,666969,6,Top,44,field_out,HOU,TEX,,,
776319,2025-09-15,R,669394,6,Top,43,strikeout,HOU,TEX,,,
776319,2025-09-15,R,592626,5,Top,37,strikeout,HOU,TEX,694671,669701,
776319,2025-09-15,R,694671,5,Top,36,walk,HOU,TEX,669701,,
776319,2025-09-15,R,669701,5,Top,35,single,HOU,TEX,,664238,
776319,2025-09-15,R,664238,5,Top,34,single,HOU,TEX,,,
776319,2025-09-15,R,641680,5,Top,33,field_out,HOU,TEX,,,
776319,2025-09-15,R,673962,5,Top,32,home_run,HOU,TEX,696030,,
776319,2025-09-15,R,696030,5,Top,31,force_out,HOU,TEX,666969,,
776319,2025-09-15,R,666969,5,Top,30,field_error,HOU,TEX,,,
776319,2025-09-15,R,669394,4,Top,26,strikeout,HOU,TEX,694671,,
776319,2025-09-15,R,592626,4,Top,25,field_out,HOU,TEX,694671,,
776319,2025-09-15,R,694671,4,Top,24,single,HOU,TEX,,,
776319,2025-09-15,R,669701,4,Top,23,strikeout,HOU,TEX,,,
776319,2025-09-15,R,664238,3,Top,19,field_out,HOU,TEX,,,
776319,2025-09-15,R,641680,3,Top,18,grounded_into_double_play,HOU,TEX,673962,,
776319,2025-09-15,R,673962,3,Top,17,single,HOU,TEX,,,
776319,2025-09-15,R,696030,2,Top,13,field_out,HOU,TEX,,,
776319,2025-09-15,R,666969,2,Top,12,strikeout,HOU,TEX,,,
776319,2025-09-15,R,669394,2,Top,11,strikeout,HOU,TEX,,,
776319,2025-09-15,R,592626,1,Top,3,field_out,HOU,TEX,,,
776319,2025-09-15,R,694671,1,Top,2,strikeout,HOU,TEX,,,
776319,2025-09-15,R,669701,1,Top,1,field_out,HOU,TEX,,,
776335,2025-09-14,R,642133,10,Top,78,field_out,NYM,TEX,592626,,669701
776335,2025-09-14,R,666969,10,Top,77,strikeout,NYM,TEX,592626,,669701
776335,2025-09-14,R,592626,10,Top,76,walk,NYM,TEX,,,669701
776335,2025-09-14,R,694671,10,Top,75,field_out,NYM,TEX,,669701,
776335,2025-09-14,R,669701,9,Top,70,double_play,NYM,TEX,,,677649
776335,2025-09-14,R,683227,9,Top,69,sac_bunt,NYM,TEX,,677649,
776335,2025-09-14,R,543309,9,Top,68,single,NYM,TEX,,,
776335,2025-09-14,R,680737,8,Top,64,field_out,NYM,TEX,,,
776335,2025-09-14,R,673962,8,Top,63,field_out,NYM,TEX,,,
776335,2025-09-14,R,642133,8,Top,62,field_out,NYM,TEX,,,
776335,2025-09-14,R,666969,7,Top,56,field_out,NYM,TEX,592626,,694671
776335,2025-09-14,R,592626,7,Top,55,single,NYM,TEX,694671,669701,680737
776335,2025-09-14,R,694671,7,Top,54,walk,NYM,TEX,669701,680737,
776335,2025-09-14,R,669701,7,Top,53,hit_by_pitch,NYM,TEX,680737,,
776335,2025-09-14,R,683227,7,Top,52,field_out,NYM,TEX,680737,,
776335,2025-09-14,R,543309,7,Top,51,field_out,NYM,TEX,680737,,
776335,2025-09-14,R,680737,7,Top,50,single,NYM,TEX,,,
776335,2025-09-14,R,673962,6,Top,45,grounded_into_double_play,NYM,TEX,642133,,666969
776335,2025-09-14,R,642133,6,Top,44,single,NYM,TEX,666969,,
776335,2025-09-14,R,666969,6,Top,43,hit_by_pitch,NYM,TEX,,,
776335,2025-09-14,R,592626,6,Top,42,field_out,NYM,TEX,,,
776335,2025-09-14,R,694671,5,Top,37,strikeout,NYM,TEX,669701,683227,
776335,2025-09-14,R,669701,5,Top,36,walk,NYM,TEX,,683227,
776335,2025-09-14,R,683227,5,Top,35,double,NYM,TEX,,,
776335,2025-09-14,R,543309,5,Top,34,strikeout,NYM,TEX,,,
776335,2025-09-14,R,696030,5,Top,33,strikeout,NYM,TEX,,,
776335,2025-09-14,R,673962,4,Top,29,strikeout,NYM,TEX,642133,,
776335,2025-09-14,R,642133,4,Top,28,single,NYM,TEX,,,
776335,2025-09-14,R,666969,4,Top,27,grounded_into_double_play,NYM,TEX,592626,,
776335,2025-09-14,R,592626,4,Top,26,single,NYM,TEX,,,
776335,2025-09-14,R,694671,3,Top,22,field_out,NYM,TEX,,,
776335,2025-09-14,R,669701,3,Top,21,field_out,NYM,TEX,,,
776335,2025-09-14,R,683227,3,Top,20,field_out,NYM,TEX,,,
776335,2025-09-14,R,543309,2,Top,13,field_out,NYM,TEX,696030,,
776335,2025-09-14,R,696030,2,Top,12,single,NYM,TEX,,,
776335,2025-09-14,R,673962,2,Top,11,field_out,NYM,TEX,,,
776335,2025-09-14,R,642133,2,Top,10,strikeout,NYM,TEX,,,
776335,2025-09-14,R,666969,1,Top,4,field_out,NYM,TEX,592626,,
776335,2025-09-14,R,592626,1,Top,3,walk,NYM,TEX,,,
776335,2025-09-14,R,694671,1,Top,2,strikeout,NYM,TEX,,,
776335,2025-09-14,R,669701,1,Top,1,strikeout,NYM,TEX,,,
776349,2025-09-13,R,592626,9,Top,75,field_out,NYM,TEX,,694671,
776349,2025-09-13,R,694671,9,Top,74,single,NYM,TEX,,687957,
776349,2025-09-13,R,669701,9,Top,73,strikeout,NYM,TEX,,687957,
776349,2025-09-13,R,680737,9,Top,72,sac_bunt,NYM,TEX,687957,,
776349,2025-09-13,R,683227,9,Top,71,single,NYM,TEX,,,
776349,2025-09-13,R,641680,8,Top,65,field_out,NYM,TEX,,677649,673962
776349,2025-09-13,R,642133,8,Top,64,double,NYM,TEX,673962,,694671
776349,2025-09-13,R,673962,8,Top,63,walk,NYM,TEX,,,694671
776349,2025-09-13,R,669394,8,Top,62,strikeout,NYM,TEX,,694671,
776349,2025-09-13,R,592626,8,Top,61,sac_fly,NYM,TEX,,694671,669701
776349,2025-09-13,R,694671,8,Top,60,double,NYM,TEX,669701,,
776349,2025-09-13,R,669701,8,Top,59,catcher_interf,NYM,TEX,,,
776349,2025-09-13,R,680737,7,Top,54,field_out,NYM,TEX,,683227,
776349,2025-09-13,R,683227,7,Top,53,double,NYM,TEX,,,
776349,2025-09-13,R,641680,7,Top,52,field_out,NYM,TEX,,,
776349,2025-09-13,R,664238,7,Top,51,strikeout,NYM,TEX,,,
776349,2025-09-13,R,673962,6,Top,46,force_out,NYM,TEX,669394,669701,
776349,2025-09-13,R,669394,6,Top,45,single,NYM,TEX,669701,,
776349,2025-09-13,R,592626,6,Top,44,field_out,NYM,TEX,669701,,
776349,2025-09-13,R,694671,6,Top,43,field_out,NYM,TEX,669701,,
776349,2025-09-13,R,669701,6,Top,42,single,NYM,TEX,,,
776349,2025-09-13,R,680737,5,Top,36,field_out,NYM,TEX,,,641680
776349,2025-09-13,R,683227,5,Top,35,field_out,NYM,TEX,,641680,
776349,2025-09-13,R,641680,5,Top,34,double,NYM,TEX,,,
776349,2025-09-13,R,696030,5,Top,33,field_out,NYM,TEX,,,
776349,2025-09-13,R,673962,4,Top,28,field_out,NYM,TEX,,,
776349,2025-09-13,R,669394,4,Top,27,strikeout,NYM,TEX,,,
776349,2025-09-13,R,592626,4,Top,26,strikeout,NYM,TEX,,,
776349,2025-09-13,R,694671,3,Top,21,grounded_into_double_play,NYM,TEX,669701,680737,
776349,2025-09-13,R,669701,3,Top,20,single,NYM,TEX,680737,,
776349,2025-09-13,R,680737,3,Top,19,single,NYM,TEX,,,
776349,2025-09-13,R,683227,3,Top,18,field_out,NYM,TEX,,,
776349,2025-09-13,R,641680,2,Top,13,field_out,NYM,TEX,696030,,
776349,2025-09-13,R,696030,2,Top,12,single,NYM,TEX,,,
776349,2025-09-13,R,673962,2,Top,11,strikeout,NYM,TEX,,,
776349,2025-09-13,R,669394,2,Top,10,field_out,NYM,TEX,,,
776349,2025-09-13,R,592626,1,Top,3,field_out,NYM,TEX,,,
776349,2025-09-13,R,694671,1,Top,2,field_out,NYM,TEX,,,
776349,2025-09-13,R,669701,1,Top,1,field_out,NYM,TEX,,,
776359,2025-09-12,R,641680,9,Top,72,field_out,NYM,TEX,,,
776359,2025-09-12,R,696030,9,Top,71,double_play,NYM,TEX,,673962,
776359,2025-09-12,R,673962,9,Top,70,double,NYM,TEX,,,
776359,2025-09-12,R,669394,8,Top,65,force_out,NYM,TEX,694671,669701,680737
776359,2025-09-12,R,642133,8,Top,64,field_out,NYM,TEX,694671,669701,680737
776359,2025-09-12,R,694671,8,Top,63,hit_by_pitch,NYM,TEX,669701,,680737
776359,2025-09-12,R,669701,8,Top,62,single,NYM,TEX,680737,,
776359,2025-09-12,R,680737,8,Top,61,single,NYM,TEX,,,
776359,2025-09-12,R,683227,8,Top,60,field_out,NYM,TEX,,,
776359,2025-09-12,R,641680,7,Top,56,strikeout,NYM,TEX,,,669394
776359,2025-09-12,R,696030,7,Top,55,field_out,NYM,TEX,,669394,
776359,2025-09-12,R,673962,7,Top,54,field_out,NYM,TEX,669394,,
776359,2025-09-12,R,669394,7,Top,53,single,NYM,TEX,,,
776359,2025-09-12,R,664238,7,Top,52,home_run,NYM,TEX,694671,,
776359,2025-09-12,R,694671,7,Top,51,walk,NYM,TEX,,,
776359,2025-09-12,R,669701,6,Top,47,field_out,NYM,TEX,,,
776359,2025-09-12,R,680737,6,Top,46,field_out,NYM,TEX,,,
776359,2025-09-12,R,683227,6,Top,45,field_out,NYM,TEX,,,
776359,2025-09-12,R,641680,5,Top,41,field_out,NYM,TEX,,,
776359,2025-09-12,R,696030,5,Top,40,field_out,NYM,TEX,,,
776359,2025-09-12,R,673962,5,Top,39,strikeout,NYM,TEX,,,
776359,2025-09-12,R,669394,4,Top,35,force_out,NYM,TEX,592626,669701,
776359,2025-09-12,R,592626,4,Top,34,walk,NYM,TEX,,669701,
776359,2025-09-12,R,694671,4,Top,33,field_out,NYM,TEX,,669701,
776359,2025-09-12,R,669701,4,Top,32,double,NYM,TEX,,,
776359,2025-09-12,R,680737,4,Top,31,field_out,NYM,TEX,,,
776359,2025-09-12,R,683227,3,Top,24,field_out,NYM,TEX,,,
776359,2025-09-12,R,641680,3,Top,23,field_out,NYM,TEX,,,
776359,2025-09-12,R,696030,3,Top,22,field_out,NYM,TEX,,,
776359,2025-09-12,R,673962,2,Top,17,field_out,NYM,TEX,,669394,
776359,2025-09-12,R,669394,2,Top,16,single,NYM,TEX,,,
776359,2025-09-12,R,592626,2,Top,15,field_out,NYM,TEX,,,
776359,2025-09-12,R,694671,2,Top,14,field_out,NYM,TEX,,,
776359,2025-09-12,R,669701,1,Top,10,field_out,NYM,TEX,,680737,
776359,2025-09-12,R,680737,1,Top,9,double,NYM,TEX,683227,,641680
776359,2025-09-12,R,683227,1,Top,8,single,NYM,TEX,641680,696030,673962
776359,2025-09-12,R,641680,1,Top,7,walk,NYM,TEX,696030,673962,
776359,2025-09-12,R,696030,1,Top,6,single,NYM,TEX,673962,,592626
776359,2025-09-12,R,673962,1,Top,5,single,NYM,TEX,592626,,669701
776359,2025-09-12,R,669394,1,Top,4,field_out,NYM,TEX,592626,669701,
776359,2025-09-12,R,592626,1,Top,3,walk,NYM,TEX,669701,,
776359,2025-09-12,R,694671,1,Top,2,strikeout,NYM,TEX,669701,,
776359,2025-09-12,R,669701,1,Top,1,walk,NYM,TEX,,,
776375,2025-09-10,R,680737,8,Bot,70,field_out,TEX,MIL,,696030,543309
776375,2025-09-10,R,642133,8,Bot,69,field_out,TEX,MIL,696030,543309,669394
776375,2025-09-10,R,696030,8,Bot,68,walk,TEX,MIL,543309,669394,
776375,2025-09-10,R,543309,8,Bot,67,fielders_choice,TEX,MIL,669394,,
776375,2025-09-10,R,673962,8,Bot,66,field_out,TEX,MIL,669394,,
776375,2025-09-10,R,669394,8,Bot,65,walk,TEX,MIL,,,
776375,2025-09-10,R,641680,7,Bot,61,field_out,TEX,MIL,694671,,
776375,2025-09-10,R,694671,7,Bot,60,walk,TEX,MIL,,,
776375,2025-09-10,R,669701,7,Bot,59,strikeout,TEX,MIL,,,
776375,2025-09-10,R,680737,7,Bot,58,field_out,TEX,MIL,,,
776375,2025-09-10,R,683227,6,Bot,54,field_out,TEX,MIL,,,
776375,2025-09-10,R,696030,6,Bot,53,field_out,TEX,MIL,,,
776375,2025-09-10,R,543309,6,Bot,52,field_out,TEX,MIL,,,
776375,2025-09-10,R,673962,5,Bot,45,strikeout,TEX,MIL,,,
776375,2025-09-10,R,669394,5,Bot,44,home_run,TEX,MIL,,669701,
776375,2025-09-10,R,592626,5,Bot,43,field_out,TEX,MIL,,669701,
776375,2025-09-10,R,694671,5,Bot,42,strikeout,TEX,MIL,669701,,
776375,2025-09-10,R,669701,5,Bot,41,single,TEX,MIL,,,
776375,2025-09-10,R,680737,4,Bot,36,strikeout,TEX,MIL,683227,696030,
776375,2025-09-10,R,683227,4,Bot,35,single,TEX,MIL,696030,,
776375,2025-09-10,R,696030,4,Bot,34,single,TEX,MIL,,,
776375,2025-09-10,R,543309,4,Bot,33,strikeout,TEX,MIL,,,
776375,2025-09-10,R,673962,4,Bot,32,field_out,TEX,MIL,,,
776375,2025-09-10,R,669394,3,Bot,25,field_out,TEX,MIL,,592626,
776375,2025-09-10,R,592626,3,Bot,24,force_out,TEX,MIL,694671,669701,680737
776375,2025-09-10,R,694671,3,Bot,23,walk,TEX,MIL,669701,680737,
776375,2025-09-10,R,669701,3,Bot,22,walk,TEX,MIL,680737,,
776375,2025-09-10,R,680737,3,Bot,21,single,TEX,MIL,,,
776375,2025-09-10,R,683227,3,Bot,20,strikeout,TEX,MIL,,,
776375,2025-09-10,R,696030,2,Bot,15,field_out,TEX,MIL,,,
776375,2025-09-10,R,543309,2,Bot,14,strikeout,TEX,MIL,,,
776375,2025-09-10,R,673962,2,Bot,13,strikeout,TEX,MIL,,,
776375,2025-09-10,R,669394,2,Bot,12,home_run,TEX,MIL,,,
776375,2025-09-10,R,592626,1,Bot,8,strikeout,TEX,MIL,,,
776375,2025-09-10,R,694671,1,Bot,7,strikeout,TEX,MIL,,,
776375,2025-09-10,R,669701,1,Bot,6,field_out,TEX,MIL,,,
776395,2025-09-09,R,683227,8,Bot,68,strikeout,TEX,MIL,,,
776395,2025-09-09,R,696030,8,Bot,67,field_out,TEX,MIL,,,
776395,2025-09-09,R,673962,8,Bot,66,strikeout,TEX,MIL,,,
776395,2025-09-09,R,669394,7,Bot,62,strikeout,TEX,MIL,543309,,
776395,2025-09-09,R,543309,7,Bot,61,walk,TEX,MIL,,,
776395,2025-09-09,R,694671,7,Bot,60,field_out,TEX,MIL,,,
776395,2025-09-09,R,669701,7,Bot,59,field_out,TEX,MIL,,,
776395,2025-09-09,R,680737,6,Bot,54,strikeout,TEX,MIL,641680,,
776395,2025-09-09,R,641680,6,Bot,53,single,TEX,MIL,,,
776395,2025-09-09,R,683227,6,Bot,52,field_out,TEX,MIL,,,
776395,2025-09-09,R,696030,6,Bot,51,field_out,TEX,MIL,,,
776395,2025-09-09,R,673962,5,Bot,46,strikeout,TEX,MIL,,,543309
776395,2025-09-09,R,669394,5,Bot,45,field_out,TEX,MIL,,543309,
776395,2025-09-09,R,543309,5,Bot,44,double,TEX,MIL,,,694671
776395,2025-09-09,R,694671,5,Bot,43,triple,TEX,MIL,669701,,
776395,2025-09-09,R,669701,5,Bot,42,single,TEX,MIL,,,
776395,2025-09-09,R,680737,5,Bot,41,home_run,TEX,MIL,641680,,
776395,2025-09-09,R,641680,5,Bot,40,walk,TEX,MIL,,,
776395,2025-09-09,R,683227,5,Bot,39,strikeout,TEX,MIL,,,
776395,2025-09-09,R,696030,4,Bot,31,field_out,TEX,MIL,,,
776395,2025-09-09,R,673962,4,Bot,30,strikeout,TEX,MIL,,,
776395,2025-09-09,R,669394,4,Bot,29,field_out,TEX,MIL,,,
776395,2025-09-09,R,592626,3,Bot,24,field_out,TEX,MIL,680737,,
776395,2025-09-09,R,694671,3,Bot,23,strikeout,TEX,MIL,680737,,
776395,2025-09-09,R,669701,3,Bot,22,field_out,TEX,MIL,680737,,
776395,2025-09-09,R,680737,3,Bot,21,walk,TEX,MIL,,,
776395,2025-09-09,R,641680,2,Bot,17,field_out,TEX,MIL,,683227,
776395,2025-09-09,R,683227,2,Bot,16,single,TEX,MIL,696030,673962,
776395,2025-09-09,R,696030,2,Bot,15,single,TEX,MIL,673962,,
776395,2025-09-09,R,673962,2,Bot,14,walk,TEX,MIL,,,
776395,2025-09-09,R,669394,2,Bot,13,field_out,TEX,MIL,,,
776395,2025-09-09,R,592626,1,Bot,8,strikeout,TEX,MIL,,,
776395,2025-09-09,R,694671,1,Bot,7,strikeout,TEX,MIL,,,
776395,2025-09-09,R,669701,1,Bot,6,strikeout,TEX,MIL,,,
776406,2025-09-08,R,592626,8,Bot,62,strikeout,TEX,MIL,669394,,673962
776406,2025-09-08,R,664238,8,Bot,61,field_out,TEX,MIL,669394,,673962
776406,2025-09-08,R,669394,8,Bot,60,single,TEX,MIL,,673962,
776406,2025-09-08,R,673962,8,Bot,59,double,TEX,MIL,,,
776406,2025-09-08,R,696030,8,Bot,58,field_out,TEX,MIL,,,
776406,2025-09-08,R,694671,7,Bot,52,force_out,TEX,MIL,669701,680737,
776406,2025-09-08,R,669701,7,Bot,51,walk,TEX,MIL,,680737,
776406,2025-09-08,R,680737,7,Bot,50,double,TEX,MIL,641680,,
776406,2025-09-08,R,641680,7,Bot,49,single,TEX,MIL,,,
776406,2025-09-08,R,543309,7,Bot,48,field_out,TEX,MIL,,,
776406,2025-09-08,R,664238,7,Bot,47,strikeout,TEX,MIL,,,
776406,2025-09-08,R,669394,6,Bot,43,field_out,TEX,MIL,,,
776406,2025-09-08,R,673962,6,Bot,42,field_out,TEX,MIL,,,
776406,2025-09-08,R,683227,6,Bot,41,field_out,TEX,MIL,,,
776406,2025-09-08,R,694671,5,Bot,35,field_out,TEX,MIL,,,
776406,2025-09-08,R,677649,5,Bot,34,strikeout,TEX,MIL,,,
776406,2025-09-08,R,680737,5,Bot,33,home_run,TEX,MIL,641680,543309,664238
776406,2025-09-08,R,641680,5,Bot,32,walk,TEX,MIL,,543309,664238
776406,2025-09-08,R,543309,5,Bot,31,double,TEX,MIL,664238,,
776406,2025-09-08,R,664238,5,Bot,30,force_out,TEX,MIL,669394,,
776406,2025-09-08,R,669394,5,Bot,29,walk,TEX,MIL,,,
776406,2025-09-08,R,673962,4,Bot,24,field_out,TEX,MIL,,,
776406,2025-09-08,R,683227,4,Bot,23,field_out,TEX,MIL,,,
776406,2025-09-08,R,694671,4,Bot,22,field_out,TEX,MIL,,,
776406,2025-09-08,R,677649,3,Bot,18,strikeout,TEX,MIL,,,
776406,2025-09-08,R,680737,3,Bot,17,field_out,TEX,MIL,,,
776406,2025-09-08,R,641680,3,Bot,16,field_out,TEX,MIL,,,
776406,2025-09-08,R,543309,2,Bot,12,field_out,TEX,MIL,,,
776406,2025-09-08,R,664238,2,Bot,11,strikeout,TEX,MIL,,,
776406,2025-09-08,R,669394,2,Bot,10,field_out,TEX,MIL,,,
776406,2025-09-08,R,673962,1,Bot,6,field_out,TEX,MIL,,,
776406,2025-09-08,R,683227,1,Bot,5,field_out,TEX,MIL,,,
776406,2025-09-08,R,694671,1,Bot,4,field_out,TEX,MIL,,,
776418,2025-09-07,R,673962,8,Bot,60,field_out,TEX,HOU,,669701,
776418,2025-09-07,R,683227,8,Bot,59,field_out,TEX,HOU,,669701,
776418,2025-09-07,R,694671,8,Bot,58,field_out,TEX,HOU,669701,,
776418,2025-09-07,R,669701,8,Bot,57,walk,TEX,HOU,,,
776418,2025-09-07,R,680737,7,Bot,52,strikeout,TEX,HOU,,,
776418,2025-09-07,R,641680,7,Bot,51,field_out,TEX,HOU,,,
776418,2025-09-07,R,664238,7,Bot,50,field_out,TEX,HOU,,,
776418,2025-09-07,R,543309,6,Bot,45,field_out,TEX,HOU,,,
776418,2025-09-07,R,669394,6,Bot,44,home_run,TEX,HOU,,673962,
776418,2025-09-07,R,673962,6,Bot,43,double,TEX,HOU,683227,,
776418,2025-09-07,R,683227,6,Bot,42,single,TEX,HOU,,,
776418,2025-09-07,R,694671,6,Bot,41,strikeout,TEX,HOU,,,
776418,2025-09-07,R,677649,6,Bot,40,strikeout,TEX,HOU,,,
776418,2025-09-07,R,680737,5,Bot,34,field_out,TEX,HOU,,,
776418,2025-09-07,R,641680,5,Bot,33,field_out,TEX,HOU,,,
776418,2025-09-07,R,664238,5,Bot,32,field_out,TEX,HOU,,,
776418,2025-09-07,R,543309,4,Bot,27,grounded_into_double_play,TEX,HOU,669394,,
776418,2025-09-07,R,669394,4,Bot,26,single,TEX,HOU,,,
776418,2025-09-07,R,673962,4,Bot,25,field_out,TEX,HOU,,,
776418,2025-09-07,R,683227,3,Bot,21,grounded_into_double_play,TEX,HOU,694671,,
776418,2025-09-07,R,694671,3,Bot,20,walk,TEX,HOU,,,
776418,2025-09-07,R,677649,3,Bot,19,field_out,TEX,HOU,,,
776418,2025-09-07,R,680737,2,Bot,15,field_out,TEX,HOU,641680,,
776418,2025-09-07,R,641680,2,Bot,14,strikeout,TEX,HOU,,664238,
776418,2025-09-07,R,664238,2,Bot,13,single,TEX,HOU,,,
776418,2025-09-07,R,543309,2,Bot,12,field_out,TEX,HOU,,,
776418,2025-09-07,R,669394,2,Bot,11,field_out,TEX,HOU,,,
776418,2025-09-07,R,673962,1,Bot,7,field_out,TEX,HOU,,,
776418,2025-09-07,R,683227,1,Bot,6,field_out,TEX,HOU,,,
776418,2025-09-07,R,694671,1,Bot,5,strikeout,TEX,HOU,,,
776432,2025-09-06,R,641680,9,Bot,84,strikeout,TEX,HOU,,,
776432,2025-09-06,R,696030,9,Bot,83,field_out,TEX,HOU,,,
776432,2025-09-06,R,673962,9,Bot,82,field_out,TEX,HOU,,,
776432,2025-09-06,R,687957,8,Bot,71,field_out,TEX,HOU,,,
776432,2025-09-06,R,669394,8,Bot,70,field_out,TEX,HOU,,,
776432,2025-09-06,R,592626,8,Bot,69,field_out,TEX,HOU,,,
776432,2025-09-06,R,694671,7,Bot,60,strikeout,TEX,HOU,669701,,
776432,2025-09-06,R,669701,7,Bot,59,walk,TEX,HOU,,,
776432,2025-09-06,R,677649,7,Bot,58,strikeout,TEX,HOU,,,
776432,2025-09-06,R,641680,7,Bot,57,field_out,TEX,HOU,,,
776432,2025-09-06,R,696030,6,Bot,52,field_out,TEX,HOU,,,
776432,2025-09-06,R,673962,6,Bot,51,field_out,TEX,HOU,,,
776432,2025-09-06,R,687957,6,Bot,50,strikeout,TEX,HOU,,,
776432,2025-09-06,R,669394,5,Bot,43,grounded_into_double_play,TEX,HOU,694671,669701,
776432,2025-09-06,R,592626,5,Bot,42,strikeout,TEX,HOU,694671,669701,
776432,2025-09-06,R,694671,5,Bot,41,walk,TEX,HOU,669701,,
776432,2025-09-06,R,669701,5,Bot,40,single,TEX,HOU,,,
776432,2025-09-06,R,677649,4,Bot,35,field_out,TEX,HOU,,673962,
776432,2025-09-06,R,641680,4,Bot,34,field_out,TEX,HOU,,673962,
776432,2025-09-06,R,696030,4,Bot,33,strikeout,TEX,HOU,,673962,
776432,2025-09-06,R,673962,4,Bot,32,field_error,TEX,HOU,,,
776432,2025-09-06,R,687957,3,Bot,26,field_out,TEX,HOU,,592626,
776432,2025-09-06,R,669394,3,Bot,25,field_out,TEX,HOU,592626,,
776432,2025-09-06,R,592626,3,Bot,24,single,TEX,HOU,,,
776432,2025-09-06,R,694671,3,Bot,23,strikeout,TEX,HOU,,,
776432,2025-09-06,R,669701,2,Bot,16,field_out,TEX,HOU,641680,696030,673962
776432,2025-09-06,R,677649,2,Bot,15,strikeout,TEX,HOU,641680,696030,673962
776432,2025-09-06,R,641680,2,Bot,14,walk,TEX,HOU,696030,673962,
776432,2025-09-06,R,696030,2,Bot,13,single,TEX,HOU,673962,,
776432,2025-09-06,R,673962,2,Bot,12,single,TEX,HOU,,,
776432,2025-09-06,R,687957,2,Bot,11,strikeout,TEX,HOU,,,
776432,2025-09-06,R,669394,1,Bot,7,strikeout,TEX,HOU,,694671,
776432,2025-09-06,R,592626,1,Bot,6,field_out,TEX,HOU,694671,,
776432,2025-09-06,R,694671,1,Bot,5,walk,TEX,HOU,,,
776432,2025-09-06,R,669701,1,Bot,4,strikeout,TEX,HOU,,,
776449,2025-09-05,R,687957,12,Bot,95,double,TEX,HOU,694671,683227,
776449,2025-09-05,R,694671,12,Bot,94,walk,TEX,HOU,,683227,
776449,2025-09-05,R,683227,11,Bot,90,field_out,TEX,HOU,,642133,
776449,2025-09-05,R,696030,11,Bot,89,strikeout,TEX,HOU,,642133,
776449,2025-09-05,R,669701,11,Bot,88,field_out,TEX,HOU,,642133,
776449,2025-09-05,R,642133,10,Bot,84,strikeout,TEX,HOU,,543309,687957
776449,2025-09-05,R,677649,10,Bot,83,strikeout,TEX,HOU,,543309,687957
776449,2025-09-05,R,673962,10,Bot,82,field_out,TEX,HOU,543309,687957,
776449,2025-09-05,R,543309,10,Bot,81,walk,TEX,HOU,,687957,
776449,2025-09-05,R,669394,9,Bot,76,strikeout,TEX,HOU,,694671,
776449,2025-09-05,R,694671,9,Bot,75,double,TEX,HOU,,,
776449,2025-09-05,R,683227,9,Bot,74,field_out,TEX,HOU,,,
776449,2025-09-05,R,696030,9,Bot,73,field_out,TEX,HOU,,,
776449,2025-09-05,R,669701,8,Bot,68,strikeout,TEX,HOU,,677649,543309
776449,2025-09-05,R,641680,8,Bot,67,strikeout,TEX,HOU,677649,,543309
776449,2025-09-05,R,677649,8,Bot,66,single,TEX,HOU,543309,,
776449,2025-09-05,R,673962,8,Bot,65,strikeout,TEX,HOU,543309,,
776449,2025-09-05,R,543309,8,Bot,64,field_error,TEX,HOU,,,
776449,2025-09-05,R,669394,7,Bot,58,strikeout,TEX,HOU,696030,,
776449,2025-09-05,R,694671,7,Bot,57,field_out,TEX,HOU,696030,,
776449,2025-09-05,R,683227,7,Bot,56,field_out,TEX,HOU,696030,,
776449,2025-09-05,R,696030,7,Bot,55,walk,TEX,HOU,,,
776449,2025-09-05,R,669701,6,Bot,51,strikeout,TEX,HOU,592626,677649,
776449,2025-09-05,R,592626,6,Bot,50,walk,TEX,HOU,677649,,
776449,2025-09-05,R,677649,6,Bot,49,single,TEX,HOU,,,
776449,2025-09-05,R,673962,6,Bot,48,strikeout,TEX,HOU,,,
776449,2025-09-05,R,543309,6,Bot,47,field_out,TEX,HOU,,,
776449,2025-09-05,R,669394,5,Bot,42,field_out,TEX,HOU,,683227,
776449,2025-09-05,R,694671,5,Bot,41,field_out,TEX,HOU,683227,,
776449,2025-09-05,R,683227,5,Bot,40,single,TEX,HOU,,,
776449,2025-09-05,R,680737,5,Bot,39,field_out,TEX,HOU,,,
776449,2025-09-05,R,669701,4,Bot,35,field_out,TEX,HOU,,,
776449,2025-09-05,R,664238,4,Bot,34,field_out,TEX,HOU,,,
776449,2025-09-05,R,677649,4,Bot,33,field_out,TEX,HOU,,,
776449,2025-09-05,R,673962,3,Bot,27,field_out,TEX,HOU,,,
776449,2025-09-05,R,543309,3,Bot,26,field_out,TEX,HOU,,,
776449,2025-09-05,R,669394,3,Bot,25,home_run,TEX,HOU,694671,,
776449,2025-09-05,R,694671,3,Bot,24,walk,TEX,HOU,,,
776449,2025-09-05,R,683227,3,Bot,23,field_out,TEX,HOU,,,
776449,2025-09-05,R,680737,2,Bot,19,field_out,TEX,HOU,669701,677649,
776449,2025-09-05,R,669701,2,Bot,18,walk,TEX,HOU,,677649,
776449,2025-09-05,R,664238,2,Bot,17,sac_fly,TEX,HOU,677649,,673962
776449,2025-09-05,R,677649,2,Bot,16,single,TEX,HOU,673962,,
776449,2025-09-05,R,673962,2,Bot,15,single,TEX,HOU,,,
776449,2025-09-05,R,543309,2,Bot,14,field_out,TEX,HOU,,,
776449,2025-09-05,R,669394,1,Bot,7,strikeout,TEX,HOU,,694671,
776449,2025-09-05,R,694671,1,Bot,6,double,TEX,HOU,,,
776449,2025-09-05,R,683227,1,Bot,5,strikeout,TEX,HOU,,,
776449,2025-09-05,R,680737,1,Bot,4,field_out,TEX,HOU,,,
776468,2025-09-03,R,664238,9,Top,65,force_out,AZ,TEX,696030,,
776468,2025-09-03,R,677649,9,Top,64,field_out,AZ,TEX,696030,,
776468,2025-09-03,R,696030,9,Top,63,walk,AZ,TEX,,,
776468,2025-09-03,R,683227,9,Top,62,strikeout,AZ,TEX,,,
776468,2025-09-03,R,543309,8,Top,58,field_out,AZ,TEX,694671,,
776468,2025-09-03,R,669394,8,Top,57,field_out,AZ,TEX,694671,,
776468,2025-09-03,R,673962,8,Top,56,strikeout,AZ,TEX,694671,,
776468,2025-09-03,R,694671,8,Top,55,single,AZ,TEX,,,
776468,2025-09-03,R,669701,7,Top,51,field_out,AZ,TEX,,,677649
776468,2025-09-03,R,642133,7,Top,50,field_out,AZ,TEX,677649,,
776468,2025-09-03,R,677649,7,Top,49,fielders_choice_out,AZ,TEX,,696030,
776468,2025-09-03,R,696030,7,Top,48,walk,AZ,TEX,,,
776468,2025-09-03,R,683227,6,Top,43,force_out,AZ,TEX,669394,,
776468,2025-09-03,R,543309,6,Top,42,strikeout,AZ,TEX,669394,,
776468,2025-09-03,R,669394,6,Top,41,field_error,AZ,TEX,,,
776468,2025-09-03,R,592626,6,Top,40,field_out,AZ,TEX,,,
776468,2025-09-03,R,694671,5,Top,36,field_out,AZ,TEX,669701,680737,
776468,2025-09-03,R,669701,5,Top,35,walk,AZ,TEX,,680737,
776468,2025-09-03,R,680737,5,Top,34,force_out,AZ,TEX,696030,,
776468,2025-09-03,R,677649,5,Top,33,strikeout,AZ,TEX,696030,,
776468,2025-09-03,R,696030,5,Top,32,single,AZ,TEX,,,
776468,2025-09-03,R,683227,4,Top,28,field_out,AZ,TEX,,,
776468,2025-09-03,R,543309,4,Top,27,field_out,AZ,TEX,,,
776468,2025-09-03,R,669394,4,Top,26,strikeout,AZ,TEX,,,
776468,2025-09-03,R,592626,3,Top,22,field_out,AZ,TEX,,,
776468,2025-09-03,R,694671,3,Top,21,field_out,AZ,TEX,,,
776468,2025-09-03,R,669701,3,Top,20,field_out,AZ,TEX,,,
776468,2025-09-03,R,680737,2,Top,14,field_out,AZ,TEX,,677649,
776468,2025-09-03,R,677649,2,Top,13,double,AZ,TEX,,,
776468,2025-09-03,R,696030,2,Top,12,field_out,AZ,TEX,,,
776468,2025-09-03,R,683227,2,Top,11,field_out,AZ,TEX,,,
776468,2025-09-03,R,543309,1,Top,5,strikeout,AZ,TEX,669394,,669701
776468,2025-09-03,R,669394,1,Top,4,single,AZ,TEX,669701,,
776468,2025-09-03,R,592626,1,Top,3,strikeout,AZ,TEX,669701,,
776468,2025-09-03,R,694671,1,Top,2,field_out,AZ,TEX,669701,,
776468,2025-09-03,R,669701,1,Top,1,single,AZ,TEX,,,
776481,2025-09-02,R,669701,9,Top,71,field_out,AZ,TEX,,,
776481,2025-09-02,R,680737,9,Top,70,strikeout,AZ,TEX,,,
776481,2025-09-02,R,641680,9,Top,69,field_out,AZ,TEX,,,677649
776481,2025-09-02,R,677649,9,Top,68,double,AZ,TEX,,,
776481,2025-09-02,R,683227,8,Top,64,force_out,AZ,TEX,642133,,592626
776481,2025-09-02,R,673962,8,Top,63,strikeout,AZ,TEX,642133,,592626
776481,2025-09-02,R,642133,8,Top,62,single,AZ,TEX,592626,,
776481,2025-09-02,R,592626,8,Top,61,single,AZ,TEX,,,
776481,2025-09-02,R,694671,8,Top,60,field_out,AZ,TEX,,,
776481,2025-09-02,R,669701,7,Top,53,field_out,AZ,TEX,641680,677649,
776481,2025-09-02,R,680737,7,Top,52,field_out,AZ,TEX,641680,677649,
776481,2025-09-02,R,641680,7,Top,51,walk,AZ,TEX,677649,,
776481,2025-09-02,R,677649,7,Top,50,walk,AZ,TEX,,,
776481,2025-09-02,R,683227,7,Top,49,field_out,AZ,TEX,,,
776481,2025-09-02,R,673962,6,Top,42,field_out,AZ,TEX,,,
776481,2025-09-02,R,642133,6,Top,41,grounded_into_double_play,AZ,TEX,592626,,
776481,2025-09-02,R,592626,6,Top,40,single,AZ,TEX,,,
776481,2025-09-02,R,694671,5,Top,35,strikeout,AZ,TEX,,,
776481,2025-09-02,R,669701,5,Top,34,grounded_into_double_play,AZ,TEX,680737,,
776481,2025-09-02,R,680737,5,Top,33,single,AZ,TEX,,,
776481,2025-09-02,R,641680,4,Top,29,field_out,AZ,TEX,,,696030
776481,2025-09-02,R,696030,4,Top,28,single,AZ,TEX,683227,,
776481,2025-09-02,R,683227,4,Top,27,single,AZ,TEX,,,
776481,2025-09-02,R,673962,4,Top,26,field_out,AZ,TEX,,,
776481,2025-09-02,R,642133,4,Top,25,strikeout,AZ,TEX,,,
776481,2025-09-02,R,592626,3,Top,20,field_out,AZ,TEX,,,
776481,2025-09-02,R,694671,3,Top,19,sac_fly,AZ,TEX,,,680737
776481,2025-09-02,R,669701,3,Top,18,field_out,AZ,TEX,,,680737
776481,2025-09-02,R,680737,3,Top,17,triple,AZ,TEX,,,
776481,2025-09-02,R,641680,2,Top,12,grounded_into_double_play,AZ,TEX,696030,683227,
776481,2025-09-02,R,696030,2,Top,11,single,AZ,TEX,683227,,
776481,2025-09-02,R,683227,2,Top,10,walk,AZ,TEX,,,
776481,2025-09-02,R,673962,2,Top,9,strikeout,AZ,TEX,,,
776481,2025-09-02,R,642133,1,Top,4,field_out,AZ,TEX,,669701,
776481,2025-09-02,R,592626,1,Top,3,field_out,AZ,TEX,669701,,
776481,2025-09-02,R,694671,1,Top,2,field_out,AZ,TEX,669701,,
776481,2025-09-02,R,669701,1,Top,1,single,AZ,TEX,,,
776495,2025-09-01,R,669394,10,Top,75,field_out,AZ,TEX,696030,,
776495,2025-09-01,R,696030,10,Top,74,single,AZ,TEX,,677649,680737
776495,2025-09-01,R,664238,10,Top,73,field_out,AZ,TEX,677649,680737,
776495,2025-09-01,R,694671,10,Top,72,strikeout,AZ,TEX,677649,680737,
776495,2025-09-01,R,677649,10,Top,71,walk,AZ,TEX,,680737,
776495,2025-09-01,R,680737,9,Top,67,field_out,AZ,TEX,683227,543309,
776495,2025-09-01,R,683227,9,Top,66,single,AZ,TEX,543309,,669394
776495,2025-09-01,R,543309,9,Top,65,walk,AZ,TEX,,,669394
776495,2025-09-01,R,673962,9,Top,64,strikeout,AZ,TEX,,,669394
776495,2025-09-01,R,669394,9,Top,63,triple,AZ,TEX,666969,,
776495,2025-09-01,R,666969,9,Top,62,force_out,AZ,TEX,664238,,
776495,2025-09-01,R,664238,9,Top,61,single,AZ,TEX,,,
776495,2025-09-01,R,694671,8,Top,57,field_out,AZ,TEX,,,
776495,2025-09-01,R,677649,8,Top,56,field_out,AZ,TEX,,,
776495,2025-09-01,R,680737,8,Top,55,strikeout,AZ,TEX,,,
776495,2025-09-01,R,683227,7,Top,51,field_out,AZ,TEX,,,
776495,2025-09-01,R,543309,7,Top,50,field_out,AZ,TEX,,,
776495,2025-09-01,R,673962,7,Top,49,field_out,AZ,TEX,,,
776495,2025-09-01,R,642133,6,Top,42,field_out,AZ,TEX,,,
776495,2025-09-01,R,666969,6,Top,41,field_out,AZ,TEX,,,
776495,2025-09-01,R,592626,6,Top,40,strikeout,AZ,TEX,,,
776495,2025-09-01,R,694671,6,Top,39,home_run,AZ,TEX,,,
776495,2025-09-01,R,669701,5,Top,34,strikeout,AZ,TEX,683227,673962,
776495,2025-09-01,R,680737,5,Top,33,field_out,AZ,TEX,683227,673962,
776495,2025-09-01,R,683227,5,Top,32,walk,AZ,TEX,,673962,
776495,2025-09-01,R,543309,5,Top,31,strikeout,AZ,TEX,673962,,
776495,2025-09-01,R,673962,5,Top,30,single,AZ,TEX,,,
776495,2025-09-01,R,642133,4,Top,26,strikeout,AZ,TEX,,,
776495,2025-09-01,R,666969,4,Top,25,field_out,AZ,TEX,,,
776495,2025-09-01,R,592626,4,Top,24,field_out,AZ,TEX,,,
776495,2025-09-01,R,694671,3,Top,20,field_out,AZ,TEX,,,
776495,2025-09-01,R,669701,3,Top,19,strikeout,AZ,TEX,,,
776495,2025-09-01,R,680737,3,Top,18,field_out,AZ,TEX,,,
776495,2025-09-01,R,683227,3,Top,17,home_run,AZ,TEX,543309,,
776495,2025-09-01,R,543309,3,Top,16,single,AZ,TEX,,,
776495,2025-09-01,R,673962,2,Top,11,field_out,AZ,TEX,,,
776495,2025-09-01,R,642133,2,Top,10,field_out,AZ,TEX,,,
776495,2025-09-01,R,666969,2,Top,9,field_out,AZ,TEX,,,
776495,2025-09-01,R,592626,1,Top,3,strikeout,AZ,TEX,,,
776495,2025-09-01,R,694671,1,Top,2,strikeout,AZ,TEX,,,
776495,2025-09-01,R,669701,1,Top,1,field_out,AZ,TEX,,,
